distance_km,scheduled_hour,day_of_week,month,airline_rating,num_previous_delays,weather_severity_index,air_traffic_density,aircraft_age_years,wind_speed_kmh,precipitation_mm,temperature_c,visibility_km,runway_congestion_index,crew_rest_hours,departure_delay_minutes
1997.8,18,7,7,3.9,2,3.1,5.2,0.4,23.3,1.6,21.1,10.5,9.2,8.4,69.7
4763.4,7,2,10,5,1,6.1,6.7,23,12,0.9,29.5,9.4,9,10.3,139.3
3713.6,6,4,11,4.3,5,4.2,1.7,8.8,4.7,0.2,35.2,14.8,5,5,68.8
3073.6,15,5,1,3.2,1,9.4,6,2.5,39.3,3.7,19.5,13.7,6.9,9.5,119.5
948.9,18,6,1,2.9,6,9.6,8.7,19,3.4,2.3,10.4,6.2,3.2,12,101.8
948.8,5,3,7,4.3,1,5,7.3,7.4,10.6,2.2,28.4,4.1,3.1,8.5,45.5
478.8,19,4,11,4.7,0,5.4,6.6,4.5,53.3,0.4,24.9,5.1,5.5,8.7,62.5
4357.6,20,1,3,5,2,7.2,7.9,24.1,15.5,2.2,28.3,8.6,8.5,14,140.8
3085.4,10,2,3,2.6,5,4.6,1,23,28.4,0.5,26.4,10.9,6,10.4,93.3
3598.7,4,1,5,5,2,1.9,2,2.6,6.5,2.3,20.5,9.8,4.6,11.1,60.5
298.8,15,4,11,1.6,2,7.5,0.4,22.5,18.7,0.8,21.2,12.5,6.6,7.6,53.8
4855.6,6,6,6,2,3,7.4,1.4,22.3,11.4,0.3,26.4,9.9,8.1,9.8,125.9
4195.7,4,3,2,1.4,4,2.4,9.1,15.9,15.2,4.7,0.6,16.4,7.9,4.6,120.3
1219.2,10,3,3,2.1,2,8.3,2.2,13.2,7.4,0.2,34,12,3.7,9.2,62.7
1072.8,14,1,6,4.1,4,6.1,6.6,5.4,13.1,2.9,23.4,10.1,9.4,13.6,66.4
1080.3,2,5,3,4.4,4,2.4,6.9,3,40.9,0.2,7.8,4,0.2,5.9,42
1660.4,4,5,5,4.1,3,6.5,6.5,15.2,17.1,2.3,20.2,11.4,4.5,13.2,73.1
2718.8,22,6,9,3.5,7,2.3,5.5,20.5,30.7,0.2,33.8,12,9.1,8.5,83.3
2273.3,20,3,12,3.1,0,2.7,4.9,17.2,23.3,1.4,21.5,7.1,7,4.3,80.6
1597.9,4,1,3,3.8,4,8.5,4.2,4.5,35.6,0.4,9.2,5.4,7,15.4,80.4
3136.9,8,1,12,2.6,5,9.3,9.2,7.3,29.1,4,2.7,14.4,1.6,6.2,135.4
869.6,14,1,11,4.4,3,2.6,0.1,13.7,39.4,1,47.6,6.1,5.8,8,41.8
1602.3,2,4,6,3.7,0,9.3,0.5,15.6,13.1,0,-2.9,10.7,9.7,9.8,73.2
1958.5,5,6,11,3.8,5,2.4,4.9,1.8,15.3,2,22,10.1,2.1,15.4,54.5
2389.1,16,5,5,3.1,4,1.2,3.3,15.4,10,1.2,11,11.8,3.3,11,53.1
3968.8,20,5,5,4.5,1,0.6,4.1,18.4,4.4,3.9,30.5,6.2,3.9,14.9,77.6
1158.4,7,4,11,2,0,2.4,10,4.5,35.1,1.1,3.4,9.5,3.6,10.8,78.2
2668.3,20,2,6,2.5,3,3.9,7.8,6.2,6.3,1.1,37.3,6.1,6.3,6.5,92.6
3043.6,10,4,6,4.1,4,9.3,8.8,6.5,2.9,1.2,16.5,10.3,2.3,10.8,100.5
423,5,6,1,3,4,2.4,3.7,23.5,9.4,3.9,15.4,12,5.1,5.2,42.6
3116.2,7,1,11,4.6,1,3.7,2.4,10.2,23.8,1.8,14.2,13.6,4,5.4,67.1
1018.5,9,4,9,2.4,2,7.3,7.7,13.3,33.4,2.2,10.9,16,6.4,5.4,88.1
512.2,23,1,5,2.5,1,3,8.1,18.1,23.4,2.5,13.6,8.9,2.4,4.1,47.8
4754.7,2,6,1,4.6,1,6.8,5.5,9.3,21.6,5.5,26.6,8.9,5.5,5.8,120.1
4835,22,7,8,2.9,0,4.3,9,2.6,54.7,3.6,-2.7,15.1,7.4,8.2,133.5
4080.3,13,6,7,3.1,4,2,9.7,16.4,4.3,5.2,9,12.3,6.9,4.9,110
1662.1,22,3,7,2.3,3,7.3,4.7,16.7,15.1,0.8,35.9,14.9,8.3,4.1,91.6
668.8,13,1,5,2.1,1,0.3,2.2,6.5,8.6,0.5,16.9,17.8,9.6,5.3,24.7
3484.3,9,5,1,3.6,5,2.9,5.2,0.9,19.9,0.5,11.1,6.6,8.5,15.2,101.5
2312.7,11,4,9,1.5,5,3.6,9.9,16.6,9.3,3.9,2.7,13.2,9.4,10.3,92.2
785.8,5,7,11,4.5,3,4.6,2.9,17.6,1.2,3.6,4,7.6,0.2,9.2,33.1
2576.8,11,6,9,4.1,7,6.8,6.2,0.7,19.9,2.1,29.8,16.3,6.3,9.8,76.4
365.1,22,1,8,1.8,1,4.6,6.9,17.3,18.4,0.1,8.1,5.2,2.7,10.7,48.1
4564.7,13,7,5,3.8,3,5.9,2.1,23.5,8.5,0.8,27.7,13.7,8.1,5.3,105.5
1442.1,1,2,3,3.4,5,6,5.9,4.5,9.9,2.7,6.2,7.8,8.2,11,69.5
3380.1,8,3,8,1.7,2,3.7,3.1,13,5.5,0.6,16.5,12.2,0.5,14,76.1
1696.2,9,2,1,2.1,2,9.3,8.5,17.4,12.8,2,17.2,15.1,6,10.7,117.2
2696.3,16,6,3,2.6,2,9.6,7.1,5.8,78.9,1.6,9,7.4,8.5,14.6,129.6
2824.2,16,2,12,3.8,5,5.8,8.3,18.8,43.2,0.6,18.9,4.1,5.9,5.7,125.1
1087.3,2,2,11,3.6,2,0.7,2,21.7,10.3,5.4,-7.4,9,4.3,13.9,42.9
4854,18,3,7,3.1,1,4.9,0.3,20.4,14.9,0.6,16.9,8.5,0.8,12,103.1
3920.6,0,3,4,4.1,3,1.8,8.5,6.5,7.2,4.5,23.3,4.9,7.3,11.2,94.3
4709.6,11,3,7,4,3,4.8,3.9,20.1,29.2,1.6,8,2,0.7,11.1,117.3
4495.2,6,7,12,3.5,1,1.9,1.8,10.3,3.1,0.2,20.6,14.9,6,5.4,67.8
3069.9,3,3,11,4.1,5,7,0.9,6.7,5.3,3.6,19.8,16,9.2,11.7,72.6
4625,9,2,5,2.3,2,0.8,5.2,4.2,7.2,3.1,20.3,7.6,4.2,8.8,104.3
624.8,12,5,6,4.5,4,9.5,1.5,22.7,6.5,3.6,1.9,8.8,7.7,4.8,75.3
1140.7,1,5,7,3.5,5,2,5.7,10.7,4.1,2,19.1,13.2,8,6.5,53.5
417.1,9,3,10,4.3,4,6.6,7.3,21.6,8.1,2.5,-2.7,13.3,0.1,9.3,58.9
1761.6,20,7,12,3.2,5,9.2,5.4,4,14.8,4.8,10.4,17.1,9.1,15.9,97.8
2065.7,21,4,7,1.9,4,2.5,9,19.2,7.2,0.3,18,12.5,1.9,9.2,71.5
1502.5,3,1,7,3.2,4,9.3,1.6,2.8,4.3,0.2,20.5,5.9,2.8,5.8,68
4177.9,17,6,7,2.5,2,3.9,4.9,0.4,9.3,0.3,3.5,13.2,8.7,14.8,105.8
1912.4,4,7,11,3.8,6,9.6,1.6,24.9,15.1,4.1,14.6,7.2,6.9,4.4,85.4
1548.5,18,4,7,2.9,0,9.7,8.8,1.8,4,1.7,27.5,9.7,3.7,5.5,100.4
2804.9,1,6,3,4.3,1,1.9,9.3,11.5,18.5,0.4,6.2,14.5,0.9,9.7,65.7
876.4,11,4,12,3.7,0,8.3,4,22,2.7,0.3,-7.8,6.4,3.9,5.1,65.7
4050.5,16,4,3,3.7,2,1.9,3.1,20.5,9.3,1.2,24.4,9.7,9.7,10.9,94.7
557.8,9,5,7,1.9,1,2.3,2.8,11.8,8.6,3.4,6.7,5.1,1,5.9,32.6
4937.1,1,1,2,4.9,2,0.8,8.6,15.3,1.4,3.3,10.3,6,8.5,11.8,110
3906.8,5,4,2,4.4,8,1.6,6.8,15.7,46.3,3.8,19.6,7.8,3.3,5.4,111.9
1153.8,7,3,3,4.2,5,6.3,8.8,2.7,13.1,2.9,18.9,16.5,6.5,13.7,71.4
226.5,18,6,4,2.3,2,4.5,1.2,7.1,7.7,0.1,30.3,10.1,6.3,12.8,27.1
4114.2,10,7,6,3.1,1,7.9,4.8,7.5,0.8,2.5,15.1,20,3.3,15.1,90.6
3592.9,11,5,8,1.5,2,3.3,6.8,9.5,20.5,1.5,18.8,13.8,0.5,4.8,96.1
3699.2,8,6,10,3.2,5,9.7,9,6.8,8.8,2.6,-2.3,13.9,1.5,10.7,124.6
3902.1,1,3,10,1.6,5,0.5,3.8,6.3,20.4,1.3,25.5,5.6,5.7,12.5,88.2
555.4,7,3,7,3.2,2,0.6,3.1,8.9,7,1.3,9.7,9.4,9.5,14.8,38
1920.6,10,4,4,3.6,4,7,9.1,9.5,21.2,0.3,56.8,5.4,9.3,9.8,102.8
756.2,20,3,2,2.6,1,8.9,0.5,12.2,3.7,4.7,15.4,8.8,1.1,15.4,59.6
4342.9,3,1,2,3,1,8,4.8,4.3,34.4,0.9,23.1,8.2,8.8,5.5,133.8
3191.8,9,3,4,4.5,1,4.9,4.6,19.7,11.5,1.7,25.7,9.8,2.3,9.2,84.7
1788.3,20,4,6,1.4,5,2.7,1.5,21.5,15.1,0.5,16.9,13.3,9.1,7,78.6
505.1,19,6,3,4.2,2,0.1,3.9,6.2,22.2,0.9,23.2,9,7.6,5.9,30.5
1692.7,15,3,6,1.7,4,5.1,7.2,3.1,13.2,4.1,45.1,13.4,9.6,7.4,92
1760.9,7,5,5,1.1,4,4.8,3.7,18.1,20.7,0.5,9,4.1,4.4,12,77.1
3702.1,3,7,5,1.7,5,3.4,3.1,23.1,3.6,0.5,-8.9,11.8,7.3,9.8,87
3260.3,9,5,2,4.1,4,5.8,7.8,0.9,13.1,0.6,2.4,8.3,7.4,6.2,118.8
4458.6,11,5,8,2.6,3,7.3,9.9,0.4,29.1,1.7,30,11,5,4.4,151.2
2466.6,13,6,5,4.5,3,7,7.8,4.6,12.3,1.5,12.3,13.5,9.7,15.1,77.4
774.1,15,2,11,3.1,3,2.6,8.5,17.1,33,0.4,46,4.2,2.4,7.8,61.9
3623.6,21,7,2,1.1,5,5.9,9.4,24.1,12.3,2.4,26.7,15.9,9.9,5.5,134.9
3851.8,17,5,7,3.9,4,1.5,8,18.8,13.8,4.8,10.2,9.2,8.1,5.8,106.3
2894.1,20,5,9,1.4,3,1.2,9.8,14.3,4.9,0.4,8.7,17.4,6.2,7,90.6
3900.6,21,2,9,4.2,2,7.9,7.5,17.5,4.1,2.2,12.6,10.3,0.8,6.8,99.6
2570.2,20,6,1,1.7,4,6.9,6.6,5.8,14.5,1.8,-6.8,15.3,2.6,7.4,96.2
2709.1,11,7,7,2.4,5,7.7,6.9,17.2,11.7,0.8,21.3,10.2,8.4,6.7,107.5
2252.2,17,5,9,4,1,1.5,9,8,0.7,1.9,26.3,11.1,7.3,9.2,64.8
322,6,4,6,4.8,5,9.1,6.8,5.6,26.5,0.5,6.4,10.5,9.6,13.2,73.8
717.9,19,6,1,2.5,5,1.3,7.6,5.9,3.7,3.6,-0.6,9.1,4,4.3,50.4
350.9,23,7,2,4.3,2,8.7,2.2,16.7,13.2,0,7.1,9,8.9,6.3,53.6
3254.8,22,5,4,1.8,2,3.5,9.1,19.2,13.8,1.7,30,10.9,8.6,12.5,109.3
1708.9,6,5,4,4.2,2,1.1,4.5,14.5,24.9,0.8,27.6,12.2,9.7,5.8,49.8
2641.1,8,2,2,3.6,2,2.9,1.6,1.6,36.3,4.3,20.6,10.9,2.7,12.9,76.9
4556.3,0,7,8,1.8,4,1.8,8,1,36.1,1.4,37.7,12.1,4.9,10.2,111.4
1396.6,5,4,2,2.2,3,4.9,3.6,5.4,13,3.2,-2.3,3.9,0.8,14.6,60.6
2169.8,5,6,3,1.5,1,9.5,1.8,7.2,28.7,5.1,15.5,13.6,5.9,4.1,83.8
3826.6,21,3,4,2.5,5,3.3,2.6,10.1,16.7,0.8,24.7,7,7.3,13.4,94.3
1298.2,11,1,9,1.8,2,6.1,0.3,1.9,13.1,4.2,27.5,3.4,2.4,10.9,43.9
569.5,21,4,10,3.6,3,8.9,0.9,18.1,8.6,2.6,27.6,17.4,1.7,9.6,38.2
1590.8,11,3,1,5,0,6.3,5.9,17.8,6.4,0.2,26.7,15.6,6.4,5.7,77.7
973.9,9,4,8,1,1,3.6,8.7,8.7,24.2,0.2,33.8,10,3.9,6.8,75.3
4662.5,22,7,12,3.2,3,9.9,4.5,14.1,5.8,3.4,27.1,14.3,4.3,13.4,125.9
4079,5,3,5,3.3,2,1.9,6.3,2.5,14.1,1.3,4.1,8.7,4.7,5.8,92
3240.3,16,7,7,4.7,2,5.2,8.1,10.4,25.9,1.4,12.5,8.1,5.1,10.3,89.5
4383,18,3,8,3,3,8,3.6,21.4,6.2,4.4,-2.3,7.6,2,6.5,122.5
4057.6,17,4,5,3.2,2,0,6.5,16.5,13.8,4.7,30,7.4,5.8,9.9,94.6
1095.5,5,2,8,2.9,3,7,3.5,2.6,10,0.2,32.3,9,0.7,7.1,46.3
4484.3,23,4,10,2.1,5,2.7,6.4,21.2,12,0.9,3.4,7.1,1.1,8.2,102.6
2788.8,18,7,11,1.2,3,1.7,2.2,17,15.5,4.5,13.4,0.1,7.1,13.6,79.8
4075.7,9,4,8,2.6,5,2.7,9.8,11.3,10.4,3.4,-3.1,9.3,7.3,4.4,122.6
4501.2,23,3,9,1.2,4,9.7,0.8,17.3,29.4,2.6,16.5,6.1,2.7,15.1,124.2
1726.4,7,1,2,3.2,4,8.9,5.1,4.3,2.8,0.2,8.1,11.2,1.8,7.8,83
728.2,20,3,3,2.2,4,2.1,2.9,13.8,22,1.9,4,9,0.5,11.2,25.5
1294.1,23,5,1,3.1,2,1.2,6,15.4,10.9,1.7,17.7,12.5,4.2,6.7,45.1
2250.1,5,4,4,1.5,2,3.6,4.3,23.2,3.6,0.4,40.6,10.1,5.1,8.3,62.2
4126.5,20,6,5,4.7,5,5.9,3.1,1.7,10.5,3,27.5,4.9,9,9.5,111
4331.5,6,4,11,4.6,5,8.7,2.5,9.4,48.1,0.7,15,4.9,0,12.3,108.7
233.4,23,2,1,1.8,1,9.7,1.8,23.4,7,1.9,17.4,5,4.1,14.5,55.2
2651.6,0,7,8,2.4,3,7.5,7.8,5.4,6.8,0.9,40.5,6.5,4.2,14.4,96.9
2203.6,17,6,2,3.5,8,6,2.2,20.3,15.1,0.2,33.1,7.2,8.9,8,88.7
1266.1,23,3,1,1.4,3,1.4,7.7,0,21.6,1.5,14.3,13.7,2,5.1,58
775.4,19,2,2,2.4,6,0.7,4.9,0.6,25.8,0.7,24,10.7,0.7,15.1,42
1820.6,11,4,5,2,1,6,0.7,8.2,27.9,0.1,6,2.6,3.8,4.4,61.9
4726,15,3,9,4.7,3,5.4,1.7,19.2,10.1,0.4,18.3,6.5,6.1,14.6,92.8
1751.4,9,3,9,4.4,2,8.5,8.9,2.6,17.3,1.9,27.2,9.9,8.6,4.3,100.2
2690.2,9,5,2,3.3,1,3.2,6,9.6,2,0.2,30.2,6,2.7,15.7,80.5
3574.5,13,5,2,3.1,2,0.4,1.8,3.3,11,0.2,10.3,10.3,2.5,4.1,61
1945.4,19,1,3,4.7,3,4.2,7,5.6,22.4,5.8,30,6.6,3.3,4.2,76.4
4864.6,9,5,7,4.7,4,9.7,8.2,12.6,3.1,0.2,19.8,9.5,1.2,10.1,150
4819.7,9,7,11,4.9,2,8,3.3,8,18.8,0.9,14.5,7.7,9.8,12,127.2
1408.6,10,6,3,1.5,2,0.3,5.6,5.3,5.4,0.3,40.9,10.4,5.4,8.2,41.6
2586.8,22,3,1,1.6,3,8.7,2.9,9.8,3,5.6,13.7,15.8,2.7,11.3,85.7
1644.2,1,5,6,3.7,5,4.7,0.8,17.5,6.9,1.3,4.7,13.6,3.6,14.2,52.4
1567.2,19,1,3,3.2,3,3.6,4,3,17.5,0.2,9.9,5.7,8.7,13.5,74.8
377.1,7,4,1,1.1,3,3.5,7.5,12,20.9,2.9,26.7,20,6.7,14.6,63.4
3125.9,22,6,4,1.2,2,6,4.6,6.9,6,3,6.2,14.7,5.5,5.9,94.8
2612.9,6,5,1,4.6,1,5.3,4.1,9.5,64.7,4.6,28,7.3,7.2,6.7,111
447.1,7,3,1,4.5,3,6.6,3.7,20.5,18.4,2.4,7.8,6.5,7.6,11.1,56.5
1537.5,0,4,12,2.4,4,5.7,4.6,23.2,8.6,0.1,17.1,11.4,1.9,12.7,72.3
4559.7,20,7,2,4.6,2,1.4,3.2,6.1,9.4,1.6,44.5,12.8,1.6,5.3,83.1
1349.9,1,3,10,3.4,1,2.6,6.1,15.7,35.4,1,7.4,17.1,9.7,6.1,72.4
895.5,17,4,8,4.2,5,8.4,0.6,16.9,24.9,2.8,-6.2,12,1.9,15.1,53.4
2549.4,14,7,2,2.7,2,6.6,8.1,21.1,11.2,1.8,34.4,7.3,4.6,4.3,104.6
4931.1,0,7,11,1.5,2,4.5,1.7,22.5,12,2.6,1.2,8,9.8,8.8,104.5
1361.9,4,6,2,2.7,5,1.8,6.3,11.7,1.3,0.4,8.3,12.5,4.2,6.5,57.3
3426.3,1,3,11,2.8,1,0.1,4.5,24.6,35.7,1.1,26.7,4.6,5.1,13.3,81.9
3855.8,19,5,11,3.2,3,3.1,7.7,24.3,5.6,1.1,26.3,16,8,14.4,113.7
1340.7,2,5,10,1.4,6,0.5,8.3,12.7,8.7,7.9,-10.5,7.8,3.4,7,56.7
3695.4,18,1,10,5,4,4.8,2,13.6,9.3,0,13.9,13.8,4.3,11.1,85.8
1965.4,17,4,8,2,6,8.2,6.8,16.7,46.1,3.4,28.2,14.8,3.3,14.1,120
3235.1,21,1,12,1.8,0,2.9,1.9,9.3,13.6,0.2,42.3,20,2.9,11.2,69
3240.9,17,2,6,3.1,3,8.5,1.2,16.6,26.5,0.2,3.1,8.8,4.7,11.2,104.3
2771.7,13,5,12,3.1,5,7,9.3,12.9,1.3,0.8,30.8,8.9,7.5,9,115.4
633.4,23,4,11,2.8,3,1.3,1.6,0.9,8.6,2.4,10.1,8.7,8.7,11.8,20.8
4209.5,7,6,4,4.1,4,6.4,2.3,21.3,19.4,2.3,30.5,10.7,4.7,15.5,103.2
1739.7,11,1,3,3.1,1,1.5,1.3,23.5,12.8,2,5.5,7.4,3.2,7.6,50.2
1095.3,20,6,1,3.4,7,6.5,4.7,0.7,57.8,3,15.2,14.8,9.1,6.4,83.4
395.7,9,6,11,3.9,2,1.4,9.2,19.7,23,0.5,22.6,14,3.4,15.5,48.3
3036.3,22,6,3,1.1,4,3.9,2.6,9.6,20,2,29.5,9,7.8,4.7,83.5
3452.3,19,1,12,3.3,4,5.7,5.4,14.6,6,2,24.8,7.2,7.5,14.1,124.9
279.6,16,2,9,4.5,1,0.5,4.1,12.5,24.8,2.1,12.8,8.3,0.5,14.9,17.5
2658,10,7,5,1.1,3,1.5,3.4,13.8,36.6,1.8,12,8.1,1.8,6.6,65.5
1287.2,1,7,6,2.6,3,3.2,5.7,12.4,12.1,0.5,39.3,12,5.7,9.1,57.5
3296.8,3,1,5,4.7,6,4.6,5.6,21.3,15,4.9,21.3,10.8,8.7,5.5,109.8
1037,0,7,1,2.4,4,8.6,3.6,17.1,45.5,7.5,12.3,13.3,5.9,8.4,93.1
3516.5,14,3,10,2.8,3,1.9,8.5,10.3,27.3,2.3,24.5,15.9,7.4,9.5,93.7
2056.3,12,7,1,4.9,3,3.5,0.5,17.2,8.2,1.2,25.5,11.2,7.3,10.1,62
4696.3,7,5,4,1.8,3,4.8,0.9,24.1,44.6,1.5,1.8,12.4,4.9,5.5,118.2
860.1,3,1,3,1.3,3,3,9.9,2,20.8,0.2,23.8,19.8,5.6,8.8,65.2
1837.1,9,7,11,4.4,4,6.3,7.5,9.7,16.6,0.9,-0.1,12.3,0.7,11.5,60
744.7,18,1,8,4.5,3,2.6,8,21.8,31.1,7.5,10.3,8,9.3,10,75.6
4638.5,17,2,12,2.9,1,7.7,6,18.5,22,1.6,6.2,9.7,6.7,14.1,138.8
4411.2,4,3,12,3.1,4,5.1,4.2,23.4,9.8,1.6,16.4,3.3,1.5,15.4,100.2
1438.1,18,1,7,4.3,5,0.9,6.3,1,22.1,6.2,12.8,12.2,2.4,13.8,61.2
3367.9,22,5,11,4,5,6.3,0.9,21.6,7.8,4.3,15.6,7.8,0,4.6,67.3
4122.7,21,7,7,2.1,3,5.7,7.6,19.8,31.1,1.7,-4.7,6.4,2.6,6.6,127.2
2865,15,5,8,1.1,3,3.4,5.4,20.4,13.1,0.6,17.1,6.5,3.2,5.1,75.2
2742.3,0,7,10,2.9,5,0.1,9.6,14.9,3.9,0.2,4.8,14.6,6.8,9.2,75
1360.9,11,1,7,4.4,3,2,6.4,1.3,10.9,4,45.4,9,4.8,12.7,41.5
646.9,23,6,10,4.6,2,4.1,1.5,13.5,26.9,5.1,13.2,13.1,8.4,4.4,30.8
4506.6,1,7,2,4.8,3,2,4.8,10.2,10.7,1.4,14.9,11.5,0.9,7.2,82.9
4522,20,6,4,4.5,1,5.8,0.6,13.2,16,0.2,26.3,10.8,7.1,5.1,104.6
3238.9,7,3,11,3.3,4,7.1,7.5,18.5,1,1.9,33.9,8.5,8.7,8.9,112.3
1827.3,17,5,6,2.8,5,8.6,5,14.9,10,0.9,3.9,12,4.2,15.1,89.5
1876.2,15,6,3,4.1,3,6.5,3.7,7.3,2.8,0.3,24.9,8.3,2.9,9,60
3684.6,4,5,3,4,3,6.9,9.7,15,10.7,5,29.6,10.6,4.5,11.6,125.3
4506.1,21,7,6,3.2,1,6.1,9.4,2.1,24.7,0.5,20.2,14.4,7.9,8.6,123.9
4458,12,7,1,1.3,2,9.9,9.5,0.1,12.3,2.5,20,15.3,9.2,12.8,157.5
3943.4,18,3,1,4.7,2,2.6,2.2,10,9.1,1.1,11.9,8.3,0.7,12.9,86.7
3281.8,2,7,5,2.8,6,2.7,7.3,18.9,2.3,3.5,14.1,11.5,5.3,5.7,87.2
603.9,7,3,1,2.5,5,1.3,9.5,20.6,5.9,2.4,16.7,12.3,6.4,11.8,70.6
975.8,11,6,10,3.5,4,4.9,5.7,13.7,5.4,0.3,12.9,10.9,0.2,8.6,47.4
4513.1,1,7,8,3.7,6,1,2.1,21.7,19.6,1.2,28.7,13.1,1.8,14.3,79.6
3110.9,10,1,2,1.8,4,2.7,8.2,3.1,11.8,0.6,7.5,13.1,0.6,5.9,89.9
244.1,11,4,6,4.3,1,4.8,8.8,24.1,22.5,2.5,28.3,17.4,2.9,14.8,48.9
687.1,17,2,10,2.2,6,9.6,7,23,24.3,1.6,33.9,18.6,2.1,10.1,91.1
3384.8,12,4,10,1.7,2,9.6,2.9,15,13.5,0.8,22.4,9.3,4.9,7.1,116.7
224.3,4,4,5,2.6,2,7.4,1.9,1.5,11.5,0.8,-3.5,16.6,6.6,8,34.9
971.9,21,5,10,3.9,3,3.9,6.2,11.4,19.9,0.2,25.3,11.8,8.4,4.1,60.1
2833.9,11,3,12,4.9,5,8.7,4.8,4.5,8.8,0.5,10.3,9.3,3,15.4,90.8
3521.1,1,5,12,4.2,3,8.8,6.7,15.7,2.6,2.5,11.7,12.4,0.5,6.7,112.1
3329.4,4,6,4,4.8,3,9.1,1.1,4.7,22.9,1.9,22.3,9.1,0,14.9,74.8
1276.5,6,2,1,1.6,1,6.4,1.4,12,11.6,0.9,31.3,9.8,8.4,14.2,61.3
3618.5,23,6,3,1.3,2,2,3.6,5.1,21.8,3.6,-1.9,5.6,8.8,8.2,91
1338.8,11,1,12,3.2,3,0.9,2.6,4.5,7,1.3,18.7,10.3,1,6.5,37.2
1761.9,15,2,4,2.2,1,9.1,6.2,6.2,7.4,3.2,41.9,13.7,0.1,9.1,73.2
3783.2,22,5,2,4.3,1,0.6,3.7,0.7,26.6,3,4.8,12.9,8,15.2,66.2
3318.2,7,7,12,3.7,4,3,6.8,17.9,3.9,3.8,15.6,11.5,6.4,14.3,91.7
4276.3,8,7,2,4.9,2,4.9,7.7,7.7,5.3,3.8,10.6,16.9,5.6,9.9,121.1
3356.5,14,5,2,2,4,0.2,1.9,17.5,4.7,2.3,26.4,18.5,5.3,10.5,80.1
2927.9,4,6,11,2.9,4,9.1,9.2,16.3,20.3,2.8,3,12,7.7,8.9,118.8
649.6,12,5,1,3,1,2.9,7.9,1.7,21.2,3,-0.8,16.4,2.9,15.3,57.6
1965,4,5,10,2,3,0.3,6.3,7.8,6.8,0.4,28,11.4,3.9,15.9,46.3
1473,10,4,2,3.4,3,9.9,9.1,14.2,18.8,0.7,20.9,10.4,0.8,7.5,87.6
1371.2,9,1,6,2.8,1,3.1,2.7,23,4.2,0.2,3.8,13.8,5.7,15.4,48.2
4870.5,19,7,3,2.8,3,8.8,4.2,10,31.4,0.4,17.2,9.7,9.6,15.4,146.1
2086.9,12,4,10,2.5,2,4.5,0.9,12.6,8.8,3,2.6,0.6,2.8,9.7,55.3
4481.8,8,5,5,1.1,5,6.6,4.6,18.8,12.5,5.9,29.1,9,9.3,9,144.6
3229.5,20,3,1,3.1,5,2.4,5.1,20.1,9.3,2.2,21.3,4,7.3,14.4,102.1
4015.1,13,4,8,2.3,6,5,6.2,23.1,16.8,4.3,9.4,8.4,2.3,15.3,108.6
2612.7,17,5,4,1,3,2.6,0.6,12.4,13.1,0.8,11,7.8,6.6,8.8,80.4
2969.1,14,7,9,2.2,2,9.5,0.3,4.8,22.9,3.7,12.5,7.8,3.7,9.9,93.8
2564.1,9,5,4,2.1,1,0.6,4.2,19.1,11,0.8,5.1,5.8,1.2,8,65.4
1137.2,23,1,2,2.6,2,2.7,1.9,3.1,9.8,4.5,34.1,5.2,0.9,6.5,45.6
3667.8,6,6,3,1.5,1,8.9,7.6,10.5,3.3,3.2,32,7.4,0.2,16,99
1547.7,7,2,5,3,3,4.8,6.7,15.7,24.1,8.2,13.2,8.5,8,6.3,101
316.7,2,4,12,3.8,4,6,3.3,17.3,7.5,3.5,14.2,8.8,8.8,13.8,51.9
3298.3,14,4,10,3.5,4,6.5,0.5,18.3,5.6,1,4.5,11,4.8,9,74.3
1050.1,15,4,6,4.2,1,0.7,1.8,4.8,1.8,0.2,16.1,12.8,5.2,5,25.3
4714.2,3,5,7,2.8,1,0.2,6.9,24.5,31.7,4.1,23.9,6,6.9,7.9,109.2
4778.9,20,1,4,3.1,5,9.4,9.9,4.5,27.1,1.7,32.2,6.5,7,5,161.4
4591.3,5,5,7,4.2,3,2.7,3.3,2.4,6,3.9,7.2,16.7,3.2,15.8,80.5
1976.8,0,5,10,2.7,0,3.8,8,16.6,37.4,1,-2.2,13,1.6,7.2,66.7
274.2,3,6,3,3.8,8,6.8,8.7,22.7,48,0.1,5.9,6.9,4.3,13,71.7
4655.9,10,3,7,2.7,2,2.4,0.5,14,10.7,0.1,24.7,5,7,9.1,98.3
2255.3,11,1,4,2.7,5,7.3,9.2,14.9,35.9,2.2,17.5,8,8,12.2,120.7
4839.9,4,4,8,4,3,4.6,4.7,13.5,3.5,0.2,29.9,9,0.9,7.1,98.4
4825.4,22,2,9,1.7,2,8.6,9.6,1.1,23.6,2.7,18.5,12.7,5.9,5.1,144.6
4294.4,20,4,7,2.4,7,2.8,5.4,17,12.9,1.1,37.4,0.8,0.5,13.7,109.6
1613.4,15,5,8,1.9,0,2,2.4,9,14.5,1.7,-1,6.1,8.2,12.6,40.4
2048.5,12,1,8,2.4,3,8.3,9.7,23.4,21.9,3.2,-11.9,17.2,6.7,5.3,117
4285.5,12,7,2,1.9,4,3.3,2.4,4.7,12.7,0.6,34.2,10.1,7,12.8,97.2
1721.2,16,1,9,3.3,4,4.1,8.8,7.6,13.9,1.1,8.5,10.2,7.6,11.2,69.3
1013.6,6,1,6,4.2,4,7.9,1.7,12.6,9,2.6,19.7,7.7,5,6.1,64.4
2872.6,7,3,11,4.1,8,6.4,6.7,11.9,22.4,5,19.6,13.2,3,13.9,105.3
4693.5,12,4,4,2.5,4,4.4,4.1,10,20.7,0.7,21.9,2.8,7.9,12.4,113.8
3540.9,22,3,5,5,2,2.5,9.7,7.9,13.6,1.9,12.3,8.3,7.8,10.1,105.2
2936.3,15,7,10,3.4,1,7.6,1.8,3.7,41.8,6,6.6,1.7,1.3,6.1,85.1
666.4,3,7,5,2.6,2,1.8,4.1,20.5,6,2.1,5.6,9.9,9,10.5,43.3
3152,7,6,7,4.3,0,9.3,6.4,11.2,8.9,4.5,25.2,8.2,2.2,6,109.9
4952.3,15,2,9,3.9,4,1.5,9.8,14.3,9.1,5.6,27.3,3.5,3.1,6.2,108.8
872.4,20,6,7,4,3,8,3,13.7,6.8,5.3,15,14,2.2,6.9,56.3
2688,9,5,9,1.8,1,4.2,4,14.4,9.7,2.8,10.8,12.8,9.7,11.9,88.6
4411.4,11,3,4,2.9,3,1.9,4.6,17.6,8.2,1.6,24.8,14.1,3,12.2,77
3755.7,11,3,10,4.4,6,4,2.5,15.7,2.6,0.2,0.2,4,9.7,4.9,80.8
3545.7,4,6,10,3,4,2.2,8.2,6.8,7.7,0.5,41.4,6,6.4,11.8,74.2
3571.9,15,5,4,3.7,1,1.4,0.9,13.8,31.4,0.6,23.4,14.8,1.8,4.4,63.8
1925.6,0,1,6,3.4,1,2.4,7,6.1,9.9,0.1,16.1,13.2,5.5,14.9,48.5
1609.2,8,5,8,4.4,3,8.7,5.3,14.7,40.4,0.2,28,15.6,8.8,13.3,90.3
4084.9,11,4,9,2.1,3,1.1,2.4,10.8,9.2,0.7,25.6,9,5.6,12.7,78.2
4088.5,4,6,1,3.3,7,9.7,4.9,1,16.7,0.2,20.8,9.6,1.3,6.9,118.7
4361.9,21,5,1,1.5,5,0,8.3,18.3,21.4,0.4,-4.7,12.5,2.9,15.9,100.6
4583.6,19,1,8,3.8,7,6.6,4.5,6.9,7.4,0.1,22.9,4.6,2.2,15.1,111.2
2654.4,21,5,11,3.9,3,8.6,1.2,23,18.5,1.1,35.5,10.8,1.3,9.9,88.4
2607.3,23,3,7,1.2,2,9.3,0.4,7,15.2,3.4,11.3,20,3.3,4.4,79
4031.8,2,2,9,3.7,4,1.4,7.8,24.9,5.6,3.3,29.5,8.6,6.6,10.1,103.3
3319.8,4,3,11,2.7,2,7,3.3,11.6,13.7,4.7,28.2,3.6,3.8,5.8,89.6
3569.4,1,7,3,1.5,6,1.1,9.3,0.7,34.1,2.7,21.5,11.6,4.4,11.1,104.1
4019.8,13,2,10,2.7,3,3.5,6.2,1.9,10.3,0.6,20,6.4,3.2,15.8,87.7
4472,1,7,12,1.8,1,7.3,4.4,2.1,40.9,2.4,24.7,9.6,9.9,13.1,150.4
1822.4,12,5,5,2.7,2,3.5,5.6,1.4,9.5,2.8,23,14.4,5.9,7.9,52.5
2002.8,6,4,3,2.5,6,3.1,4.6,6.7,17.9,1.6,40.7,12.2,8.3,8.7,65.1
651.1,9,5,5,4,4,1.2,9.1,8.1,10.3,3.3,29.6,8,4.4,15.3,47.3
2975.7,12,1,10,4.1,3,0.7,4.6,2.8,15.4,0.1,26.5,13.4,1.7,5.3,53.7
372.5,15,5,1,3.4,4,1.2,1,11,11.5,1.8,30.7,3.3,8.5,14.7,26.8
2434.9,13,2,11,1.1,3,8.8,6,9.1,39.8,1.3,26.5,10.8,7.6,4.9,123
2804.7,10,3,4,4.7,4,0.1,6.2,15.9,21.4,3.3,-7,8.5,3.3,9,73.6
1575.4,9,4,6,3.7,2,6.9,7.7,4.9,30.5,0.3,16.6,0.6,6.1,12.9,90.5
3036,5,7,2,1.1,7,7.7,9.3,22.8,26.8,0.5,10.6,5.2,0.9,8.7,131.4
346.4,3,5,7,4.3,3,5.7,4.4,12.9,2.1,1.6,21.9,9.9,0.3,10.9,39.9
379.3,20,5,8,1.8,4,7.3,3.5,15.6,17.1,5.9,11.3,13,8.2,9.9,72.7
4148.5,0,3,1,3.3,6,6.5,4.9,1,25.5,0.2,25.1,10.1,9.4,11.3,119.4
1928.9,6,4,4,2.9,4,4.6,9,14,7.4,2.7,12.9,8.8,3.4,6.1,86.3
809.9,23,6,11,2.7,2,3.8,9.8,9.2,12.4,0.5,38.4,13.2,6,10.9,62
2706.8,8,7,4,4.6,6,9.4,9.7,23.1,4.3,0.2,37.8,11.1,7.2,15.8,110.7
3896,7,5,5,2.7,2,9.7,2.3,22.1,41.7,1,0.6,14,7.5,6.3,139.3
1235.9,4,5,12,1.3,3,6.5,5,15.9,19.4,1.7,21.9,12.3,4.8,4.8,72.9
3189.9,18,6,12,4.8,2,2,2.6,19.2,15.1,3.5,12.5,7.2,6.1,8.7,85
609.7,9,7,4,4.7,4,4.5,3.7,16.1,6.6,2,21,12.7,6.6,8.5,41.2
448.1,10,2,9,3.7,6,5,0.3,0.4,5.5,1.4,25,13.8,1,5.5,23.5
2750.5,14,2,7,2.9,2,7.6,1.6,17.6,6.1,0.7,2.7,15.6,6.5,10.9,78.6
2795,5,1,2,1.4,2,6.7,4,4.4,4.5,0.7,6.3,7.9,5.1,9.3,104
3259.7,14,3,1,4.2,6,5.1,3.6,17.1,10.9,2.9,7.8,8.5,3.8,14,80.8
3685.2,4,4,9,1.3,2,6.8,2.8,0.3,24.9,0.2,11.4,13.5,2.6,9.1,89.7
4884.1,18,5,1,1.3,1,0.2,2.3,7.8,17.8,0.3,11.7,13.4,6.4,15.8,101.1
2678.2,21,7,6,3.1,6,7.8,7.5,12.9,12.7,2.5,27.6,8,1.7,13.4,97
1750.2,18,5,2,1.6,4,2.1,2.9,8.3,13.8,6.5,20.7,7.3,8.1,9.8,76.9
4016.9,9,1,4,1,4,6.6,7.1,17.3,7.5,0.3,7.5,8.3,1.7,10.6,108.2
1500,11,7,6,2.7,2,1.1,3.7,13.1,4.4,1.9,14.2,10.3,7.7,14.4,45.9
2307.1,21,7,5,1.5,1,1.1,8,24,19.5,0.5,-10.4,6.4,8.2,13.3,83
576.6,3,5,11,1.6,4,0.4,1.7,8.9,14.1,0.1,42.2,11.7,9.4,11.9,35.2
321.7,17,3,6,1.3,5,9.1,1.6,18,3.5,3.6,18.2,3.1,4.6,7.2,64.5
4820.7,15,1,3,1.8,5,6,6.8,20.9,41.2,1.4,29.9,6.7,0.6,8.9,135.1
4212.7,7,3,5,3.9,2,3.6,9.1,6.3,1.1,0,27.5,10.7,6.8,13.4,100.3
3540.7,3,1,2,4.2,2,7.9,1.4,18.9,34.6,4.5,17.6,6.3,2.8,11.5,110.2
2163,22,5,7,2.8,3,6.3,0.7,9.8,3.2,1.5,-10.6,8.3,0.9,15.5,56.6
1031.8,11,1,3,3,7,6.2,9.3,3.2,8.1,2.7,11.3,9.5,8.6,14.5,76.3
950.9,1,2,1,1.1,3,4.9,1.2,0.1,34.5,1.1,22.2,18.5,1.4,9.1,50.3
1401.2,3,7,8,1.3,5,0.1,2.5,18.6,14.1,0.4,18.7,4.8,5.1,7.5,50.6
2836.3,4,4,8,2,4,2.6,9.3,4.7,10.2,1.3,30.5,10.9,7.9,5.5,97.4
3630.1,2,5,3,3.2,2,1.1,8,1.3,11.4,0.7,18,5.9,2,8.9,77
3368.9,8,6,7,4,0,6.6,3.4,12.4,6,0.7,40.1,5.8,9,6.7,109.7
1543.7,20,4,9,3.4,4,2.5,9.5,8.7,8.8,2.1,5.3,6.5,3.3,4.2,79.3
4783.4,17,5,8,2.6,0,4.5,5.7,17.3,14.5,0.2,24.2,9.4,4,5.7,121.4
3741.9,10,4,3,1.5,1,3.5,0.7,2.7,8.5,1,5.7,15.7,1.3,9.4,66.2
2860.9,2,2,2,4.1,1,1.4,7,3.3,8.5,1.6,29,14.7,6.4,14.7,67.2
3136.3,22,4,10,2.5,6,9.6,5.4,10.1,22.8,2.5,9,8.2,5,7.9,117.8
2214.1,1,1,7,3.9,2,9.3,5.7,13,13.4,2,-3.1,8.9,9.7,9.3,97.4
1389.1,8,4,7,3.1,7,0.8,9.9,20.6,31.7,4.3,0.2,12.4,7,8.6,91.4
1908.7,13,5,9,4,4,8.3,1.5,14.6,12.1,9.8,12.3,10.2,7.6,8.4,75.1
3837.7,3,6,5,4.6,6,4.9,6.6,22.6,3.4,5.5,36.7,7.5,2,12.7,98.9
269.1,8,6,4,4.7,5,7.7,4.6,5.4,10.3,2.9,26.9,12.6,7.1,10.1,44.8
757.1,12,3,8,3.1,1,1.5,2.7,14.9,10,2.3,23.4,16.5,5.6,8.9,31.1
420.8,17,7,4,3,4,1.3,6.9,16.4,42.3,0.1,17.2,14.2,4,15.3,52.7
395.5,14,4,4,2.1,3,8.9,6.7,18.1,37.8,1.5,4.5,15.4,7.8,7.3,91.7
4306.2,9,6,12,4.7,5,9,8.6,24.7,9.6,2.2,6.8,9.4,9.8,14,147.1
3577.6,15,4,12,2.8,1,4.7,8.8,11.7,3.4,1.1,11.4,5.7,0.9,10.2,94.6
2476,11,7,2,1.5,3,8.7,5.6,9.2,5.8,1,10.3,2,7.9,9.3,111.6
669.6,19,6,1,2.7,5,6.7,3.3,21.3,6.1,1.6,10.1,1.7,9.2,4.8,84.3
2559.8,4,7,4,1.5,3,1.9,5.3,4.4,20,4.7,6.6,9.2,3.2,14.3,66.3
2472.7,1,4,7,3,0,3.3,3.6,0.9,10.3,0.6,18.1,12,3.6,7.2,45
1031.4,9,5,12,3.2,2,1.4,2.8,11.1,20,1,9,13.4,7.9,12.2,46.6
2282.5,0,4,9,2.4,2,7.7,5.5,6.2,26.4,2.1,31.6,11,9.5,14.5,95.8
2112.8,6,7,9,1.3,3,9.9,6.6,9.9,34.9,0.4,31.5,7.1,9.4,10.4,104.3
3156.1,16,5,12,4.8,4,5.5,5.9,24.7,12.8,3.6,25.2,12.6,0.6,11.7,94.8
3248.4,15,5,10,4.1,4,6.6,9.5,8.7,5.7,2.2,23.8,5.2,8.7,8.1,108
417.5,23,3,1,4.4,3,7.5,3,17.7,25,0.9,-0.6,5.6,5.9,12.7,58.9
1998.1,2,6,5,2.5,0,2.2,3.7,6.3,34.7,2.6,45.5,12.5,4.2,11.9,61.8
3204.1,13,1,7,4,2,3.4,6.7,7.6,14,0.7,14.6,5.1,8.5,9.3,90.8
2615.1,9,5,7,2.9,2,4.1,6,6.1,14.9,3,27.5,6.9,8,11.6,103.4
4311.2,21,7,10,1.8,9,5.9,0,14.3,4.7,0.1,28,6.1,5.1,7.2,107.7
3361.7,6,6,6,1.5,3,8.5,3.1,5.7,11.1,1.1,5.5,10.7,4.1,11.9,88
982.1,16,2,11,2.4,5,2.5,2.5,18,2.1,0.6,10.5,12.4,4.7,12.1,41
538.7,5,4,10,1.6,3,4.7,8.4,17,23.1,3.4,22.8,12.5,3.2,9.3,64.1
3283.6,22,7,4,5,4,7.5,8.7,10.5,14.5,2.8,-0.6,7.7,6.8,7,116.8
327.3,21,2,3,1.2,2,0.9,2.8,0.6,11.4,3.7,16.9,9.3,8.9,13.6,34.9
3011.7,3,7,12,2.8,0,5.1,1,0.6,8.5,2.1,-10.7,12.9,2.5,13,61.5
4713.1,16,4,9,2.8,1,1.4,2.1,13.3,2.9,3.2,18.1,7.9,8.3,4.7,97.1
2962.3,8,3,12,2.2,0,5.4,1.8,21,2.8,1.2,34.5,6.3,3.6,9.9,85.2
2063.2,3,7,10,3.3,2,7.7,2.4,15,13.8,2.3,18,7.4,1.3,5.1,62.7
3287.8,6,5,4,1.6,5,2.4,2.3,10.9,15.6,0.1,0.4,7.6,0.4,7.8,71.5
2399.6,22,1,8,4.1,3,8.5,4.8,22.1,16.6,4.3,11.4,10.1,4.8,9.1,93.8
2819,1,5,1,2.3,3,3.3,3.2,4.9,47.9,2.3,25.4,9.9,5.7,6.1,100.2
4719,16,4,7,3.4,2,1.9,5.6,9,1.3,4,20,9.3,0.1,9.6,84.8
2053.3,23,7,12,3.9,1,4.7,3.4,14.1,4.6,2.9,23.4,6.8,6.5,12.5,53.7
4813.7,7,1,6,4.6,3,8.8,8.1,7.3,41.3,0.7,15.9,6.3,5.2,9.2,150.3
4545.7,22,5,12,4.3,2,0.7,9.5,24.9,8.1,0.6,8.8,12.6,10,6.8,112.6
1139.8,14,1,1,3.4,2,3.3,4,11.3,36.9,3.2,19.5,11.4,1,9,55.8
532.9,14,4,4,2.6,3,6.5,0.5,1.3,9.6,0.4,18.8,8.3,7.1,11.1,38.6
683.7,7,3,12,3,1,3.6,2.4,4.4,7.6,0.2,30.3,9.8,2.2,15.2,44.5
287.5,15,3,5,4.1,0,0.7,1,13.3,18.3,0,12.4,14.8,2.1,10,8.3
653.3,18,7,11,4.5,3,3.3,3.4,13.8,3.6,0.7,18.6,9.7,0.2,14.7,30.9
3478.4,10,5,8,1.4,3,8.2,6.5,24.6,2.2,0.2,16.3,10,0.1,15.8,91.9
541.7,1,2,4,2.5,5,9.7,5.2,15,4.7,3.2,45.3,16.1,1.9,10.7,61.8
1731.1,22,4,3,4.1,2,0.4,2.4,16.7,19.5,1.3,9,14.3,1.8,5.8,34.9
4255.4,23,5,2,2.7,3,5.7,7.7,5.3,25.7,0.6,13.4,7.4,0,14.5,125.2
311.7,16,5,4,2.3,3,1.1,1.3,2.7,32.6,1.8,6.5,14.3,7.2,14.3,27.6
4109.4,15,3,11,2.6,2,6.8,2.3,15.1,15.4,0.1,33.6,9.3,5,14.4,95.8
1552.9,14,7,10,3.4,6,0.1,6.8,21.6,54.8,2.6,34.5,5.8,4,15.4,59.1
767.2,12,1,4,5,5,0.1,2,14.7,11.8,1.4,15.4,15.2,1,7.3,20.8
3544.3,14,4,10,3,3,7.8,6.8,11.1,8.1,0,32.2,7.2,3.3,8,102.4
3218.9,3,1,5,1.8,1,0.7,9.8,14.5,4.4,0.8,21.9,8,4.7,12.2,74.6
4411.9,15,6,7,1.7,3,3.1,8.3,11.7,39.9,2.8,26.4,8.5,10,10.8,132.2
3728.3,11,6,9,1.2,4,9.6,1.6,3.5,12.1,0.4,6.1,18.1,5.1,14.4,99.8
4056.7,3,4,2,3.2,2,9.9,5.2,18.5,31.2,6.5,19.9,6.2,0.2,7.1,131.1
1553.8,2,7,5,3.2,2,1.6,4.2,13.3,17.4,4.5,40.5,7.6,2.1,11.9,35.7
1051.7,21,2,11,1.8,3,5.6,9.9,10,21.4,3,35.7,8.6,3.5,15.3,79.6
3803,16,6,10,3.8,2,5.6,9.6,14,18.7,0.2,27.7,12.1,4.6,6.6,112.5
4072.8,21,3,9,4,1,4.5,1.3,6,4.8,0.9,29.4,9.7,6.7,7.7,76.8
4954.4,17,2,12,2,1,9.2,9.1,10.7,22.5,0.7,47.2,7.3,5.9,8.9,167.1
2180.6,17,5,3,2.4,3,7.5,1.9,15.6,9.4,0.3,27.4,12.5,5.1,5,80.9
1985.7,22,6,1,5,3,7.6,3.2,5.7,8.8,15.7,10.1,15.4,8.4,6.1,80.6
3926.8,16,3,2,2.5,3,2.7,3.5,18.7,82,0.3,32.6,3.5,2,8.6,113.8
1835.9,11,5,6,4,0,4.3,2.9,13,34,0.8,17.1,7.3,0.8,4.9,55.5
4667.6,22,2,5,2.8,4,4.9,8.5,21.5,16.3,4.2,23.9,12,8.4,8.4,124.4
4320.4,20,4,1,4.2,3,3,3.3,21.2,38.9,0.3,19.4,5.1,4.6,6.9,119.2
2259.2,23,5,1,4.1,5,0.9,8.2,12.4,15.6,1.3,9.5,9.4,5.5,14.4,66.3
3804.2,3,1,11,3.7,8,1.3,9.9,4.9,14.5,7.4,21.7,15.1,8.4,11.3,100.3
3821.8,11,4,4,4.4,3,1.8,8.4,18.4,14.8,0.6,29.6,12.5,9.5,14.8,98.1
695,22,4,12,4.8,2,2,3.5,10.5,1.6,2.4,26.9,12.1,5.5,6.4,29.7
4532.3,21,2,4,3.3,5,2.4,7.1,14.9,6.9,0.2,23.8,13,8.1,5,105.7
2625.2,20,2,6,1.9,3,2.6,5.3,2.7,9.9,1.8,15.6,11.3,5.4,8.2,78.7
4167,19,3,6,2.6,0,4.6,7.9,15.8,21.8,0.8,-1.9,8.7,0.3,4.7,108.2
1736.2,14,3,10,4,4,5.1,1.5,9.3,20.6,2.4,17.4,13.9,9.6,14.6,58.9
4498.5,22,1,6,3.6,1,3.1,6.4,8.4,19.4,1.1,24.7,8.1,8.2,6.3,107.6
2068.2,15,4,1,1.7,1,9.1,7.7,24.5,8.5,0.7,-7.9,9.4,7.5,5.7,110.3
252,4,7,10,1.2,2,5.5,7.6,10.8,56.7,1.6,17.2,3.4,4.4,13.5,73.2
4545.8,20,1,9,3.7,1,7.9,9.6,17,18.9,0.3,16.9,8.1,9.4,12.5,151.4
638.2,14,1,11,2,3,9.2,0.6,15.7,7,3.4,7,10.3,4.9,4.7,62.9
1732.7,16,7,7,3,5,1.6,3.5,2.6,46.4,2.8,27.1,10.1,7.2,10.1,53.2
4760.3,17,7,7,4,4,4.3,4.8,18.7,15.6,1.6,29.3,13.7,1,9.4,111.9
4762.9,4,7,11,3.3,3,4.3,3.1,8.1,8.2,0.9,39.8,8.2,2.2,8.6,91.1
2952.5,12,2,7,1.3,3,3.5,3.1,20,8.6,4.9,17.7,8.4,4.2,5.5,86.4
3232.8,18,1,2,1.7,4,0.1,1.8,15.2,3.1,2,33.5,7.8,5.8,13.4,82.1
2352.5,12,1,2,1.9,3,8.2,8.1,7.9,29.9,0.7,8.2,11,8.1,6.9,113.6
1607.4,17,5,6,2,3,1.1,9.1,8.9,5.3,3.3,13.5,16.2,2.4,9.5,69.6
1777.6,13,7,7,3.3,2,10,0.8,18.3,1.8,2,26.2,0.8,7.7,14.6,75.7
3428.1,3,7,3,3,3,7.7,1.5,13.8,7.2,0.3,10.1,8,8.9,7.8,95.3
3811.4,3,3,4,1.8,4,5.8,2.3,16.7,19.8,0.2,16.1,8.6,8.2,4.4,119.7
3999.6,19,3,12,1.3,2,1.5,5.1,4,14.9,5.6,28.1,1.5,6.2,14.7,104.5
3990.2,19,4,3,1.7,8,5.2,7.9,19.7,22.4,0.7,17.9,9.5,8.1,9.9,136
637.8,18,3,7,4.9,2,2.6,0.7,8,23.2,2.2,7,8.6,8.8,10,44.2
2573.2,12,6,7,2.9,1,2.5,6.4,15.5,12.9,0.1,10.9,8.2,5.6,10.6,62
476.3,11,4,4,4.5,8,8.3,1.5,2.9,15.2,1.6,14.7,5.6,8.1,6.2,52.3
2837.7,6,7,7,4.4,2,3.8,9.7,8,9.8,0.5,25.1,9.7,4.2,12.6,83.4
2319.3,11,5,5,3,3,4.5,9,16.2,23.7,0.3,14.1,5.3,5.2,6.8,87.9
4461,20,3,1,3.8,1,8.4,9.5,6.9,4.4,3,-11.4,6.6,0.5,7.6,142.3
1884.4,3,5,10,1.8,3,0.9,1.1,22,6.7,3.3,27.4,9.2,8.8,11.6,50.8
761.9,1,3,4,3.8,6,5.9,4.9,16.5,23.2,2.5,25.7,14.1,1.4,13,65.2
886.4,1,3,7,2.1,3,5.8,1.7,21.8,26.1,0,5.2,11.6,2.8,12.8,35.9
3855.3,4,5,2,4.3,2,4.3,6,9.9,38.6,0.7,4.4,12.5,3.2,5,110.5
3167.4,22,1,2,1.3,2,8.3,2.3,0.8,13.4,0.9,34.2,17.8,1.2,13.1,89.4
685.4,9,1,1,4.1,2,9.4,7.7,14.4,20.4,2.3,15.1,11.8,9.2,12,87.1
603.7,9,1,2,1.4,4,4.7,6.4,8.5,16.9,2.8,27,5.8,9.7,11.3,80.6
3564.7,8,6,10,4.5,3,4.6,5.7,11.2,11.6,2,9.7,7.7,8.7,15.6,88.1
549.3,12,1,8,2.2,1,5,8.3,17,11.7,3.1,25.9,6.6,3.5,8.2,61.6
4144.9,6,3,11,3.6,5,7.2,5,17.5,32.2,1.1,6.9,9.5,0.6,12.2,108.1
3590,4,7,8,3,2,6.7,2.7,0.7,12.4,1.6,23.1,8.4,1.8,10.9,70
590.5,9,2,8,2.5,3,2.2,6.2,19.2,18.2,0.1,22.3,6.2,7.7,8.7,59.7
607.2,9,5,1,3.6,3,0.6,9.6,12.3,8.7,1.1,-6.8,13.7,2.9,13.5,47.4
4935.9,5,7,1,4.8,5,9.5,6,13.9,9.4,1.1,19.5,14,8.9,8.8,152
1996.5,18,2,12,1.2,4,2.6,6.3,7.4,3.5,1.9,9.4,10.7,8.4,10.7,89.7
1979.1,20,7,10,4.7,6,6.4,9.3,10.5,5.4,0.9,31.1,6,2.4,10.7,71.3
4101.4,7,6,4,3.4,4,8.3,5.2,17.8,18.6,0.5,20.8,10.5,6.9,10.1,122.4
4746.8,0,2,6,4.2,1,3,10,19.4,9.7,0.5,15,7.6,4.4,9.5,117.1
4932.8,16,4,8,2.5,4,6.4,1.6,9.7,8.2,0.3,36.2,15.1,2.1,6,93.1
3816.2,6,1,2,2.9,2,1.1,5.4,17.3,24.3,2.4,-4.8,5.2,5.9,6.9,93.7
2006,13,6,3,4.5,2,9.7,2.1,6.5,18.2,1.9,41.1,12.6,8.4,5.5,76.7
600.8,20,7,6,2.7,5,0.6,4.5,20.8,13.2,1.7,40.5,12.5,9.3,12.7,43
3930.3,20,3,10,3.1,2,4.4,1.7,15.2,4.3,1.5,13.3,13.6,0.6,12.9,92.1
2880.3,16,1,4,1.1,2,5.4,2.2,19.4,15.8,0.9,28.7,10.8,4.2,11.7,82.2
2236.3,8,1,12,1.6,1,7.9,2.1,11.9,13.2,2.9,23.8,8.7,6,15,93.4
4550.5,16,2,2,3.6,4,1.2,3.2,5.7,16.7,5.1,-11.8,19.6,3.4,7.2,86.5
733.7,4,4,7,3.9,2,4.4,1.3,10.7,16.1,1.2,16.7,6.5,3.2,13.9,26.1
2564.6,19,1,4,3.3,4,3,8.1,9.5,21.8,1.1,2.8,12.9,7.7,6.2,93.8
254.5,7,7,8,1.6,0,3.1,2.2,8.3,4.7,0.4,1.7,10.1,7.8,4.8,35.5
2449.6,5,7,8,2.8,3,7.8,4.2,5.3,12.7,2.2,14.6,11.4,7.3,4,79.3
470.3,10,5,7,2.4,6,0.1,0.2,19,10.9,1.6,15,11.4,9,11,30.6
770.3,18,5,10,3,3,7.5,1,2.2,9.9,8.8,32.6,5.7,4.9,13.3,60.5
764.1,3,1,9,4.5,1,8.1,9,22.2,34.7,1.8,9,4.6,7.9,13.9,84.8
3316.2,17,2,4,4.1,4,9,8.4,4.4,6.9,0.7,13.3,4.9,0.1,9.6,120.1
3781,0,2,7,1.3,0,6.3,8.4,24.5,16.2,1.7,34.4,8.2,9.9,4.7,128.2
3000.2,12,3,10,4.6,2,3.3,4.1,24.7,5.8,8.4,15.8,11,9.2,4.4,83.9
4818.4,13,6,10,2.9,4,4.3,1.4,10,3.3,2.6,11.8,7.3,8.4,15,107
1999.4,23,6,12,4,1,9.7,1.1,24.7,13.2,0.3,28.3,4.3,5.9,5.1,79.2
1571.4,0,6,1,1.6,3,8.8,6.1,21.7,19.5,0.8,24.4,13.7,5.4,13.4,89.1
4369.3,10,4,4,3.7,5,4.6,8.3,2.1,1.1,0.7,19.2,3.8,1.5,4.8,97.5
1273.3,16,2,2,1.9,2,9.4,9,23.7,11,3.9,29.1,11.9,0.5,6.2,96.5
4823.5,3,3,9,2.8,1,8.2,2.9,1.1,15.9,1.9,3,7,2.6,6,119.2
258.3,11,5,5,1.1,5,9,3.2,4.5,14.8,3.3,11,14.9,1.5,7.3,52.2
4855.4,9,7,3,1.6,1,6.8,1,14.6,16.2,0.4,42,7.9,5.6,8.9,109.2
407.2,5,6,4,1.4,2,8.6,7.7,2,23.3,4.8,-18.4,3,3.3,5.5,81.5
4477.5,0,5,6,2,2,8.9,2.8,4,2,0.1,9.9,9.8,3.9,15.7,112.6
2733,6,5,10,1.4,2,0.9,4.8,23.8,5.7,0.9,3.8,6.6,0.3,4,66.8
4966.2,20,1,1,3.8,2,9.7,9.3,24.9,13.4,0,18.9,13.2,5.5,13.3,160.2
554.2,15,4,7,1.1,1,3.3,7.5,20,10.1,0.4,25.3,11.3,6.6,10.3,55.7
2858.5,23,3,8,3.5,2,4.4,0.5,12.9,14.2,6.6,31.3,7.5,3.3,5,61.4
4852.7,13,4,7,1.6,3,7.9,0.1,22.5,5,0.2,13.1,6,1.3,5.4,104.3
2710.9,22,1,7,4.8,3,6.6,7.9,2.8,15.5,0.3,6.9,5.6,7,11.1,97.1
3221.1,19,3,9,4.7,0,8.9,5.5,23.6,29.9,5.2,0.6,7.7,1.3,7.8,115.3
3539.6,19,3,4,1.9,5,4,7.2,8.8,34.3,2.5,18.6,15.5,8.2,9.4,124.5
2381.8,5,2,7,3.5,7,3.7,1.6,21.5,36,1,43.5,9.4,5.5,10.6,84.7
3212.3,21,4,9,1.1,3,0.3,8.7,16.7,8.4,0.1,10.9,13.8,2.4,10.9,67.9
3004.7,4,4,5,4.7,1,4.6,7.7,24,10.8,3.1,17.1,4.1,9,11,99.1
4525.6,23,2,2,3.1,3,7.2,8.9,21.6,25,1.4,19.6,2.3,1.4,4.8,138.6
418.1,20,5,5,1.2,1,3,3.4,22.2,4.5,0.8,12.9,6.2,6,12.9,43.7
1548.6,17,1,4,2.4,3,4.6,2.8,15.8,31.2,0.9,35.1,12.6,6.2,7.5,88.5
4762,14,4,8,1.3,3,2.2,1.5,20.8,13.6,1.4,32.5,8.8,0.4,5.4,84.1
4473.3,5,2,5,2.6,1,7.7,9.3,18.9,10.9,1.6,27.8,13.6,6.1,5.2,132.5
2387.2,18,7,9,3.7,5,0.6,1.8,4,14.1,3.4,29.5,15.1,6.9,6.8,57.3
3176.6,0,3,9,2.9,4,7.1,1.2,16.2,6.7,3,9.8,6.2,9.1,11.5,93.5
1531.4,0,6,3,2.5,0,3.8,1.9,3.7,11.6,2.9,4.2,13.3,7.1,9.7,34.1
1103,12,7,10,1.5,3,0.4,7.7,21.7,23.8,2.6,9.9,15.6,4.8,5.3,45.6
2425.8,2,2,6,2,1,8.5,8.9,1.6,15.1,2.8,21.4,14.1,8.5,4.4,109.3
1896.1,9,6,6,1.4,11,4.9,8.1,24.7,35.2,2.3,14.1,3.6,3.5,4.3,100.3
3001.5,20,5,4,4.2,0,6,5.6,10,27.3,4.1,24.8,2.6,8.6,9.1,113.7
573.1,2,1,11,1.5,4,7.3,9.9,4.3,11.7,1.6,19.3,8.2,8.4,13.5,85
4877.1,8,6,10,3.4,3,6.6,0.7,23.4,31.5,1.5,1.9,8.4,6,10.9,111.9
4933.8,7,5,3,2.4,3,7.3,8.7,1.1,5.8,2.4,32.9,13.4,3.4,13.7,133.8
3551.2,2,6,1,1.9,0,7.6,4.3,11.8,7.2,0.4,11.9,6.1,5.9,7.8,106.9
2773.3,12,3,12,3.6,1,5.9,4.6,19.3,10.7,3,27.4,11.7,9.1,5.7,87.4
1685.7,5,3,7,2.8,4,3.7,1.3,7.9,4.6,5.5,7.8,5.7,6.4,13.6,45.1
4106.2,12,3,5,2.6,7,2.4,0.3,13.2,8.1,0.7,7.4,11.4,8.4,12.7,81.5
3486.7,22,3,10,3.4,1,9,3.2,17.5,9.4,1.9,6.9,8.2,3.4,11.1,113.1
980.6,19,2,7,3,0,9.7,1.7,23.8,23.5,0.1,0.8,11.4,2.9,14.7,72.9
4572.5,19,3,1,2.2,2,3.6,4.8,2.6,34,2.9,1.1,8.5,2.6,11.6,116.6
4148.2,11,7,8,3.2,4,1.1,1.5,3.9,24.2,1.6,22.6,1.2,4.9,10.3,73.7
4759,12,3,3,3.7,2,2.2,1.4,12.7,19.5,2.2,6.9,12,4.3,10,84.8
3683.5,1,7,7,1.1,3,6.7,8.8,10.5,7,0.3,22.2,14.7,8.5,11.4,125
3144.4,20,2,12,2.9,3,1.7,9.2,10.3,1.2,3.3,19.2,6.7,1.1,10.2,102.6
2207.6,23,3,3,1.2,1,7.8,9.6,7.4,7,0.6,28.6,13.2,5.5,7.3,93.5
4677.1,22,5,3,1.7,3,9.2,6.8,14,4.5,2.3,5.8,7.5,4,15.4,134.6
4357.1,15,5,10,3.2,2,9.6,7.7,22.1,19.8,1.8,30.7,4.6,9.4,15.5,142.6
417,22,4,9,4.5,4,0.1,8.4,4,1.8,2.1,7.1,7.6,7.9,6,40.1
326.6,5,5,2,4.5,4,9.6,6.6,5.4,28.6,0.1,-14.9,9.3,4.3,10.4,66.7
2007,18,1,4,1.3,2,7.4,3.3,16.8,18.2,2.7,20.3,4.7,6.4,13.5,99.1
4090.7,20,1,6,2.7,1,0.8,1.6,1.4,23.5,3.2,7.5,15.4,7.5,4.7,81.9
4938.9,12,1,3,3.3,3,4.2,2.4,16.8,42.6,1.3,36,3.9,0.7,5.5,117
922,16,2,12,1.6,2,7,8.4,7.9,23.3,1.1,21.6,7.8,6.7,10.5,81.9
3051.8,22,5,10,4.1,5,9.6,7,8.9,3.1,0.8,17,6.3,1.4,4.3,100.9
2028.3,8,7,10,4,3,1.6,4.6,10.1,12.7,5.3,20.4,15.4,1.9,14,49
4855.6,16,1,7,4.6,3,1.3,0.3,8.7,3,2.8,12,4,4.6,14.5,92
4242.2,1,4,7,1,7,4.7,2.7,21,3.5,2.4,38.2,13.3,9.8,12.8,117.3
4224,18,2,5,1.9,4,9.7,7.3,23.7,9.4,5.2,11.4,10.8,9.5,13.9,150.6
2449.7,18,4,3,4.3,2,9.7,5.1,13.7,34.6,0.9,23.6,5,9,12.1,109.2
2191.1,23,5,2,3.7,4,2.3,4.4,14.5,9.8,2,8.2,8.6,0.3,5.7,68.1
1512.4,6,3,4,4.6,3,3.2,3.1,1.8,3.5,2.3,18,9.3,8.5,4.4,28.3
470.6,21,4,4,1.2,3,9.1,6.1,17.8,15.8,11.2,3.2,12.3,7.8,14.2,88.5
4350.7,9,3,11,3.4,6,7.3,9.7,14.6,28.5,1.1,20.7,7.4,5,12.5,139.8
4101.9,9,2,8,3.3,2,9.7,9,1.3,15.7,1,18.8,12.5,3.3,8.8,148.4
4998.6,19,4,8,1.1,0,8.9,0.3,5,5.5,0.2,24.6,10.2,7.6,13.6,138.1
4983.9,8,4,5,3.1,3,2.2,4.8,5,17,0.2,23.6,11.8,1.1,4.6,104.3
2866.1,16,6,6,3.4,3,7.6,3.3,4.3,3.4,1.4,18.3,6.5,6.5,7.8,80.6
3891.1,14,2,8,1.8,1,0.5,5.1,16.5,8.5,0.4,42.5,9,6.7,8.1,84.7
4734.9,1,2,1,2.1,3,8.2,6.1,23.2,18,0.2,17.8,10.4,5.5,5.3,137.6
4278.3,3,1,5,3.6,0,6,2,19.1,7.3,6.7,18.5,10.3,8.8,12.9,99
1387.3,18,5,4,2.9,2,9.6,7.8,11.9,5.9,6,17,9.8,3.3,13.3,95.4
2362.6,16,4,4,4.4,4,9.6,4.8,10.1,0.8,0.8,20.4,18.4,4.8,11,84.5
820,4,4,11,2.4,6,0.5,9.9,9.7,7,3.1,14.6,12.3,7.6,9,53.3
4779.4,6,7,2,2.1,3,1.6,0.3,15,18.2,4.1,13.6,12.9,7.2,11.3,101.5
3109.6,17,2,10,4.9,3,4.8,1.9,9,2,1.3,27,11,5.6,14.8,70.4
1297.5,20,2,1,4.6,0,8.8,6.9,5.7,18.7,0.5,17.4,12.1,2.7,8.3,77.1
3424.2,21,5,6,1.1,7,8.1,7,15.1,28.4,0.3,30.6,10.8,2.9,8,116.4
3167,6,2,7,4.1,3,9.6,5.8,9.8,25.8,0.3,-4.7,17.3,7.4,11.5,113.4
1919.2,16,3,5,1.4,4,6.2,9.7,0.4,8.2,3.2,36.3,9.8,0.1,12.2,82.4
745.1,6,3,8,1.1,5,2.6,4.2,0.6,9.9,1,28.7,13.3,6.5,9.5,45.3
3423.6,3,6,9,2.1,2,0.3,4.2,6.9,5,2.4,17.4,18.3,2.5,14.3,59.7
2697.5,7,3,11,2.1,0,2.2,9.1,12.8,6,1.5,17.1,12.6,6.7,8.2,86.3
3907.1,12,3,11,4.3,1,6.8,5.4,8.9,9.4,1,25.7,8.9,1.9,11.7,94.3
2696.8,3,5,2,3.8,1,9.3,3.5,0.6,16.5,0.3,5.7,7.1,3.8,12,97.5
4290.5,5,4,11,4.9,2,3.2,7.2,5.6,25.4,0.8,18.5,8,7.5,7.5,108.9
2849.2,4,3,4,3.8,2,8.8,6.2,2.4,6.9,3.7,19.9,11.6,7.6,4.2,100.2
2892.5,11,6,11,2.7,3,3.9,3.1,23.7,9.3,3.3,-6.5,17.1,2.1,13.9,63.6
4407.9,3,2,9,3.8,2,3.1,3,7.8,8.9,0.1,22.2,12.4,3.8,9.8,89.8
2136.7,23,3,5,5,3,5.1,4,0.4,7.4,0.3,1.8,8.5,5,5.1,62.2
843.3,8,6,3,3.8,3,4.4,0.7,16.5,25.9,2.8,31,8.8,5.9,15.5,46.5
338.2,3,5,6,4,6,9.1,9.4,5.8,19.8,0.8,34.1,9.4,7.4,7.6,74.3
3824.7,18,7,3,4.8,4,4.7,1.8,14.2,30.1,2.1,36.1,4.6,0.2,9.7,100.1
3177.5,23,7,5,1.5,4,2.8,1.9,3.8,15.3,1.7,14.1,8.2,1.2,9.8,60.4
3579.6,13,7,3,3.8,1,8.4,6.5,24.6,7.8,2.1,14,8,1.6,8.4,104.2
1222.2,4,2,6,4.4,0,10,7.2,24.3,6.1,0.1,-5.7,20,1.9,5.8,81.5
854.6,17,6,12,4.8,4,6.5,7.4,16.4,1.5,5.4,26.2,13.7,0.3,12.5,62
269.8,9,3,10,1.8,2,2.5,3.8,17.7,6.5,0,-0.1,5.7,9.2,6.3,48.6
1882.8,18,4,5,3,7,2.4,8.7,10.6,4.6,0,0.6,3.7,1.6,12.2,76.4
3031.6,11,2,9,3.7,3,0.6,5.4,24.1,22.4,0.5,14.4,4.8,0.7,13.6,59.4
2082.8,17,2,3,2,1,0.8,4.4,10.6,24,10.1,4.7,15.7,4.7,4.3,62.1
2299.9,16,7,6,3.4,1,9.1,8.1,6,5.1,0.2,6.5,4.6,9.4,12.8,95.9
4540,23,4,8,2,4,1,2.4,2.9,12.4,4.2,18.6,16.4,9.6,11.7,95.1
1871.6,10,7,7,2.3,3,4.8,8.6,5.2,6.3,0.3,28.6,11,6.8,6.3,75.3
2667.1,2,2,6,2.8,4,7,5.4,14.3,29.6,0.2,24.5,9,1.8,11.4,99.5
3961.5,22,3,2,3.1,3,8.5,9,6.1,7.4,3,20.3,5.4,0,9,118.9
2103.4,16,7,7,2.8,2,1.7,2,16.4,14.6,3.8,31.8,15.1,3.4,5,47.7
3186,0,7,8,3,0,4.4,9.4,9.6,36,3.1,19.5,12.2,1.3,10.3,102.4
4339.3,14,7,1,2.2,1,2.5,6.9,22.2,21.3,0.6,11.7,13.6,7.6,15.7,107
4757.7,8,2,9,1.6,3,2.6,6.2,14,14.1,4.2,8.8,8.9,9.7,11.8,139.5
906,14,3,4,1.2,3,3,4.2,15.6,12.6,0.1,24.6,12.7,0.8,8,39.6
4647.6,23,4,8,1.8,3,5.9,9.6,13.9,4.3,0.8,4.8,15.9,4,10.8,118.8
2562.2,2,1,10,3.3,1,0.2,4.4,22.1,10,1.2,22.2,12.4,9,12.9,60.7
1439.6,21,4,7,4.1,6,4.1,5,1.6,14.4,0.1,12.9,5.8,7.3,5.9,63.1
2403.9,18,3,10,1.7,2,1.9,7.8,1.7,21.4,1.7,7.9,12.1,8.7,10.3,84.1
4904.2,12,5,7,1.4,2,9.7,2.8,17.5,9.5,1.6,7.7,13,9.2,10.1,135.9
2564.6,11,7,2,4,5,5.8,2.9,19.2,18.1,9.7,29.6,16.7,4.1,8.5,84.2
1778,19,4,1,2.2,4,8.7,7.8,10.8,8.5,1.9,7.7,12.3,6.9,13,115.5
3240.3,0,5,4,4.8,4,2,1.3,8.8,25.7,1,14.6,14.4,7.1,10.8,71.6
1352.7,20,5,12,3.9,2,8.1,8.2,6.9,19,3.1,12.4,12.5,6.3,12.4,96.3
564.1,16,3,2,2.3,8,4.1,6.3,5.9,22.1,0.8,30.7,4.6,3.3,11.2,60.2
818.6,12,3,8,2.2,5,1.8,5.4,22.8,37.1,1.5,36.5,13.3,8.3,13.4,64
814.6,0,7,10,3.1,5,7.6,2.3,7.4,29.1,0.1,28.9,10.5,7.7,11.6,59.8
929.1,9,1,7,1.3,7,7.6,7.9,16.2,5.5,0.8,13.5,18,4.5,12.1,81.3
866.4,14,6,8,1.5,2,10,8,19.7,14.3,1.5,22.1,4.2,4.2,6.7,83.8
3276.2,6,2,11,1.7,2,7.8,4.8,0.5,30,2.4,7.1,5.5,0.1,14.2,102.9
1073,21,4,6,4.1,3,1.5,3.9,0.8,21.4,0.2,20.5,12.9,8.4,5.9,38.3
1859.2,17,3,1,3.1,6,3.2,2.5,8.3,4,3.2,-3.1,16,2.8,8.1,61.7
4504.6,15,4,12,1,2,4.5,7.5,17.4,6.6,4.6,20.8,9.5,4.7,14.7,126.6
2475,13,6,9,3.7,6,1.3,6.4,6.5,16.5,0.7,17.3,9.5,4.1,5.3,69.8
3404.3,17,6,6,2.7,6,7.9,2.1,0,16.7,2.9,23.3,10.8,6.8,14.4,106.5
1027.1,6,7,12,3,4,5.3,7.9,7.2,4.1,0.4,17.9,8.1,3.9,9.7,68
1123,16,5,10,1.9,5,9.4,8.8,2.3,8.5,1.5,28,14,1.8,6.2,87.6
396.2,17,7,1,3.2,4,5.9,0.6,5.5,22.6,3.2,8.8,8.1,8.7,12.8,57.1
1010.9,11,2,1,4.9,2,5.2,7.7,8.3,9.8,1,27.1,12.8,1.8,7.4,57.8
1537.2,7,1,8,1.3,2,0.7,8.5,3.2,25.4,0.1,23.7,4.7,0.3,12.1,71.3
1049.7,21,4,6,2.1,6,1.5,9.9,17.7,11.2,1.6,31.1,16.9,2,13.5,50.3
625.8,1,2,8,2,5,8.5,2.4,6.4,18.7,3.7,31.9,1.5,4.6,10.8,58
779.1,6,1,8,2,2,9.9,3.7,16.5,7.7,0.2,6.6,5.7,4.2,13.4,50.5
2411.7,3,4,11,2.5,2,4.2,9.7,15,24,0.1,24.2,19,8,15.2,100.8
1190.4,17,2,8,4.3,4,8.1,0.9,22.5,29,3.3,4,10.4,1.9,10.6,78.4
1948.5,5,3,10,4.7,3,6.3,5.2,2.2,6.9,0.6,31.9,7.4,7.8,5.8,65.7
2616.4,8,4,7,1.8,3,9.6,5.1,5.4,21.5,0.9,7.8,4.9,1,12.5,112.6
3513.9,8,2,7,3.2,6,2.4,6.1,21.6,22.4,0.2,13.4,8.3,4.7,8.9,107.2
388.7,13,6,10,3.5,3,5.4,3.3,20.6,11.9,0.2,20.6,11.2,8.7,10.4,47.9
4037.2,7,1,4,3.1,4,4.1,9.3,4.8,29.6,1.9,26.9,11.9,4.1,11.5,122.3
3213.9,18,2,9,2.7,4,5.4,2.7,2.7,2.4,1.6,22.5,11.3,9.6,12.6,88.7
592.4,2,3,12,1.8,4,2.7,6.5,21.4,4.7,0.7,27.2,2.9,6.3,11.7,58
4393.2,17,7,2,3,4,5,5,4.5,35,1.2,18.1,10.6,7.6,6.8,130.6
4620.2,4,4,11,2.6,5,6.2,2.7,21.8,26.4,1,20.9,11.4,5.1,13,116.3
493.2,13,4,9,4.2,0,0.8,1.9,24,7.9,2.4,-3.2,11.4,4.3,13.7,16.2
1529,3,4,10,4.1,3,7.4,9.6,5.5,29.7,4,30.3,10.1,0.8,4.5,93.3
4069.8,6,3,3,1.5,1,7.1,5.6,21,33,2.9,14.5,5.1,1.2,7.7,126.5
3791.6,19,1,2,1.4,3,8.8,6,10.6,25.4,0,12.8,6.3,5.7,15.7,142.6
1085.7,11,4,4,4.6,10,4.3,7.8,19.7,17.2,0.2,41.2,14.9,6.1,6.1,73.3
1204.9,1,1,5,3.1,3,0.6,0.8,10.2,13.1,1.1,-14.5,6.9,9.8,6.2,41.9
1978.3,10,2,2,4.4,3,4.6,7.1,1.8,24.7,3.8,19.1,7.1,8.6,11.1,93.3
2525.7,13,6,1,1.2,2,1.4,1.7,17.8,12,0.5,-8.9,8.8,8.4,8.1,62.5
3167.6,21,6,10,3.1,2,6.5,7.4,3.8,15.7,4.2,22.1,5.1,2.9,11.9,96.3
1970.8,22,1,11,3.2,1,0.5,1.4,23.2,7,0.2,9.6,12.5,4.1,7.2,43.4
2420.2,15,1,5,4.4,4,3.7,8.3,10.4,5.7,0.2,-17.2,4.9,1,9.1,72.2
3787.9,19,6,9,1.4,4,0.8,6.8,2.1,15.1,4.9,31.1,14.3,5.8,16,96.2
376.1,5,4,12,2,5,0,3.9,5.7,13.5,0.4,2.5,4.6,0.7,8.5,33.5
1411.7,22,5,12,2.6,6,9.6,3.6,21.6,36.4,1.2,29.4,8.9,4.5,5,105
3624.1,3,5,5,4.5,2,10,1.5,8,32.7,0.8,6.3,11.4,5.7,12.9,94.8
4497,14,3,12,4.8,2,5.6,9,21.4,5.1,0.3,12.4,13.2,2.3,11.1,115.9
2656.1,23,7,11,5,2,2.4,1.2,4.3,21.9,2,-9.4,9.1,7.8,9.3,52.9
2754.1,0,6,10,4.8,2,9.1,4.7,11.7,24.7,6.6,23.1,7.2,6.7,14.9,104.8
714.4,6,6,9,1,1,9.2,2.4,22,11.7,2.1,11.1,15.7,1.5,5.8,59
2347.6,11,3,12,1.2,2,8.5,10,1.2,19.8,0.9,13.6,10.7,9.8,9.9,116.7
2756.6,9,5,10,1.6,4,5.4,5.9,7.6,60.5,2.5,16.9,9.3,5.4,6.3,117
1363.9,4,2,6,2.4,4,0.7,1.5,22.7,12,0.3,-1.8,2.7,0.3,5,27.7
1492.4,11,4,3,4.3,3,0.9,6.7,14.9,1.9,1.7,26.3,10.8,3.5,9.3,46.6
2011,17,4,4,4.6,2,9,9.9,17.9,35.5,1.3,11.2,10,9.8,15.4,117.4
296.3,9,2,4,1.7,2,8.8,6.1,21.1,17.5,0.9,45.5,4.6,9,12.7,78.1
1746,5,2,1,3.5,2,4.3,4.6,13.1,19.1,2.7,12.2,6.9,1.5,6.8,63.9
1215,11,5,3,4.7,1,3.3,2.9,21.1,37.3,0.3,13.3,10.4,8.6,9.6,58.1
1772,6,3,3,2.9,2,6.4,0.9,16,5,1.5,1.7,11.9,6.2,13.6,58.8
774.9,17,2,1,1.4,3,8.1,2.3,17.1,31,3.9,-1.4,5.9,0.2,6.3,75.3
4474.5,1,3,9,2.8,2,7.3,5.5,3.8,11.6,0.5,28.5,6,7.6,6.4,120.1
3049.2,9,7,11,2.5,3,6.2,7.5,23.5,1,0.6,30.7,10.5,4.1,6.2,100.1
3459.7,14,1,1,3.3,5,2.3,8.8,19.9,31.5,2.2,11.2,6.6,4,11.3,100.8
3988,11,4,9,2.8,5,2.6,7.9,6.4,14.1,3,19.5,9.2,3.8,4.3,89.6
2592.5,16,5,1,1.1,1,7.2,1.3,14.5,26.8,0.7,32.9,17.1,6,11.1,88.1
617.2,3,4,2,5,3,8,7.7,9.4,32.7,0.9,21.5,9.8,7.1,13.9,82
2778.1,6,5,2,3.2,6,1.2,5.8,16.5,23.1,2.7,23.8,14.1,6.5,13.4,82.7
3016.8,8,1,6,2.9,3,1.9,4.7,24.8,7,0.7,19,5,2.4,12,90.5
3778.1,18,4,7,4.8,3,6.8,5.7,1.1,12.6,2.2,10.2,6.9,7.1,6.6,108.8
2272,22,1,11,1.6,1,3.9,0.1,23.8,13.4,0.3,22.6,6.8,1.4,13.8,54.5
812.4,6,5,1,1.8,2,5.6,0.7,1.8,9.1,1.1,40.4,5.6,9.7,15.5,56.5
1562.1,22,2,3,4.2,0,6.1,5.3,11.5,9.5,2.3,11.8,2.9,4.7,6.2,67.6
1942.8,1,7,2,2,2,7.8,1.7,12.1,22.9,1.2,28.4,10.8,0.9,14.9,67.5
3300.4,5,4,8,4.2,4,8.1,5.5,6.7,5.3,0,20.2,11.5,5.8,14.2,94.9
2939.7,17,1,9,2.1,5,2.8,3.5,14.2,7.5,1,10.9,6.2,5.8,15.8,83.1
1909.3,5,6,2,1.1,6,5.4,9.1,20.8,20.9,0.7,28.7,7,0.4,7.8,96.7
4935.3,12,4,2,3.1,6,1.2,9.5,7.3,26.8,0.2,27.3,10.3,0.1,15.2,107.1
3107.7,18,4,10,1.8,6,8.4,9.8,1.8,28.9,0,25,10.1,10,6.2,127
1338.7,1,4,9,4,3,8.5,9,15.8,32.2,0.1,39,14.1,3.9,6.1,86.8
688.6,11,3,4,3.6,3,3,9.9,18.8,9.7,6,40,14.5,2.5,5.3,63.6
933.7,14,1,5,4.7,5,1.6,7.1,23.9,5.3,2.8,18.6,7.3,5.5,9.1,51.4
1380.6,13,1,11,4.1,2,0.7,9.6,4,9.7,5.6,16.7,9.7,0.1,4.1,34.9
971.3,5,4,9,1.7,4,5.7,6.4,22.5,4.8,0.2,0.9,6,0.1,8.6,63.1
1095.5,17,2,6,4.2,4,0.9,8.1,12.1,18.2,1.7,36.4,16,1.1,11.5,47.1
1568.5,4,4,10,3.6,4,6.8,1.3,5.9,22.6,0.2,17.1,11.1,8,4.9,62.9
1032.2,17,3,12,3.7,5,6.8,6.8,24.1,21.6,0.1,10.7,14,2.5,13.8,74.1
4504.5,2,5,9,4.3,4,6.1,9.3,6,10.2,1.3,6.8,8.5,5,7.5,116.2
585.1,2,3,9,3.3,6,8.8,5.4,18.3,22,2.1,6.7,14.1,2.2,4.6,65.1
2717.7,21,2,7,2.9,3,3.8,1.9,19.6,18,0.1,39.1,13,5.4,8.5,81.4
2169.9,21,4,12,3.5,0,9,5.3,10.8,27.1,0.9,28.8,15.1,5.1,5.7,98.1
4915.4,9,1,10,2.2,2,0.4,7.1,17.2,26.3,0.2,0.1,4.6,4,13.5,109.3
737.8,18,7,9,1.7,5,1.1,7.7,14.3,20.7,0.9,0.6,10.3,4.3,8,51.5
2109.7,2,6,5,3.5,1,4.1,5.2,4.8,45.2,1.3,19.5,14.4,6.5,5.4,73.2
4853.5,11,4,5,1.9,2,5.9,2.2,19,17.5,0.8,5.8,6.3,8.4,9.4,117.2
4354.4,15,2,12,1.3,7,0.3,9.3,23.2,6.5,1.7,15,12.1,3.2,9.4,108.4
4121.9,16,1,8,1,2,5.7,7.7,12.2,30.7,1.8,36.6,12.3,5.3,7.3,123.1
1437.9,6,3,10,3.4,5,3.1,2.7,24.9,6.4,0.8,30.8,12.8,8.5,7.9,55.3
1020.3,12,5,4,2.4,4,8.9,8.1,10.7,15.3,1,-2.5,11.3,1.7,13.2,65.5
3409.5,23,5,9,4,2,5.3,3.5,12,14.6,1.2,5.9,12.5,9.8,11.7,95.4
4661,1,7,7,2.5,2,5.9,3.1,16.8,13.8,0.9,20.9,11.7,7.5,6.6,107.1
2872.5,3,4,7,2.9,1,9.5,8.6,4.6,3.5,2.9,31.6,14.7,3.7,15.4,107.6
2943.7,9,3,3,2.6,0,7.6,8.7,22.5,12.4,0.3,8.1,7.1,3.8,7.7,126.7
1543.9,6,7,4,3.6,2,4.4,4,20,38.5,3.9,22.4,11.4,2.1,10.4,51.3
3893.6,23,6,7,2.4,3,4.8,0.1,21.8,12.1,0.8,12.5,14.9,2.7,10.9,78.7
1097.8,16,6,11,4.9,3,6.5,1.9,15.2,1.8,2.6,39,6.9,5.9,6.6,43.6
1753.7,19,7,11,4.7,2,2,9.1,22.1,14,4.3,25.5,7.2,0,7.5,65.1
2242.1,5,2,5,4.4,3,0.9,9,17,21.6,4.4,15.7,12.1,0.2,9.8,48.3
2636.5,18,5,12,4.7,2,3.1,4.5,12.8,15.2,1.2,0.1,15.5,9.9,7.1,84
1363.6,4,3,3,2.8,5,7.8,3,23.3,10.1,0.6,5.3,9.5,2.4,7.7,60.6
751.2,9,4,1,3.1,2,2.6,3,11,5.9,1.9,-12.3,10.4,8.3,11.4,61.6
3131,8,1,7,4,3,1.3,9,12.5,9.6,0.4,21.3,11.5,6.1,12.8,96.2
1585.4,12,4,6,3.8,1,2.2,3.2,4.2,20.6,3.1,26,8.1,4.5,13.6,43.3
2989.9,18,4,10,4.6,4,6.8,5.1,23.7,24.3,2.5,26.6,18.8,7.3,5.5,99.3
940.9,20,3,7,3.9,0,6.1,7.3,5.5,7.5,3.2,10.6,6.3,0.5,12.8,54
2509.5,23,5,2,5,1,6.9,2.1,5,26.7,1.1,33.4,10.4,7.6,15.2,79.7
2756.4,5,3,12,2.4,6,3.2,2.5,2.5,16,1.6,37,10.4,8.6,11,74.5
448.8,3,1,4,4.3,3,9,3.6,11.3,17.5,0.2,10,1.2,2.8,11.3,57.1
1815.7,23,7,2,3.8,4,4.5,6.5,6.8,18.9,2.3,32.2,6.6,3,15.5,68.2
845.2,2,3,8,3.8,5,5.1,8.2,18.5,9.2,1.3,19.7,4.6,1,14.4,58.9
504.2,2,2,7,2.3,8,9.5,5.5,7.7,35.8,1.4,11.7,12.9,8.6,10.7,88.2
4951.8,3,4,1,4.1,7,9.8,1.3,18,40.2,3.8,32.8,3.2,8.1,13.2,155.5
1747.3,4,5,2,4.6,3,6.6,4.5,4.9,5.3,3,3.5,13.8,4.3,6.2,71.7
4087.4,7,6,2,1.9,3,9.4,1.3,5.7,3.8,1.5,0.2,5.3,3.8,9,117.1
1422.3,15,1,4,3.5,1,5.4,0.9,20.2,16.8,0.9,13.2,13.8,4.3,12.6,48.3
3471.2,21,6,3,2.6,7,3.1,5.9,9.3,6.8,1.2,15.3,4.4,4.2,7.5,76.2
3849.1,2,4,1,5,8,3.2,9.6,2.8,21.1,0.9,-1.7,11.7,4.3,9.4,107.9
3059.1,23,3,12,2.9,1,5.6,8.4,24,17,0.3,23.9,13.7,1.5,6.1,103.5
2463.6,11,6,2,1.9,5,6.1,7.7,4.4,9.6,2.1,8.6,12.3,0.1,14.8,84.3
2176.8,7,2,11,2.5,3,4.4,7.3,3.8,3.6,2.4,2.3,5.1,7.6,14.7,96.2
1874.6,12,3,9,3.6,5,8.8,9,9,15.1,7.1,25.8,14.5,3.4,9.7,89.2
4661.7,3,4,1,1.3,2,4.3,7.5,2.4,2.2,1.2,12.8,12.2,4.9,6.3,112.9
4187,13,6,9,3.4,3,2.7,6.3,3.9,24.1,11.8,30.7,0.6,3.1,12.2,100.3
4832.1,13,7,7,4.7,4,0.1,3.6,21.2,5.6,0.4,23.5,10.4,3.8,6.6,81.3
796.6,12,1,2,4.4,6,9.7,1,4.3,14.9,2.1,15.6,20,0.7,6.7,47.2
3708.2,5,6,2,1.3,1,8.2,4.6,2.8,5.5,10.5,31.2,14.5,3.7,15.7,102.7
4704,16,7,5,5,7,6.2,9.2,22,12.5,2,23,8,4.6,5.2,126.1
1069.9,3,7,5,3.8,3,8.3,5.8,11.1,3.6,1.2,17.8,12.2,8.3,8.6,73.7
519.2,7,6,4,1.6,4,8.1,1.8,3.9,40.7,1.4,24.1,8.4,3.2,10.7,69.1
3757.4,16,5,12,1,6,9.3,6.5,14.5,15.1,3.7,24.5,14.1,0.9,5.3,125.9
2957.5,2,6,10,1.7,2,3.9,4.7,1,3.9,5.6,4.9,6.7,7.6,4.5,81.4
4240.8,16,4,10,4.4,0,5.5,9.3,10.7,6.8,1.2,46.3,14.8,3.8,10.5,99.6
870.9,8,7,12,1.1,1,1,1.6,14.8,7.2,3,18.8,13.7,9.2,5.4,42.9
4017.3,1,1,3,1.9,4,9.7,7.1,23.9,21.2,5.4,19.1,12.6,9.6,7,149.7
1167.8,12,4,4,4,3,9.9,6.8,8.2,17.8,0.7,-3.1,18.3,8.7,10,75.5
985.5,19,2,10,3.3,3,7.9,9.8,19.1,7.5,1.4,19.5,14,2.3,8.2,87.6
988.5,1,3,4,4.1,4,4.5,5.6,3.3,8.7,10.8,20.1,14.1,2.5,12.5,61.8
4110,19,6,2,4,5,5,8.7,10.8,11,0.9,4.2,14.5,7.9,15.5,124.5
3392.9,10,5,5,1.2,1,4.4,0.2,5.6,7,1.9,5.5,12.9,4.5,13,75.7
2710.7,21,1,5,4.6,7,2.9,1.2,12.3,6.8,2.1,7.2,11.9,3,16,59
1922.4,14,5,5,1.9,6,5.3,3.5,10.4,14.5,0.3,14.5,7.3,2.9,8.7,66.3
4410.6,10,5,11,3.2,2,0.5,6.2,24.5,23.2,3.3,20.6,7.3,5.8,7.7,103
2083.7,22,5,11,3.6,3,9.9,4.5,22.9,10.3,1.1,15.3,11.7,9,6.6,97.2
4119.7,2,6,10,1.7,4,4.2,2,14.6,8.7,1.4,21.6,12.4,6.2,14.6,87.1
2307.8,2,1,1,4.9,1,9.3,5.9,4.4,14.9,2.1,26.1,10.1,6.2,8.7,79.8
2009.3,11,1,6,3,4,7.2,5.7,13.9,2,1.1,24.5,8.1,7.5,12.5,76.2
2420.9,23,7,11,1.2,7,2.9,5.2,19.8,18.2,0.8,22.4,9.5,7.6,12.1,76.2
1646.6,4,5,2,4.7,1,2.2,0.9,1,33.9,1.6,21.4,9.8,9.1,4.7,58.7
3788.5,19,7,7,3.3,3,10,9.3,10.9,13.6,0.9,21.5,11.1,1.6,14.6,119.5
2613.1,6,7,4,3.8,1,7.7,5.9,1.1,9.2,1.1,16.2,9.1,9.8,9.8,100.3
1314.6,6,3,5,3.1,4,2.5,2.6,6.1,9.8,0.2,10.1,14.7,3.3,6.7,47.2
4518,12,6,5,4.3,4,0.7,6.9,2.3,6.2,3.7,16.9,9.6,2.8,15.7,87.9
2042.7,8,6,5,1.1,2,7,3.2,24,12.8,1.1,25.8,7.4,5.1,13,81.9
2809.1,20,4,2,2.1,6,3,5.1,4.2,29.2,0.2,25.8,9.7,2.6,11.4,80.3
4551.1,12,7,5,2.9,3,2.2,3.4,3.8,14.5,3.1,24.1,5.6,2.3,15.9,91.2
3196.3,11,6,3,1.3,4,7.3,8.8,24.3,13.6,0,12.3,18.1,9.7,13.1,112.9
761.1,12,5,4,3.8,2,6.8,9.9,12.9,16.1,1.8,15.4,12.6,1,5.5,70.7
4711.2,23,2,2,2.6,5,4.8,1.6,18.9,12.9,2.4,15.4,9.9,9.9,15.9,121.9
3213,9,5,4,2.1,3,9.4,0.2,8.2,9.4,0.4,10.7,15.7,6.2,11.2,92.7
1807.5,0,1,9,1,4,6.8,2.2,13.3,37.1,0.3,28.7,9.2,9.6,7.6,81
868.5,7,6,8,3.9,3,8.9,5.9,0.2,22.8,0.2,-4.1,9.9,9,13.8,79.8
4011.3,21,6,11,4.3,3,1.9,1.7,10.2,7.7,10,42.3,7.2,6.5,4.6,74.5
3176.3,15,4,12,2.6,6,3,8.1,13.9,18,2.8,42.9,6.2,5.9,11.9,105.6
2760.6,12,7,3,3.3,1,1,4.1,12.9,7.4,0.7,18.6,10.8,9.9,5.9,66.7
4490.7,2,2,1,1.9,4,3,6.1,10.1,7.4,0.8,22.9,14.3,5.2,5.1,105.5
3985.3,2,6,1,3.5,1,9.7,4.6,19.7,1.9,2.1,28.2,6.5,1.8,8.2,102.8
928,23,4,6,1,1,9.6,9,12.5,9.1,1.2,8.9,9,9.9,8.3,106.7
1696.3,4,4,3,3,4,7.6,0.4,15.9,8.7,0.6,24.8,9.2,3.2,11.2,54.5
1392.7,10,2,4,3.6,3,5.2,7.3,4.6,14,0.1,33.8,13.1,0.9,10.8,54.6
3770.9,6,5,1,4.7,1,7.8,6.5,21.5,19.2,3.1,-3.6,8.3,7.2,12.3,127.7
361,20,5,8,2.5,2,5.5,6.5,9.1,21.8,4.4,0.7,13,4.5,6.1,60.9
2935.5,23,5,1,4.1,2,0,4.1,12.1,16.4,0.5,27,12.9,3.9,14.5,55.7
3859.8,9,3,5,3.4,2,5,0.2,8.8,13.9,0.1,14.8,7.4,6.3,14.3,102.2
4408.5,9,7,6,4.7,3,6,6.9,22.3,25.4,0.3,13.4,8.8,0.5,6.6,111.8
1842,19,7,2,2.6,4,2.7,8.3,22.5,11.6,1.1,14.1,10.3,7,9.7,92.3
4142,1,5,7,2.3,7,2,0.9,5.6,2,0.7,4.5,8.3,5,9.9,82.3
731,2,2,7,4.5,2,2.7,4.4,18.8,8.7,0.2,13.1,6.4,4.9,15.1,34.7
4263,7,3,1,1.2,7,6.2,1.6,2.6,12.1,1.2,2.2,15.9,9,14.9,118.5
811.9,10,7,4,1.5,0,1.5,6.1,0.7,9.4,0.5,33.7,2.9,8.3,4.8,42.4
2107,12,5,12,1.3,3,7.2,7.9,20.9,2.1,0.1,19.6,10.9,5.3,15.5,106.7
4027,6,3,4,4.4,6,4.2,6.7,3.3,23,2.1,19.3,15.5,5.8,4.8,109
919.6,12,2,5,1,2,3.5,3.2,3.9,7.5,1.7,26,6.8,8.1,10.6,41.8
1300.4,1,5,1,4.4,1,8.1,1.4,15.2,8.8,3.5,51.5,10.1,4.1,7.7,54.1
3666.8,5,1,1,2.8,2,5.1,7.9,20.4,15.2,0.7,5.4,13.6,6.7,8.7,115.3
3656.2,8,6,7,1,6,3.8,3.2,4.7,16.4,0.3,-4.1,0.1,5.4,11.5,105.5
3277.5,19,2,9,2.6,3,8.8,0.2,2.9,5.8,0.9,17.6,9.8,5,11,96
3531,1,4,1,1.7,2,3.7,5.7,1.9,4.8,3,-3.9,3.7,9.8,6,105.2
2805.1,17,4,2,3.5,6,8.6,2.5,0.6,2.7,0.6,13.9,13.9,0.2,15.6,80.5
1408.6,15,2,6,3.7,3,5,8.4,2.9,21.3,0.6,28.5,6.8,4.1,4.3,65.4
1859.3,11,4,6,3,1,2.1,1.4,23.6,16,0.3,36.3,17.1,9.3,8.1,39.3
1071.7,6,7,2,1.2,3,6.1,4.3,2.4,10.6,8.6,-0.8,6.2,9.3,13.6,86.7
4560.6,6,2,9,3.6,4,2.9,2.5,14.9,2.6,6.8,6.7,11.8,7.5,14.2,81.3
3000.3,16,1,4,4.4,5,1.5,6.9,23,12.6,2.1,22.4,6.5,5.9,13.6,77.4
2124.1,12,2,7,3.9,5,0.9,5.5,15.7,42.2,0.5,27,9.1,6.9,8.5,60
2417.6,10,5,6,4.3,1,2.4,7.9,0.8,10.9,2.9,27.7,10,2.5,12.1,56.9
4747,5,5,11,1.8,2,7.4,4.6,14.9,11.7,1.8,35.7,10.1,4.9,13.2,124.5
936.1,22,3,11,4.6,7,8.4,0,22.6,11.1,2.8,26.7,16.6,5.4,10.9,37.8
3013.9,13,4,3,2.3,3,8.6,2.2,8.1,5.2,3.9,16.6,15.7,0.6,12.1,82.6
2628.3,5,6,8,1.1,3,2.7,10,7.8,0.9,0.8,30.7,7,8.7,10.6,91.5
3135,5,4,7,4.4,2,6.6,4.1,6.2,21,4.9,18.8,10.2,4.6,4.7,88.4
286.9,1,7,9,4.8,2,2.3,6.2,12.6,8.2,4.6,21.3,5.3,9,7.3,54.3
4386.2,21,2,3,3.6,2,6.2,9,5.9,3.8,1.6,12.1,4.4,3.9,12.4,101.6
4674.2,19,6,1,1.9,4,8.9,0.2,18.1,11.7,2.3,19.9,7.3,4.1,6.9,116.3
2912.6,14,6,2,2,6,0.4,6.6,16.1,25.9,1.1,-1.6,16.7,2.4,9.5,74.8
3543.9,16,4,12,2.9,10,9.9,2.9,10,7.3,2.1,30.4,3.2,6.4,10.4,120.2
4628,7,6,11,4.6,3,8.3,2.8,18.1,2.9,1.6,5.9,12.3,5.5,12.1,113.7
3594.7,4,6,12,1.6,3,7.6,2.2,2.5,39.9,0.8,7.3,11.8,9.1,7.1,120.8
932.2,16,5,1,4.3,2,6.9,8.2,18.7,12.4,0.8,-9.9,7,4.3,11.1,65.9
2966.2,19,1,11,2.2,2,7.7,3.7,15.1,21.1,2.1,8.1,12.6,6.5,11.2,97.1
3112.2,0,2,5,4.2,6,9.9,0.7,15.8,25.7,6.3,6.5,12.6,7.1,14.1,97.3
2235.8,21,4,10,4.7,1,7.7,1,1.6,3.5,0.5,20.6,9.9,3.2,10.6,60.6
3734.9,17,5,2,2.7,4,3.5,1.5,15.5,6.8,1,2.5,9.4,8.8,7.5,107.1
4685,14,7,3,2.5,6,6.1,9,12.4,13.4,3.3,12.7,9,3.8,10.3,128.3
4642.7,4,7,8,4.2,2,3.4,4.3,12.1,9.6,0.3,9.8,6.6,6.4,5.3,93.8
2364,6,3,10,3.1,3,9.7,9.2,8,6.5,10.3,-3.1,10.7,6.2,11.3,113.7
743.5,17,6,5,3.7,1,9,8.2,0.2,17.9,2.3,20.9,8,4.2,15,78.6
4927.2,5,6,4,3.5,5,5.7,8.4,10.6,17.2,4.8,15.4,10.6,1.8,10.4,123.8
4226.7,21,4,5,1.6,1,7.8,2.9,10,16.6,3.6,18.5,7.6,5.9,7.5,106.7
798.4,20,1,10,4.4,3,9.1,2.7,10.6,14.6,3,28,7.4,3.8,8.9,56.5
4620,4,1,6,1.8,3,2.4,5.6,15.3,17.2,0.1,18.1,7.8,3.8,14.8,100.9
4375.5,18,4,12,4.7,4,5.8,4.2,7.5,24.6,1,14,15.1,4.9,13.8,120.3
2690.4,9,4,7,2,2,4.8,5.1,6.7,8.6,0.5,29.1,4.5,6.8,13.6,83.5
3038.1,14,5,9,3.9,2,7.7,0.5,12.4,33.4,4.1,14.1,17.1,7.3,10.8,90.6
2115.2,9,7,1,2.1,4,3.8,9.7,14.8,8.7,2.3,11.9,13.1,4.3,8.8,81.4
462.9,15,4,4,2.3,0,7.1,0.6,14.2,13.7,0.2,26,3.7,1.2,5.6,37.8
1808.9,11,7,12,2.2,3,4,1.8,22,11.6,0.9,8.6,7.7,7.9,15.7,60.5
4053.7,17,3,12,4,3,1.1,6.8,19.2,4.9,0.1,32,3.5,6.7,6.1,92.4
222.2,22,7,9,3.2,7,1.1,1.6,1.3,41.1,2.7,19.9,12.6,8,7,30.7
1800.8,0,5,5,4.5,3,1.2,1.1,14.1,15.3,1.1,36.8,15.1,3.2,13.2,26.5
2111.2,15,6,8,2.2,2,0.3,1.5,10.4,14.5,0.5,17.3,10.9,9.1,8.2,48.1
2779.5,21,6,12,3.8,2,5.3,0.6,9,20,1.5,29.4,14.9,2.6,11,67.9
4615.3,5,7,1,4,1,6.7,2.5,23.9,32.1,0.1,-1.7,10.7,2.9,13.1,112.8
1862.5,2,6,4,1.6,1,1.3,2.7,11.4,12.5,0.6,33.4,13.9,5.4,10.7,32.7
1865.4,1,6,12,2.6,3,6.1,5,18,8.3,0.4,26.3,11.2,10,9.9,86.4
3740,1,2,12,2.9,2,6,4.4,24.2,10.1,5.3,10.3,10.1,2,4.6,108.2
2370.6,12,3,9,2.4,3,1.5,4.7,3.8,32.3,0.9,28.4,13.1,8.4,9.9,68.6
1278.1,8,5,1,2.3,6,4,6.2,1.4,27.8,1.8,2.8,9.4,0,9.5,65.4
2371.7,15,5,1,3.7,2,7.6,2.3,7.8,42.4,1.4,12,15.8,2.4,14.6,78.9
876.1,4,6,4,1.9,3,0.2,1.3,1.1,6.7,2.2,7.8,8.7,3.5,9.4,30.1
1046.7,22,1,3,3.8,2,1.5,8.8,2.9,12.3,0.7,29,12.3,6.5,11.6,48.8
2592.2,20,5,7,4.7,3,10,6.3,24.8,11.4,0.3,33,7.2,1.1,13.3,107.9
2210.8,6,3,11,3.3,1,7.3,0.6,24,62.4,0.2,12.6,3.7,1.3,9.6,75.1
4591.3,12,4,3,3.4,1,4.6,9.6,17.3,27.1,0.4,2.7,11.4,1.5,7.1,113.6
1939.5,19,3,1,1.3,1,6.3,6.9,18.8,12.5,1.3,6.3,2.8,6.6,14.7,94.2
2986.8,23,6,12,4.5,1,8.5,1.5,3.5,31,0.5,19.1,18.6,1.1,14.7,71.7
3234.9,12,6,11,2.1,3,8.4,9.7,14.9,11.6,1.1,18.4,8.6,4,14.8,122.9
262.9,6,2,10,3.5,6,3.2,3.7,3.9,4.6,0.1,13.9,9.7,1.6,7.3,22
3385,9,7,2,4.9,5,4.9,9.8,9.5,16.1,2,8,8.8,3.8,7.8,107.9
1054.6,14,5,10,3.4,3,6.4,1,8.6,8.3,4.2,37.5,10.6,7.1,15,51
4813.1,20,7,4,3.9,3,0.7,1.6,15.3,5.4,0.1,10.6,11.4,2.8,5.5,81
913.6,5,7,1,2.8,4,9.5,6.6,2,6,0.5,8,6.6,6.2,11.9,79.2
2190.2,4,5,1,1.2,2,4.3,0.2,2.6,28.9,0.8,31.8,0.1,2.5,7.5,66.8
609.7,22,5,12,4.2,3,3.7,0.2,15.2,59.8,0.7,14.6,5.6,7.4,12.7,56.4
4985,1,6,8,1.1,5,9.1,7.9,15.9,8.5,0.1,24.1,8.1,7.8,14,145.5
2610.5,20,5,7,3.8,6,1.2,1.7,8.5,24.8,0.2,7.5,11.1,3.1,8.9,58
3057.8,14,1,8,1.1,1,0.4,9.2,3.7,16.2,4.9,24.1,10.7,0.2,5.8,81.7
522,15,1,4,4.4,4,6.9,4.3,22.2,3.3,2.5,26.8,13,1.3,12.8,53.4
3799.8,18,4,6,1.6,3,3.9,8.7,1.3,47.5,6.4,4.6,3.4,4.9,4.7,135.4
1207.5,8,5,3,3.1,4,7.6,4.2,17.9,36.5,1.2,11.6,6.4,3.8,4.2,76.3
4510.7,21,2,11,3.4,2,0.7,5.3,3.5,14,4.2,7.1,8.2,3.5,14.5,85.4
1184.7,18,4,8,2.8,5,3.8,3.2,15.9,15.2,3.4,11.7,16.1,5.8,13.8,61.7
1115.3,6,6,4,2.4,1,2.4,6.6,16.6,23.5,4.2,37.2,20,1.6,11,34.3
375.4,3,5,3,2.9,4,7.4,3.2,20.1,87.6,0.1,21.1,4.6,4.6,12,75.3
2465.9,2,1,4,2.2,5,2.3,2.2,9.9,18.9,2.1,41.4,14.4,2,15.4,49.4
2911.2,23,2,6,2.8,1,4.6,0.8,0.5,26,1.7,35.8,10.3,9.8,4.8,73.6
515.4,19,4,11,2.4,1,8.2,0.6,20.3,3.7,1.6,31.6,12.2,0.5,6.6,47.1
3922.5,10,2,7,3.3,4,9.2,3.1,11.1,34.9,1.4,35.5,4.7,0.2,12.8,109.8
2375.8,0,5,7,2,1,7.2,7.4,21.2,12.5,3.2,31.9,15.4,5.6,7.2,89.3
2717.1,5,3,12,5,4,4.3,2.1,19.4,30.9,6.9,38.5,1.1,0.6,6.5,81.7
2315.7,10,2,4,3,3,5.7,3,12.5,27.1,3.5,24.5,4.7,8.1,9.3,83.6
2123.7,0,2,8,1.8,4,6.9,9.1,25,7.4,4.1,26.2,8.9,8.2,12.7,110.4
2886.3,20,6,7,2.9,5,8.7,6.4,11.6,12.5,1.3,25.9,7.6,4.3,6.5,98.2
945.2,6,1,2,4.5,4,8.9,9.2,17.4,10.8,2.3,12.7,10.1,8.4,9.2,89.5
1073.3,5,5,8,1.1,3,9.3,9.1,16.7,8.2,1.1,28.2,7.3,7.4,10.2,105.9
4336.6,13,2,9,3.7,5,8.1,0.6,13,6.3,0.9,33.1,8.6,1.4,6.1,89.3
4741.4,1,5,5,3.2,6,1.5,9.6,14.6,21.1,4.5,10.8,9.3,8.6,9.7,116.6
1991.9,3,1,4,1.7,4,7.5,0.5,20,7,4.7,7.7,9.1,8.7,14.4,74.7
1499.6,10,6,4,4.3,2,8.1,9.3,14.3,5.8,2.3,11.4,10.6,3.2,13,83.7
3291.2,14,5,4,2.5,1,8.8,5.5,11.3,14,3.6,34.3,13.6,7.7,10,112.7
2161.9,17,7,6,2.2,1,9.2,5.3,16.6,8.6,0.9,15.2,7,9,5.5,96.8
321.9,0,1,11,4.3,1,5.1,7.1,0.9,12,1.1,4.8,15.4,7.5,4.3,45
949.5,2,1,4,3.6,2,6.6,8.8,2.7,13.8,3.4,5.5,10.2,0.9,4.8,62.1
3636.7,2,4,7,4.6,2,0.1,6.2,3.1,32.5,1,7.2,15,0.9,13,69.6
3362.8,6,6,7,3.5,3,5.7,4.3,10.6,10.5,0.1,9.4,8.6,9.8,12.5,91.5
330.1,0,6,5,4,5,4.7,1.1,21.8,34,0.9,1.2,6.5,5.4,13,40.9
1265.5,10,7,5,4.3,4,9.6,7.9,16.1,22.7,1,25.3,10.3,6.4,7.7,86.8
1309.2,5,5,10,1.2,2,9,1.3,24.3,27.7,0.3,15.7,20,9.1,5.1,85.8
3425.1,19,3,8,4.1,4,8,7.3,1,0.8,0.8,24.4,4.5,0.1,12.6,102.6
294.6,2,7,7,3.5,3,0.6,5.3,18.1,13.8,5.4,-9.6,12.7,4.3,15.1,21.2
699.7,18,4,7,1.3,1,4,3.9,7.9,11.3,3.9,30.9,10.7,5.7,9.4,62.1
4039.6,1,6,6,3,2,7,6.1,0.6,9.5,1.2,17,11.6,0,13.2,97.5
1057,17,1,7,1.3,1,0.3,7.7,20.6,18.5,2.5,24,5.2,6.2,12.7,56.2
3333.2,11,6,7,3.9,3,2.4,9.4,4.1,15.2,0.3,36.3,11.8,8.5,14.2,62.8
1343.3,9,7,10,3.2,4,8.9,2.6,5.4,41.5,2.8,22.4,11.2,0.5,4.3,79.7
677.3,4,3,2,4.8,7,1.3,9.5,8.5,27.7,1.3,43.3,4.1,8,15.5,58.3
1367.2,8,2,10,1.7,4,0.5,9.6,19.7,10.6,2.6,-4.6,10.5,9.8,14.4,74
3666.9,1,2,2,3.4,2,5.8,8.1,15.6,8.5,2.1,14.2,9,9.2,14.5,123.9
4307.3,1,6,10,1.8,2,9.5,8.8,6.6,5.4,0.5,-3.6,8.6,5.4,16,123.9
4185.1,5,6,7,3.5,3,8.3,6.9,4.2,26.2,3.6,21.8,9.8,8.6,11.7,121
2106.5,9,4,10,3.9,3,9.7,0.4,2.7,23.8,1.7,18.9,14.4,7.7,5,76.7
3406.8,17,6,7,3.9,1,7.5,5.8,3.7,34.8,3.1,4.9,11.8,8.2,13.9,127.3
1183.9,11,3,7,4.3,3,4.4,7.5,21.7,13.8,0.2,44.1,5.8,4,5.6,68.8
1607.1,3,6,5,4.4,3,9.5,9.4,23.1,27.7,1.9,13.7,12,4.8,12.9,100.8
4502.4,21,5,1,1.3,3,4.3,5.7,24.2,23.2,0.7,-8.5,9.8,2.4,9.1,108
262.4,20,7,2,2.4,3,3.5,7.9,20.9,13.2,3.9,26.2,7.5,0.5,4.1,49.8
610.4,16,3,9,3.7,3,4.5,7.1,22.2,15.8,6,26.3,5,6,9.2,66.7
1197.9,14,4,8,3,5,8.1,2.8,20.4,4.5,0.1,12.2,13.2,3.1,13.6,60
327.4,5,5,8,1.8,3,9.2,1.5,24,48.3,2.6,27.5,7.7,5,5,69.9
1070.9,15,5,10,3.2,2,3.6,7.5,21.1,14.6,0.2,6.6,13.6,9.6,4,56.8
2998.6,16,7,1,2.6,4,4.6,2.3,11.6,9.6,3.9,13,5.7,0.6,9.4,83.2
2222.8,2,2,6,2.6,3,9,2.4,8.1,4.3,0.3,22.7,18,8.7,4,91.5
4484.8,9,3,9,4.2,1,0.5,6.4,14.6,40.3,0.4,29.1,20,0.9,15.2,94.8
4123.7,4,7,8,2.6,1,7.8,7.9,15.2,10.8,0.6,15.3,12.2,6.5,13.9,113.4
1840.7,13,5,3,1.1,4,4.5,5.8,14.4,5.5,2.6,12.2,15.2,3.4,11.6,77.3
1445.2,20,4,4,1.2,3,3.8,8.8,17.7,15.1,0.7,17.5,8.2,1,4.2,78.7
2022.5,12,7,3,4.4,2,4.5,2.1,17.5,19.2,1.8,-6.6,7.8,7.6,10.8,70.7
3033.4,5,2,6,4.8,5,4.2,2.5,2.2,28.4,1.7,14.6,14.8,7,12.1,74.3
1486.7,11,5,9,3.8,7,7.6,6.4,7.1,2.5,1,-5.8,10.6,6.4,11,88
3195.9,7,7,8,2.5,1,9.3,8.3,22.2,7.7,1.6,7.9,4.5,9.6,15.4,126.7
2165.2,4,3,10,4.8,4,4.9,5.4,14.8,14.6,0.3,0.9,10.3,0.2,14,56.5
2849.8,14,2,4,3.7,2,8.3,0.1,8.2,18,4.2,24.3,5.1,4.3,8.4,85.9
2293.4,15,3,2,4.4,3,7.3,6.8,21.3,19.6,0.5,9.2,9.3,5.6,12.3,95.2
1613.4,0,3,8,4.1,2,3.3,8.1,6.2,9.5,4.2,32.9,14.2,3.6,9.5,59.7
4752.6,15,3,8,2.5,0,5.9,2.8,10.2,7.2,1.5,-4.2,15.8,6.7,15.1,96.7
3865.3,4,7,12,2.9,3,6.7,0.5,6.9,3.5,1.9,15.1,11.1,9,11.4,89.3
872.5,2,2,11,1.7,4,0.2,5.2,21.8,16.9,0.6,19,15.4,7,11,40.8
4368.6,19,7,6,2.2,0,4,0.4,18.2,4.7,0.5,23.9,8.2,5.7,10,94.9
2539.7,14,7,8,4.1,0,9.9,4.2,11.5,11.3,1.3,43.8,16.8,7.4,8.5,81.3
4493.9,12,7,9,4.6,1,6.4,0.2,23.3,5.6,0.6,-5.6,7.1,1.1,5.8,90.6
4039.3,23,5,1,3.9,3,3.3,2.2,23.2,11.7,1.1,8.9,6.8,6.3,7.3,95.6
2241,15,6,9,2.9,1,2.5,3.9,17.8,13,1.2,42,8.2,4.1,8,67.5
307.9,22,1,2,1.3,2,2.1,1.1,22.3,19.2,0.6,6.9,7,3.2,5.8,30.7
1489.7,10,5,1,1.2,5,4,1.1,18,3.7,0.7,23.3,12.1,5.1,13.8,58.9
2799.8,20,2,8,2.5,3,1.9,8.3,15.7,21,7.2,6.7,15,8,4,103.3
3240.7,1,1,8,2.9,5,1.4,0.4,10.5,21.8,1.8,1.3,10.1,4.1,15,67.9
1437.9,21,1,11,3.4,3,3.6,6.9,6.8,6.1,3.6,8.2,11.2,7,5.5,61.9
868.9,5,1,4,1,5,6.1,8.1,1.5,5.6,0.1,41.7,4.5,5.9,4.6,78.4
4207.7,5,6,8,5,4,1.5,1.3,20,8.6,0,4,10.4,9.2,15.9,69.7
4925.1,13,7,7,2.5,7,0.4,2,3.1,34,1.5,14.4,17.1,4.4,16,93.3
2723.3,10,4,2,4.4,2,0.3,6.4,10.3,3.2,3.5,14.9,15.7,8.2,6.3,62.3
1024.1,7,2,5,3.1,4,2.7,3.2,5.9,20.6,1.9,29,5.6,8.4,5.6,57.2
1507.1,7,6,10,1.5,2,1.9,4.8,11.4,16.7,1.9,31.5,8.2,4.6,6.4,62.3
288.3,0,6,4,4.2,3,5.4,8.4,7.9,36.8,0.3,19.3,20,4.9,10.1,57.2
4588.6,20,4,3,3.8,2,4.6,1.4,20.7,23,7.7,-20.3,11.7,3.3,7.9,102.2
765.2,6,1,1,3.1,1,3.2,6.2,24.5,0.8,1.5,7.3,16.1,5,8,58
2967.3,5,7,5,3.1,8,8.3,9.4,23.5,26.9,0.2,3.6,16.4,2.5,13.7,119.4
1515.5,20,4,10,1.3,2,5,0.6,15.6,8.3,1.1,31.9,5.5,8.6,14.7,67.2
2860.1,7,4,8,3.6,1,0.9,0.6,24.5,10.1,0.1,6.9,12.9,2.5,15.6,48.6
3326.8,18,6,12,4.6,5,3,5.5,10,4.7,1.1,38.2,10.7,2.6,10.2,93.3
4182.8,21,2,9,1.4,3,9.7,9.6,13.1,22.9,2.5,22.9,17,9,7,154.1
1190.8,20,3,7,2.1,1,9.8,2.2,6.4,2.7,0.8,31.6,17.8,5.3,10.7,69.5
252.8,23,7,12,4.6,1,2.5,3.3,22.4,12.3,0.8,45.1,6.7,1.1,14.5,17.5
857.1,19,4,11,2.1,3,1.7,1,4.5,37.7,1.4,6.7,20,3.5,4.4,44.1
4520.1,7,7,1,3.6,5,5,3.6,15.3,23.7,1.4,-1.4,10.7,7.1,14.9,117.7
4394.7,13,4,1,3.1,1,4.8,0.4,20,18,1.3,20.2,12.5,4.1,6.7,105.1
3067.6,17,1,1,3.4,1,4.1,3.9,14.9,9.2,1.5,29.4,0.1,4.2,7.7,100.4
3082.5,15,7,2,2.7,4,5.3,5.6,2,25.9,0.1,10,14,5,8.4,92.9
3392.2,8,1,1,2.2,5,2.3,9.8,15.3,7.7,1.3,18.4,1.4,2.2,15,103.2
1041.8,14,6,4,1.2,5,1.1,8.2,19.2,20,9.7,32.6,9.4,4.2,6.1,68.3
4589.2,9,1,10,4,6,5.7,8.2,4.7,27.8,2.9,31.4,7.8,2.2,6.7,135.5
2210.1,21,7,9,4,4,9.3,2.3,18.4,7.2,0.7,11,11.9,3.5,12.8,63.9
2039.1,15,5,12,3.7,0,1.4,0.9,22,14.4,2.3,21.3,10.7,5.3,15.2,48.3
2690.8,3,7,4,3.6,2,7,6,24.7,14,0.8,6.8,12.3,6.9,5.3,105.3
425.4,19,4,4,2,3,4.4,5.2,10.3,21.4,0.4,0.6,15,6.3,10.3,56.9
998.2,12,1,7,1.1,5,2.9,5.2,0.6,6.2,3,34.3,6,5.8,15,53.7
3742.6,21,2,11,4.2,1,8.5,1.1,10.5,16.5,0.5,-7.6,9.2,6,14.6,95.1
597.4,4,5,9,3,4,4.6,4.9,16.5,11.6,3.9,20.3,6.6,5.1,15.4,47.6
3095.1,21,6,7,2.2,3,5.8,1.5,22.3,29,1,13.6,6.3,6.1,14.8,92.6
1377.7,6,3,1,1.4,3,4.4,4.2,23.5,18.5,2.8,24.6,17.7,3.8,7.8,70.5
2068.6,22,4,1,1.3,7,0.8,0.6,22.7,19.5,0.6,9.8,4.9,9,6.5,80.3
1585.7,8,4,4,2.4,5,5.9,8.6,16.4,17.5,2.1,31.7,6.7,5.9,14.8,84.4
1907.2,7,2,4,4.2,1,4.2,0.1,17.1,8.2,0.5,15.3,18.8,9.4,12.5,58.2
3651.4,15,3,1,4.7,3,0.9,9.4,0.1,6.7,0,35.4,9.5,4,8.5,83.5
1626.2,5,3,6,4.6,5,6,8.6,9.1,20.8,3.4,20.6,9.7,3.9,12.6,69.7
2918.7,15,6,10,4.7,5,0.1,7.5,22.7,2,3.9,5.4,11.6,9.7,7.7,71.2
2485,5,6,2,4.6,6,2.1,9.8,17.2,7.8,4.3,24.5,5.2,7.3,11,88.9
3385.6,13,5,11,3.1,2,7.8,0.5,11.7,13.7,0.1,23,6.3,5.2,6.8,87.8
4696.8,20,4,5,1.9,4,0.4,6.4,2.6,18.8,2.9,16.7,7.5,7.2,10.7,112.6
3716.3,0,1,8,4.2,6,6.5,8.5,6.2,4.4,3.6,9,14.2,4,15.1,105
1231.7,8,6,3,1.9,1,9.5,1.3,13.9,12.2,0.7,28.3,12.7,7.6,13.3,67.9
349.7,23,2,9,2.1,1,1.7,5.8,22.4,14.4,1.3,6.4,7.5,2.1,11.9,45.2
1458.9,12,2,7,1.9,1,4.2,3.9,2.4,12.5,1,7.7,9.5,9.5,7,63.9
3056.4,18,2,9,3.1,3,5.8,4.4,3.8,14.7,1.2,24.3,13.1,4.6,4.8,94.8
446.8,16,7,1,2.3,4,4.5,9.1,16.4,8.9,3.8,15.5,0.5,0.9,12.5,52.5
2582.6,10,6,5,1.6,2,6.2,5.4,7.4,25.1,1.1,-5.6,11.2,8.5,10.9,90.2
3064.8,7,6,12,2.8,2,4,0.9,4.2,17.9,0.7,6.5,13,8.9,6.6,83.4
1804.4,22,2,3,4.5,3,1.5,9.4,4.5,11.8,0.3,22.9,6.3,7.3,15.2,59.4
3900.4,4,6,4,3.3,5,0.9,1.9,12.3,2.3,2.2,14.8,12.6,6.3,10.6,69.7
711.7,9,7,4,4.5,5,7.4,8.9,14.6,16.3,0.2,16.8,10.1,9.3,10.9,79.2
560.7,6,1,11,1.8,2,2.4,9.7,22.6,4.2,0.1,21.1,17.2,6.2,7.6,48.7
3695.3,9,1,12,1.7,5,8.5,8.8,13.2,2.4,2.3,23.5,7.9,7.9,14.6,136.9
2578.4,3,5,7,3.3,1,7.4,6.8,17.3,6,2.4,19.4,12.4,4.7,14.7,91.3
3504.3,8,4,10,2.9,1,0.5,7.4,4.5,18.1,0.4,-21.9,4.1,7.3,12.6,95.2
2287.2,13,1,11,3.6,4,2,7,17.8,18.1,6.3,17.3,10.3,10,5.2,86.6
1382.7,1,5,8,4.2,3,2.9,4.6,16.2,0.5,3.1,11.8,13.3,3.8,5,49.6
4131.7,8,3,11,4,4,5.9,2.7,5.4,17.9,2.3,18.4,7.9,7.2,9.6,115
4037.2,20,4,10,4.8,4,8.1,2.9,16.7,2.8,2.8,30.8,14.5,1.5,5.7,94.9
3534.5,0,1,5,2.6,5,0.6,7.3,5.3,25.5,1.1,5.1,13.7,6.4,8,96.7
1506.3,22,7,12,1.8,0,2.5,6.3,14.8,21.8,1.2,18.8,10.6,3.2,6.1,65.8
3033.1,9,3,10,3.2,6,3.8,5.8,16.7,2.2,4.1,23.7,8.9,8.7,7.7,89
1932.7,9,5,7,1.4,3,1.8,6.5,17.3,16.1,0.1,14.3,0.1,3.6,15.3,69.2
639.6,19,1,3,2.2,4,5.5,7.7,22.7,8.9,3.2,2.3,7.4,4.5,13,65.6
4603.1,21,1,3,1.8,1,4.8,7.5,23.7,25.2,1.2,3.6,14.4,9.8,5.7,133.3
856.7,2,6,3,2.6,1,3.2,1.1,20.3,7.6,1.2,17.6,8.9,2.2,12,23.7
4761.1,5,3,12,1.4,3,5.2,3.6,22,32.7,0.8,10.6,11.8,5.6,4.4,129.5
2340.8,5,1,4,1.1,6,3.6,2.6,0.5,22.8,1.9,-5.1,8.1,8.6,15.8,88
1088.6,20,2,6,3.6,6,3.4,5.4,9.1,4.7,2.3,8.4,4.3,3.1,10.4,65.6
2801.1,1,7,5,3.4,2,2.7,0.6,1,35.7,0.4,2.4,13,0.2,10.1,46.3
4390.1,17,6,8,3.8,7,5.4,7.6,5.6,16,1.7,27,5.1,9,6.9,133.9
3714.7,22,6,12,3.6,1,4.4,1.1,9.5,12.4,1.3,0.2,9,6.2,9.5,94.2
4071.5,1,1,5,1.5,2,2,2.7,21.7,6.7,3,35,11.5,2.3,10.3,77.9
3362.2,11,7,11,2.2,4,0.1,7.8,12.8,15,1.6,43.9,7.3,2.8,11.9,81.2
3522.9,21,6,12,1.5,3,1.5,0.5,16.2,25.6,1.1,9.1,16.3,8,4.6,83.8
4276.1,4,4,5,4.4,7,0.4,6.6,9.1,17.9,1.5,10.6,17.9,6.4,8.1,85
1398.4,19,3,10,4,2,4.3,9.2,15.1,18.7,1.3,29.3,6.8,7.3,8.6,90.9
2549.2,6,4,2,1.8,1,2.3,6.2,20.4,14.1,5.5,31,6.9,5.8,5.8,85
1261.8,23,5,12,2.4,1,4.2,7.1,7.5,29.1,0.7,12.1,8.2,7.9,6.9,76.2
4940.8,15,4,11,4.9,6,3.3,7.9,23.3,16.1,0.1,12.7,14.6,8.2,6.8,117.7
4731.5,19,7,11,3.4,1,5.4,2.2,5.3,7,2.2,12.8,11.9,3.9,13.7,105.7
389.2,0,2,5,4.2,1,7.2,5.8,23,8.3,1.9,7.8,13,9,12.2,63.5
3586.8,0,6,12,2.1,1,4.8,3.1,0.7,13.3,4.8,28.9,15.3,5.1,15.1,83.3
4641.2,16,7,7,1.8,3,0.6,2.5,13.6,11.4,0.2,19.9,6.4,1.6,7.7,83.2
1066.8,0,6,2,4.1,4,0.2,1.9,24.6,26.7,1.5,9.3,12,2.2,14.6,35
2926.1,20,2,6,3.7,2,2.1,5.9,15.2,19,0.3,18.8,10.2,7.3,14.4,89.6
4594.3,19,6,7,3.7,3,4.2,7.9,13.9,13.4,1.2,13.5,11.7,3.8,9.4,111
362.9,12,4,5,3.2,4,0.4,8.8,17.1,7.7,3.2,48,14.6,2.6,11.6,39.2
3547.6,8,5,9,3.3,3,3.3,4.3,7.2,10.7,3.9,15,9.4,6,11.2,98.4
1627.3,14,1,4,3.9,3,8.9,3.7,1.3,9.6,3.6,26.9,7.2,7.8,7.7,71.5
4637.1,2,2,10,2.1,2,0.9,6.9,6.3,22.2,1.6,23.2,5.8,1.1,7.1,100.2
4861.1,13,4,1,2.4,3,9.5,7.8,4.4,1,2,16.2,17,4.5,6,143.2
4732.5,22,7,8,4.5,4,8.6,2.5,23.1,7.6,1.6,23.3,9.8,7.7,14.1,110.6
2476.2,10,4,8,2.2,3,8.3,3,21.3,4.3,1.6,20.5,4.5,9,10.4,96.2
4337.8,23,4,7,3.2,3,8.6,5.3,7.9,7.5,4.3,47.8,15.5,0.1,8.1,109.9
4253.8,21,1,8,3.8,2,0.8,4.4,20.9,18.5,0.5,16.8,3.2,6.6,10.1,81.9
1731.7,11,3,2,5,4,1.5,7.1,5.3,19,1.2,-13.3,3.8,6,5,45.1
4178.8,12,6,3,2.7,4,1.3,5,5,17.6,1.9,44.3,8.7,5.2,5.3,101.8
377.6,12,6,9,2.7,2,1.1,1.1,19.2,4.1,2.9,11.9,7.8,1.6,13.1,11.9
3062.1,0,7,1,4.4,6,3.3,1.7,8.2,14.3,2.9,19,11.2,7.4,14.8,76.4
1304,23,5,8,4.2,1,8.3,9,1.6,30.5,0.2,11.5,2.3,3.9,7.8,78.6
778.7,9,7,8,3.9,3,2.5,2.3,18,10.6,0.5,10.8,11.3,2.3,8.9,29.3
569.4,2,3,7,2.9,3,2.4,0.5,24.7,11.9,4.8,4.6,15.1,8.5,8.5,50.3
3542.2,23,6,11,2.3,4,6.8,7.3,14.1,8.2,0.9,-6,6.1,3.1,9.7,119
1831.4,3,5,5,3.4,4,1,6.8,6.6,13.1,0,9.4,8.5,2,9,38.1
3678.9,15,7,4,4.5,6,3.6,6,9.3,14,0.4,24.2,6.8,3.1,8.6,86.1
513.7,7,5,10,4.5,1,3,5,16.2,13.3,7,-1.8,11.3,1.8,11.9,52.6
1713.4,15,4,10,1.4,4,8.5,9.7,17.5,12.4,0.7,24.1,5.7,7.8,7.3,109.7
2789.6,16,2,10,2.7,2,5.1,1.2,22.2,1.5,1.9,45.8,5.2,1.8,15.3,69.3
3995.5,18,4,10,2.9,4,6.5,5.1,22.7,44.6,2.6,21.4,9.4,7.2,7.7,133.8
1730,21,1,6,4.9,5,1.3,5.6,21.5,32.3,2.1,1.3,11.3,1.6,6.6,57.5
3204.3,14,6,12,3.7,4,9.3,0.2,16.2,20.6,0.9,22.8,10.6,2.3,15.7,96
4452.7,15,5,11,2.6,2,3.2,4.1,11.2,11.7,1.1,29.5,8.2,3.4,6.7,98.7
3156.1,14,7,1,1.1,5,7.1,7.8,17,25.3,3.6,33.7,12.7,9.5,10.4,121.2
1318.2,1,2,5,3.3,2,9.5,4.7,16.7,20,2.2,20.3,10.9,9.1,7.9,81.9
317.1,10,7,4,1.4,5,5.1,8.8,5.4,29,0,25.3,5.3,0.9,4.9,63.9
4376.5,0,6,4,4.3,1,5.1,6.4,12.7,10.3,0.5,28.2,0.1,3.4,15.4,99
302.1,14,5,7,4,2,1.2,7.7,5.2,10.2,0.7,25.2,12.1,3.5,8.5,22.4
4398.6,18,5,9,2.8,4,3.9,8,22.5,40.7,0.9,21.8,9,2.1,11.7,119.9
2738.9,3,4,8,2.7,2,8.5,6.9,8.1,26.5,1.7,10.3,5.6,4.4,14.3,98.6
4707.5,10,2,11,4.6,3,1.4,7.5,20.1,22.7,0.9,29.5,16.5,7.5,10.6,99.5
4034.2,4,2,12,2.2,1,9.2,7,9.4,5.5,3.5,11.6,16.5,1,12.6,121.6
4990.1,2,6,8,2,4,6.7,5.5,19.1,7.5,1.3,49.2,15.1,6.7,13.4,120.3
1883.4,12,5,5,4.8,1,4.2,5.7,5.5,2.9,1.4,10.3,10.9,2.6,8.6,51.8
3882.5,9,2,6,4.2,2,5.5,1.9,19.1,4.3,1.1,27.6,0.1,6.4,11.5,99.8
2129.3,10,2,2,4.3,0,1.5,8.3,4.5,11.6,0.7,2.7,14.7,6.8,6.5,68.5
2503.4,17,7,11,1.8,1,2.2,3.1,12.3,8.7,2.6,12.3,6.3,7.3,4.7,69.5
3212,1,6,3,1.6,3,2.9,5.4,2.8,13,0.5,10.9,7.8,8.6,15.8,93.3
4393.7,6,4,5,1.1,4,3.8,2.5,13.2,16.5,2.3,1.6,13.6,9,5.1,99.1
4923.6,8,7,2,1.9,0,9.2,7,20.5,6.3,1.5,11.1,18.1,7.6,9.1,147.3
3887.7,9,7,3,4.1,8,3.7,9.8,18.9,17.4,0.2,22.3,16.2,4.8,4.8,111.7
2205.3,17,3,4,2,3,5.2,8,1.3,15.3,0,15,10.7,0.4,15.1,76.2
2222.5,22,1,6,3.9,3,1.6,6.2,12.3,7.8,0.4,32.3,13,9.4,5.3,51.5
3740.4,6,3,5,2,3,7.4,5.7,21.3,25.4,2.9,6.8,5.6,6,13.4,128.2
1346.1,6,2,10,2.6,1,5.6,4.9,16.3,12.1,1,26.4,3.5,5.3,12.6,68.8
730.3,2,5,4,4.9,4,4.4,2,1.5,3.9,3.3,10.9,14.3,2.4,4.5,30.7
1902.2,11,1,2,2,3,9.5,3.5,8.1,4.6,1.4,31.6,11.3,6.8,12.7,83.1
1578.7,6,1,12,2.5,3,8.9,4.1,13.9,22.2,0.1,27.4,4.2,9.9,15.6,91.3
1622.3,16,5,11,2.2,3,6.6,9.4,4.3,14.7,3.7,30.2,9.8,3.3,10.3,82.4
1321.3,0,1,5,1.4,3,9.2,4.3,17,11.9,5.5,16.1,12.5,8,7.5,86.1
402,4,5,5,3,2,5.6,5.9,15.9,12.2,0.2,34,13.6,2.9,10.5,49.3
285.8,15,1,11,2.5,2,8.3,9.2,5.1,6,0.5,-1.9,12.5,4.9,5.5,63.9
4941.1,14,7,7,3.8,3,4.1,5.2,13.8,12.2,2.5,23.4,8.5,2.1,15.5,96.2
2253.3,1,6,1,4.3,3,0.9,2.5,20.3,6,11.7,19.7,6.6,5.1,8.4,63.1
2044.8,8,6,4,3.2,5,9.9,3.8,9.4,13,4.2,28,10.5,4.6,9.5,93.8
3462.3,6,3,11,1.1,1,1.7,3.8,6.2,14.9,0.2,17.1,13.2,0.4,8.8,72
1247.6,3,7,5,3.5,1,2.5,7.1,17.5,5.2,1.9,6.2,13.6,3.8,4.3,53.2
4759.8,19,1,8,1.2,3,1.6,3,1.8,7.5,2.2,4.9,16.3,0.6,4.4,92.2
3974.5,17,4,12,3.5,2,3.4,7.3,20.8,19.1,2,17.9,10.1,4.5,10.7,120.2
629.2,20,5,12,3.7,4,2.9,8.9,23.6,24,1.7,14.9,5.6,9.8,10,81.4
2204.4,3,7,8,1.8,3,6,3.4,24.1,23.6,0.7,28.3,14.3,2.9,15.8,78
4419.8,12,1,1,4.3,3,10,1.4,10.8,11.9,2.2,29.4,10.3,5.2,7.2,123.9
4734.7,0,6,5,4.6,1,0.5,6.4,15.6,28.3,2.6,18.6,4.9,1.3,8.4,86
2443.5,23,6,10,4.3,2,7.8,3.6,21.4,7.5,1.7,18.3,12.5,1.5,15.9,79.6
3144.4,2,5,1,2.2,5,1.3,5.3,5.6,3,1.4,30.8,15.6,3.6,4.6,76.8
1001.8,15,4,1,3.3,2,0.2,6.3,0.7,9.2,0.5,15.1,11.5,4.9,11.7,29.7
4957.6,21,1,2,4.7,3,6.4,4.1,9.6,8.5,1.6,15.6,15.7,7,5.2,111.9
1312,3,1,2,2.3,2,8.7,9.2,22.1,7.2,0.3,2.1,8.1,4.6,15.4,102.3
4725.1,22,4,9,4.3,3,1.8,4,12.6,21.7,0.2,28.5,7.1,0.2,7.5,96.4
3318.3,15,4,4,1,1,3.4,3.1,13.3,13.7,3,16.9,13.4,2.7,13.8,84.3
3117.1,18,4,3,1,4,1.7,8.9,17.3,28.5,2.3,31.6,8.6,0.2,14.9,93.3
2660.9,0,6,11,4,2,9.1,1.4,14.4,8.9,2.1,3.5,14.8,9.2,14.2,77.8
1307.2,4,5,1,4,3,2.7,1.2,1.4,11.1,5.3,12.1,10.7,0.3,10.7,26.9
1047.3,18,7,12,4.2,1,4.4,9.4,14,19,1,29.4,14.9,0.5,15.7,60.5
1258.3,21,4,2,4.7,1,8.9,2.1,16.2,24.6,1,21.9,12.5,3,12.1,64.3
1094.9,23,5,6,1.5,1,5.5,1.5,16,38.6,1.1,3.8,6.4,6.3,13.4,71.3
3942,10,3,9,1.9,3,9.3,5.4,18.2,11.3,1.3,29.1,2,3.6,6.9,121.7
1880.6,12,1,5,4.6,0,9.3,0.5,13,1.1,1.4,2.3,13.1,0.6,9,47.7
477.6,19,1,4,1.7,2,4.6,6.2,22.5,0.9,3,27.9,12.3,8.4,11.2,65.2
4851.7,4,2,5,3.7,2,5.8,4.5,11.6,49.1,0.5,6.2,5.9,7,5.7,134.3
4442.2,20,3,9,3.1,3,2.3,6.4,13,10.7,1.1,32.5,13.2,4,15.6,111
4653.2,3,7,12,1.3,5,9.9,2.8,19.5,38.7,1.4,19.4,15.6,6.8,5.3,139.9
4975.6,3,4,7,2.1,3,2.8,9.1,20.8,14.4,0.4,22.1,7.2,2.7,12.8,116.1
1034.7,3,4,8,3.1,5,7.8,2.7,16.2,30.4,2.4,17,2.3,5.3,4.7,75
2102,3,7,4,4.4,5,3.1,6.4,3.2,24,0.1,19.1,13.9,8.8,5.2,67.7
3839.5,19,6,11,3.8,1,3.1,9.5,8.3,5,1.8,19,15.1,1.1,11.5,86.3
3540.9,20,3,8,3.5,5,1,4,0.5,36.3,0.5,26.5,7.1,8.5,9.4,93.7
938.7,17,4,6,3,3,5.6,1.6,7.4,6.2,0,17.2,13.1,7.9,4,47.5
4116,17,2,5,2.2,0,2.4,0.7,14.3,25.6,0.8,35.5,11.3,9.5,8.7,95.7
1277.3,15,5,12,1.5,4,1.5,9.6,20.1,21.6,1.1,9.2,9.6,5.1,7,65.9
1274.3,8,1,7,2.6,2,2.3,7.6,14.6,27.8,3.4,28.3,12.3,2.7,14.5,64.5
2777.5,17,3,6,1.1,6,2.5,9.2,1,13.4,1,24.8,8,3.5,12.5,91.1
3046.1,21,1,3,1.8,1,5,7,6.5,25.1,4.9,32.8,5.6,6.4,12.8,98.4
2984.4,1,5,5,2.7,2,3.9,3.4,14.5,6.6,3.7,19.5,11.6,1.4,15.4,68.4
639.1,20,3,9,2.7,1,0.8,1.2,17.7,12.6,0.4,22,11.1,3.5,12.5,13.1
4411.8,3,5,7,1.2,2,5.4,9.3,21.7,24.3,0.3,21.8,0.1,7.3,5.9,136.5
1474.9,11,4,12,3.4,4,7.9,4.9,24.2,29.1,0.6,3.4,5.3,5.7,15.2,89.8
821.7,6,7,4,3.2,5,5.7,4,22.3,6.5,0.9,22.7,7.3,0.6,5.4,51.9
4466,14,4,7,1.3,1,9.7,5.8,11.7,24.5,1.8,57.2,12.1,5,6.3,139.2
4787.1,6,7,5,4.8,6,1,1.1,18.7,23.4,0.3,37.3,3.9,5.2,7.4,97.9
4338.2,21,4,11,1.4,7,8.2,3.1,6,21.5,1.5,8.6,8.7,7,6.1,118.1
4085.7,20,5,2,4.4,2,5.1,6.4,1.6,11,1.7,-3.6,17.8,0.1,4.2,108.7
3345.2,16,5,6,1,2,5.2,1,1.4,0.3,2.2,18.6,10.3,4.3,9.5,78.2
2844.1,15,5,7,4.5,6,5.2,1.4,6,23.1,1.6,31,10.5,8.9,12.3,76.5
617.5,18,1,8,1.1,4,3.3,5.1,0.9,29.3,3.5,17.5,9.8,0.3,9.1,55.5
2160.6,8,5,6,4,5,3.2,6.2,21.3,32.5,2.1,40.7,13.9,6.7,6.8,106.4
1988.9,13,4,8,2.4,2,6.3,1.9,12.2,4,5.2,8.6,10.2,2.2,14.6,61.3
1446.8,16,2,7,4,1,0.4,0.3,20.3,1.7,2.4,20.7,9.1,3.9,8.7,26.8
3672.4,4,5,2,2.6,5,5.9,9.6,23.5,9.5,1.1,16.7,10.6,8.8,14.1,132.8
2580.2,1,2,6,1.3,6,7.2,0.3,24.8,19.4,0.5,26.8,15.3,3.6,6.1,80.6
589,19,7,9,4.1,3,3.6,0,23.4,22.3,0,27.6,11.6,5.5,8,32.8
1256.9,15,4,12,1.3,2,2.2,3.2,17.9,10.1,0.2,32.3,10.2,0.9,13.6,53.1
3479.6,13,5,6,4.7,2,2.1,2.2,11,11.7,0.4,16.5,14.7,3.2,4.4,54.8
565.4,13,1,4,1.2,4,0.8,5.7,14.9,12.7,0.5,33.1,7.9,1.4,15,33.2
4285.8,0,1,7,2.9,5,0.9,8.9,20.4,4.9,2.7,22.1,0.1,5.6,8.8,104.6
2576.7,2,7,3,3.9,4,1.7,4.8,22.4,19,1,34.3,11.8,4.6,15.7,57
2506.8,6,2,5,2.6,7,0.2,7.7,23.9,43.4,0.8,36,11.7,2.6,12.4,69.8
3043.6,14,6,1,1.9,2,2.7,9.1,18.3,17.6,0.1,18.2,7.5,10,15.4,100.4
4158.5,18,1,10,4,3,3.1,1.9,13.5,26.2,1.5,9.9,8.9,1.5,4.8,95.8
1869.5,19,1,3,4.1,4,10,4.9,24.2,9.2,1.9,20.4,15,8.3,12.7,104.3
3454.5,1,1,8,4.7,2,9.9,6.4,24,9.8,4.2,29.9,11.8,0.4,14.5,100.6
2915.5,18,4,9,2.5,2,1.9,3.3,11.9,13.4,1.4,-0.1,15.9,8.5,15.9,72.6
1481.7,8,1,9,3,3,2.1,7.4,16.2,10,0,12.1,11.1,4.8,4.4,73.3
4417.4,18,3,10,2.5,1,4.9,7.1,20.2,6,0.1,26.2,9.4,8.3,5,121.6
4027.6,4,5,2,2,2,1.5,4.2,10.8,18.3,0.6,-13.1,12.8,7.5,12.8,93.3
3360.6,17,7,4,4,3,5,0.9,20.7,6.6,0.3,5.6,11.5,5.7,4.5,89.3
4282.8,15,1,5,2.4,3,4,0.1,2.8,8,2.9,10.6,11.8,3.7,4.1,75.1
4363,3,6,3,2.7,4,3.2,3.7,12,23.8,0.2,17,9.1,6.7,10.5,92.3
3600.1,11,6,11,2.6,6,8.2,0.8,12.1,22.7,0.4,14.1,7.7,8.3,10.4,111
4217.7,6,1,1,3.9,2,8.3,7.8,17.1,10.4,2.2,14.4,7.9,5,11.4,125.9
3547.9,13,1,6,4.7,5,9.9,3.3,2.9,17.2,0.5,2,12.1,4.1,4.2,98.5
3464.7,22,3,10,3.7,2,2.2,6.7,2.6,58.3,7,39.2,12.6,1.4,10,91
3169.3,11,1,2,2.9,2,8.9,3.5,22.5,1.1,4,10.7,0.1,9,7.4,113
3813,2,1,9,4.1,3,5.4,8,7.6,8.8,2.7,-4.8,7.1,2.7,13.1,96.8
961.3,4,5,1,3.6,4,5.9,8.9,8.2,23.4,0.8,31.6,3.6,1.2,8.2,75
4428.2,16,6,11,1.2,3,9,8.4,19.4,7.8,0.1,8.7,8,0.7,8.3,136.8
4384.8,9,3,9,1.4,4,9.4,4.8,10.4,8.2,0.8,3.5,7.6,7.5,11.9,132.9
340.4,9,6,7,1.2,4,7.3,0.8,20.8,3.4,0.9,26.1,10.6,6.7,11.9,48.6
4163.9,10,3,11,2.8,5,3.5,3.7,10,10.9,0.3,11.8,10.7,1.2,4.7,89
818.6,16,6,10,4.3,3,4.9,4.2,19,7.3,0.3,20,18.5,5.3,11.5,47.8
1808.6,4,1,2,2.3,2,6.2,9.6,13.1,11.7,2.2,10.4,11.5,1.5,11.9,84.6
3768.8,12,6,6,2.5,5,8.3,5.7,23.4,10.2,0.5,12.4,12.6,3.8,9.5,105.3
971.6,9,6,8,4.6,4,6.6,6.4,8.2,13.5,2.3,6.1,4.3,7.8,13.9,60.3
4126.2,8,3,2,4.3,1,3.7,7.8,9.1,13.4,1.6,3.4,8.7,2.3,4.1,105.3
4194.2,16,7,5,3.7,0,4.2,5.7,24.2,23.5,4.6,59.7,5.7,0.3,15.6,90.3
2635.8,0,2,12,2.1,3,0.5,6,18.4,13.8,3.2,8.1,12.4,1.9,8.5,63.3
230.7,3,3,11,1.5,5,9.2,2.5,19.3,8,0.3,0.4,10.2,4,11.1,55.2
1577.8,3,3,6,1.1,4,0.9,0.6,7.4,27.4,1.9,31.6,8.6,2.4,4.4,44.9
3161.2,17,3,3,1.4,9,5.8,7.2,13.3,6.8,2.1,21.2,13.8,7.2,12.5,124.7
4909.7,8,4,12,2.2,1,8.7,8.5,7.8,24.3,4,18.2,8.9,7.9,10.5,165.6
3232.7,17,7,2,3.2,2,4.2,4.1,6.5,6.9,2,12.1,15.3,2.4,15.5,87.3
1447.1,13,4,11,1.3,3,8,5.5,13.4,59.5,0.3,13.1,15.3,2.7,9.1,89
3243.2,14,4,6,1.5,7,8,3.1,24.7,8.1,0.6,14.4,7.5,5.6,12.7,99.4
2791.9,5,3,3,1.7,4,0.6,4.5,5.4,28.2,2,31.6,14.5,7.5,4.9,79.8
3943.3,23,2,2,3.5,6,4.1,2.1,6.1,3.9,4.9,15,10.5,9.6,4.8,96
713.5,9,3,1,3.5,3,6.9,7.6,6.1,69.3,4.4,31.7,8.4,3,15.4,102.6
3852.9,14,1,8,3.2,4,4.2,4.9,19.8,10.3,0.9,17.4,11.6,9.1,7,97.7
2798.1,3,2,1,2,2,5.5,5.5,12.8,5.9,3.6,15.5,3.7,1.8,14.9,93.1
4822.4,17,4,12,2.5,1,5.9,0.4,9.6,18,1.4,5.7,7.8,0.4,5.1,113.7
1841,17,6,5,1.4,1,1.5,6.2,21.1,19.1,1.2,43.7,11.7,7.9,11.7,65.7
3236.6,16,6,11,1.9,2,4.1,2,7.4,14.5,0.9,18.2,8.8,4.8,10.6,82
4673.7,11,7,6,4.6,1,0.3,3.8,9.8,8.8,2.3,18,14.3,0.8,15.6,79.4
692,6,5,11,4.9,3,1.5,4.1,1.8,9.5,1.8,40.3,8.4,0.7,8.8,15.3
4698.7,15,7,12,3.6,1,5.1,4.5,3,7.7,0.9,23,10.5,0.1,4.6,93.6
3501.9,10,2,12,4.7,2,5.7,2.3,3.4,17.2,2.9,24.3,9.5,3.1,9.7,85.7
525.6,13,4,3,3.6,2,1.5,8.5,8.7,9,1,18.7,3.9,7.4,13.9,47.1
1644.6,2,2,7,1.1,2,7.6,4.3,13.1,26.8,1.8,8.7,11.6,6.7,4.6,93.4
3599.2,18,2,2,5,5,3.7,6.1,0,22.1,1,32.6,11.3,10,4.4,109.2
523.3,17,6,7,1.4,2,9.2,6.1,4.7,20.6,0.2,1,2.3,5.9,13.9,80.5
2994.4,9,3,2,3.7,5,3.9,6.1,4.4,7.2,0.4,6.3,0.1,1.1,13.9,87.3
1860.2,5,1,5,2,5,1.5,5.6,6.3,5.4,2.1,8.7,8.2,9.8,6.4,64
3180.4,12,5,7,2.6,3,7.6,8.2,4.2,20.3,3.3,21,14.9,6.9,11.9,109.1
419.6,9,4,11,3.6,4,5.7,8.1,4.9,16.5,1.3,17.8,20,3.7,4.8,52.3
4383.4,17,2,11,2.7,2,3.9,4.2,24.6,18.9,0.8,-4.4,2.7,2.5,13.2,114.8
4872.7,19,5,3,2,0,3.6,6.4,14.9,10.3,0.8,45.8,16.5,2.2,7.7,112.2
4850.6,15,2,11,2.3,1,1.5,1,19.1,8.4,1.8,27.1,14.6,9.6,6.8,105.5
3798.3,5,6,4,2.4,5,3.4,0.9,20.5,21.5,1.3,12.1,7.7,4.2,12.1,89.8
824.4,12,1,1,4.8,5,0.3,4.8,16.7,7.5,0,23.2,17.5,4.9,14.9,27.5
3839.7,3,6,3,4.2,5,5,9,17.6,23.7,3,23.4,11.9,8.4,4.5,110.9
318,22,5,9,2.8,2,9,6.5,15.8,17.8,0.3,14,9.1,9.6,5.7,87
306.2,13,4,10,1.8,10,8,6.7,16.2,8.2,2.2,22.7,2.9,0,7.1,58.7
1753.3,0,2,5,4.2,0,0.3,1.6,23.2,17.7,0.8,22.9,10.4,9.9,15.1,41.7
2545.5,19,1,8,1.6,4,8.8,4.5,4.6,20.7,1.7,31.1,10.2,0.8,14.5,95.5
3898,4,6,2,1.8,1,4.5,4,6.9,27,3.9,18.8,19,8.4,14.9,100.2
3479.8,7,5,3,2.5,3,1.9,7.8,2.3,8,0.3,21.9,6.2,9.5,8.5,94.9
2340.3,11,6,7,4.5,3,7.5,1.4,20.9,10.1,3,15.5,6.5,5.6,6.8,64.8
1513.4,1,2,10,1.5,4,3.2,5.4,11.2,30.2,0.1,12.8,8,5.5,6.3,64.9
4986.2,11,2,4,1.5,1,2.5,9.1,22.7,17.7,5.1,8.8,20,6.7,14.6,121.7
2245.7,4,4,9,3,0,1.6,8.9,10.3,8.4,0.5,8.4,5.4,3.5,6.8,65.4
2366.7,21,1,7,2.1,4,4.9,8.5,11.1,25,3.2,12.4,15.2,1.7,10.4,83.6
985.4,4,3,11,3.3,3,0.9,3.7,11.2,30.8,0.1,15.2,3.8,0.7,8,32.7
4015.1,12,6,12,2.8,5,7.9,9.4,15.3,15.1,0.8,30.1,11.7,8.8,10,132
3529.7,8,2,1,2.7,4,4.7,8.1,19.2,25.2,2,13.4,10.4,5.5,8.1,125.2
1259.7,9,5,4,1.4,2,4.5,8.5,8.8,11.5,2.2,14,7.2,6.9,7.5,82.6
595.4,0,6,10,1.6,4,0,9.3,15.8,16.6,2.4,14.5,12.9,3.3,9.1,42
3466.4,2,4,11,4.3,0,8.2,9.4,5.1,17.8,0.9,17.4,6.8,8.1,8,115.4
3341.7,17,4,6,4.5,1,4.9,2.4,13.9,6.8,2.2,38.4,3.5,3.5,14.1,76.4
1511.6,11,2,6,1.9,4,4.4,1.3,13.7,8.6,1.1,13.5,8.8,0.3,11,45.4
4764.1,2,2,10,1.5,0,7.6,6.9,22.2,17.9,1.7,24.7,6.3,3.4,6.1,136.5
925.1,8,2,6,1.2,6,0.6,5.6,22.4,40.7,1.6,22.2,11,8.5,6.8,67.4
2275.2,1,7,5,3.4,4,3.7,3.3,12.2,7.9,0.4,18.7,8.9,8.8,4.6,63.2
4729.4,2,3,3,3.9,6,5.8,6.8,0.6,12.5,3.7,6.5,16.3,9.3,7.6,117
2214.7,13,2,2,2.5,4,4.6,0.6,21.1,23.1,4,24.3,8.7,5,12,68.9
3264.9,3,6,3,3.7,4,1.8,0.5,0,18.7,0.5,-5.1,11.1,9.6,6.2,64.7
2108.5,18,6,9,3.9,0,3,3.5,12,8.6,1.1,5.8,5.4,5,5.2,55.5
1516.2,12,7,3,4.7,2,3,1.9,0.5,41.8,1.3,11.5,8.3,1.5,7.9,45.7
4923.1,6,7,3,1.3,3,9.9,7.2,8.8,16.3,1.6,15.3,6.4,5,11.4,144.5
2164.8,11,1,1,1.8,1,3.3,9.5,15.9,15.3,0,19,14.7,8.7,9.7,96.8
4491.7,2,5,2,1.3,2,2.1,6.6,9.3,15.6,2.8,34.7,7,7.9,8,125
1303.8,22,2,11,4.5,3,8.2,6.5,23.2,11.4,4,25.6,7.4,4.3,14.6,76.2
1222.9,22,6,12,4.2,2,4.2,0.1,16,41.9,0.3,20,11.2,2.1,9.6,33.4
349.4,8,7,3,3.3,3,4.4,5.1,16.2,3,4.5,14,7.1,5.8,9.5,52.6
3328,1,6,2,1.3,1,5.5,8.2,9.4,11.4,3.8,14.1,15.6,9.3,4.4,120.9
1968.9,21,6,8,2.1,4,6,6.5,1,5.9,1.6,4.4,17.8,1.8,11.7,68.6
4348.9,8,7,6,2.2,2,5.9,2.3,18.5,11.1,0.6,-7.3,6.4,8.3,9.5,116
2471.4,11,3,7,3.2,1,0.3,8.5,17.9,31.4,0.5,2.7,13.4,1.5,5.7,63.2
4847.3,11,7,1,2,4,8.2,9.6,13.3,45.5,1.3,32.1,6.6,9.2,6.9,161.1
1090.5,14,7,6,1.3,1,1.9,2.8,10.4,7.4,1.4,9.5,8.6,6.9,6.4,44.5
4369.4,1,5,2,3.9,6,2.9,2.1,13.5,15.7,2.1,11.7,12.8,1.1,5.5,91.4
3927.7,17,7,6,2.2,3,1.7,3.4,18.7,16.5,3.2,30.3,10.6,2,9.2,90.9
3900.4,12,4,3,2.8,3,7.7,0.6,17.8,8.4,5.5,-13.7,10.7,9.3,8.4,102.5
4255,13,7,7,1.5,5,5.8,8.7,16.5,16.5,3.2,11,14.4,5.1,8.3,136.2
3852.9,4,6,3,4.2,3,7.6,9.3,22.6,39.1,4.8,4.8,14.4,4.5,7,130.2
3205.9,9,2,9,3.3,5,6.5,6.3,15.2,4.6,1.4,21.5,10.2,0.6,9.2,96
830,11,6,3,4.6,2,1,7.6,0.4,17.1,0.1,24.7,7.5,0.8,10.6,18.5
356.1,9,5,7,3,3,3,6.7,15.5,20,0.1,24.9,10,6.9,11.3,46.1
4620.1,23,4,12,4.8,6,5.1,3.8,15.3,34.2,0.6,36.1,6,7.8,6.6,128.8
3159.9,10,7,4,4.6,6,3,6.3,1.7,8.4,1.9,24.6,13.1,8.7,12.7,75.2
4023.4,1,3,8,3.3,3,2.1,8.4,10.7,5.1,0.8,21,9.2,5,4.3,91.9
2511.3,4,1,2,4.7,3,8.7,8.1,16.3,8.1,0.4,47.2,5.6,3.3,13,97.4
763.1,6,7,8,2.3,3,7.5,0.8,17.6,11.9,3.8,-7.5,15.4,6.3,7.4,44
800.9,5,2,9,2.5,1,3.5,4.6,22.3,18.9,8.4,44.4,9.9,6.2,8.4,55.8
3490.7,21,1,8,1.2,5,7.7,4,21,30.2,0,38.9,7,0.3,11,107.7
2265.5,22,3,6,3.4,3,6.3,7.5,2.9,20.2,0.2,16.2,14.6,9.4,11.3,83.5
1162.5,2,5,10,3.9,4,0,5,15.2,7.1,1.4,9.5,15,6.4,9.1,37.5
2559.7,12,5,1,4.1,1,3.8,3.5,14.9,13.5,0.8,10.1,2.5,0.1,15.3,56.9
508.2,2,3,7,1.6,3,2.9,7.1,7.6,14.2,3,14.5,14.4,9.6,14.3,51
2993.5,23,6,1,2.8,5,2.2,4.7,4.6,16.9,2.1,32.4,10.6,9.5,6.7,89.1
1491.2,20,3,7,1.7,3,2.5,2.6,5,12.9,0.1,-11.6,13.9,9.5,11.1,60.4
4028.3,5,7,2,3.6,1,9.4,8.9,4.4,18.9,1.6,42.1,9.7,8.9,12.7,126.6
1689.7,10,2,8,1.6,3,4.9,1.1,20.2,9.7,0.8,18,11.5,1.8,6.6,36.7
2385.1,16,4,2,4.6,3,8.5,0.2,3.7,33.2,6.7,32.1,8.8,9.8,4.2,97.9
255.8,9,7,3,1.9,4,2.1,1.4,6.6,24.1,1.3,3.2,14,7.6,15.7,40.3
547.7,11,7,12,2.2,2,1.7,1.6,5.4,19.1,5.3,26.7,7.3,6.4,15.5,39.6
2084,16,7,3,4.4,6,8.9,5.4,17.8,11,0.1,22.6,14.1,9.4,7.8,88.7
2503.7,3,1,1,2.8,2,5,6.2,4,14.8,0.2,24.8,10.7,3.8,6.9,81.2
3080.1,1,1,5,1.1,4,9,4.5,0.6,8.8,1,9.7,13,9.3,5.9,108.2
1600,10,5,5,3,2,0.6,2,9.4,26.2,4.4,13.4,6,6.1,12.2,51.8
3535.9,6,7,10,1.3,7,9.2,1.3,7.6,34,1.6,3.2,11.7,5.8,13.1,108.2
4328.6,1,6,5,4.9,7,4.2,4.9,9.9,28.7,3.5,27.2,12.1,6.5,9,108.5
3943.3,17,5,9,3.4,2,1.6,5.7,18.8,4,0.7,34.1,17.4,7.5,6.9,100.9
390.2,20,2,6,2,5,6.8,3,0.3,15.3,0.2,21.4,12.8,4.4,9.4,48.8
2506.4,3,3,6,3.3,3,8,2.2,0.9,3.3,0.6,-14.2,7.6,9.8,10.2,79.9
703.7,7,1,3,1.3,3,0.5,0.8,6.4,28.1,2.1,34.3,7.5,0.9,10.5,30
1361.8,19,7,5,4.2,1,9.9,0.3,22.2,12.6,4.1,19.4,13,9.1,9.3,70.4
4936,13,2,10,4.7,2,7,1.1,4.2,1.9,1.2,-13.9,7.8,6.6,4,102.4
884,11,5,7,4.5,4,3.2,7.4,24.9,13.2,0.4,-2.4,7.9,9.1,9.7,53.8
2594.7,21,5,3,2.4,5,1.5,3.4,20.1,35.8,2,5.4,6.6,3.7,8.2,65.8
3167.1,20,1,2,2.3,2,3.9,0.3,11.4,39.2,0.4,18,10.5,8.3,10.7,90.5
3571.8,17,5,5,1.1,2,2.2,5.1,18.7,11.1,1.7,5.7,10.9,6.2,4.8,102
2886.3,10,6,3,3.6,0,4.9,5.4,13,18.9,0.2,7.3,8.7,8.3,14.6,77.7
246.9,7,5,5,3.1,5,7.8,4.3,14.1,12.2,3.3,29,16.8,3.3,14.5,56.2
1767,1,4,9,2.8,2,6.6,1.1,14.5,32,3.3,32.2,12.3,9.2,10.8,75
2685,14,3,11,4.6,2,4.4,7.5,16.2,16.6,1.6,29.4,17,9.2,12.8,90.2
621.8,8,5,10,1.7,4,1.2,6.9,1.5,9.1,0.1,-1.6,10.5,4.7,9.3,44
1883,18,4,1,1,6,9.6,3.9,15.4,19.8,0.7,29.3,7.1,4,11.1,108.7
359.4,19,2,4,1.3,1,2.7,3.8,17.9,19.8,0.3,12.3,6,5.8,11.4,42.4
577.2,7,5,10,1.9,2,2.8,1.6,7.8,13.5,1.5,41.6,9.5,2,8.2,35.5
2105.2,18,6,5,1.1,1,6.5,7.5,24.5,12.8,0.2,21.1,13,5,15.5,86.5
837,4,2,2,3,2,7.7,6,3.6,32.5,4.1,32.6,8.8,9,11.2,84.2
2924.2,10,7,12,2.3,2,9.8,0.9,22.8,15.6,3.8,24.7,13.4,3.7,15.9,93.3
3509.4,14,5,2,1.7,1,9.7,3.8,16.9,4.6,0.3,23.2,15.6,7.4,9.2,112.1
4042.8,7,1,1,4,4,9.1,9,16.6,6.6,2.4,13.6,6.8,6.2,4.4,145.1
1160.7,18,4,8,1.8,2,4.4,4.5,21.9,16.3,2.4,32.5,5.6,2.6,7.6,68.7
1003.9,22,4,2,3.8,2,1.7,3.2,20.8,13.1,1,29.2,13.8,5.3,11.8,38.3
701.9,7,1,3,2.4,0,5.8,6.4,8.6,12.8,0.3,14,11.1,8.5,14.9,63.5
3254.9,18,3,12,3,2,0.2,2,17.6,4.9,0.3,12.7,11.3,5.5,11.4,67.5
3591.1,17,7,2,4.7,4,2,5.2,1.3,21.8,2.7,9.5,12.8,7,9.7,96.6
351.6,9,6,4,1.1,3,0,6.7,11.6,17.7,0.5,27.8,3.9,7.8,5,48.3
4693.8,6,4,1,3,1,1.8,8.5,23.4,14.5,1.8,20.8,11.8,0.5,5.7,104
449.5,8,2,3,4.4,7,4.7,6.9,6.9,3.8,4,21.5,10.7,0.5,4.6,45.1
2798.2,0,6,5,3.4,2,3.9,3.8,1.2,7.4,1.8,13.7,11.8,1.1,12.5,71.2
3603.5,18,4,10,2.1,3,3.7,7.7,14.6,4.6,7.3,35.5,6.2,1.6,14,86.4
4380.7,4,7,1,2.6,3,8.3,9,8.9,5.4,2.1,0.1,10.3,8.1,6,134.9
3627.6,18,3,4,3.7,5,6.7,4.8,9.5,6.1,0.8,27.4,8.1,4.4,7.9,102.7
4048.3,0,7,6,4.6,1,9.4,0,14.6,5.7,3.8,29.8,14.2,1.9,9.7,90.1
1829.4,14,2,4,1.2,3,4.5,8.8,15.5,7.3,0.7,14.2,9.7,5.3,5.7,79.3
4111.2,15,7,7,1.3,1,2.7,1.7,10.9,42.5,7.1,0.6,7.6,7.6,9,105.5
584.6,22,6,7,2.3,3,1.2,1.3,12.7,15.3,1.3,22.6,6,1.4,15.6,16.6
4495.1,6,2,6,1.9,3,6.7,3.1,24.8,11.7,6.1,32.4,13.5,3.4,12.6,124.6
2828.4,11,1,9,2.1,5,8.4,3.8,23.9,19.8,0.4,39.3,13.9,1.9,6,98
4123,7,5,2,1.9,5,1.8,8,17.7,2.2,0,25.9,17.7,6.5,5.2,108.8
2371.1,4,1,10,1.8,2,8.8,3.9,4,13.2,0.4,10.6,8.7,1.4,9.3,85.4
3289.2,9,6,8,1.5,1,5.3,0.5,9,20.9,0.2,26.3,5.9,7.8,15.9,88.3
2726.7,20,5,8,4.7,2,1.4,6.4,22.1,39.7,2.6,24,9.5,2.1,13.5,90.4
3711.6,4,1,11,1.6,1,6.4,6.7,10.6,13.6,0.6,21.9,7.2,0.6,7.5,110.2
591.8,16,5,10,1.8,4,5.2,8.1,23.9,8.9,2,7.4,7.5,9.1,4.3,76.1
489.7,4,4,11,2,5,0.3,4,12.2,5,2.2,25.2,11.9,3.3,8.9,25
1386.1,21,7,4,4.7,5,4,0.9,21.5,13.7,2.3,23.6,14.4,5,5.9,39.3
965.8,14,2,6,4,0,7.8,5.5,0.9,9,3.6,47.1,11.7,1,6.2,58.2
4384.6,12,5,11,4.2,5,5.6,1.2,10.9,10,0.3,19.1,10.5,4.8,5.9,102.9
1252.2,0,4,6,1.4,1,2.8,0.2,17.5,14.5,0.1,38.3,13.3,2.2,12.6,32.6
4884.2,10,7,5,4.3,2,9.3,7.8,21.6,8.2,0.1,34.7,9.1,8.4,4.4,142
1817.1,22,7,1,2.6,2,2.4,4,15.2,3.8,0.2,18.6,15.8,7.1,10.8,57.8
1074.2,0,3,3,2.1,0,2.5,5.3,4.3,16.7,1,32.8,20,6.6,13,48.2
3990.6,10,1,7,3.3,3,3.5,6.6,22.1,7.4,6.8,8.6,7.5,7.8,5.9,104.7
3361.8,17,3,8,4.3,1,8.9,4,14.4,23.1,0.9,15.7,14.8,2.9,14.7,104.2
2591.3,17,6,2,4.1,4,5.1,0.5,2.7,5.8,1.2,11.6,14.8,4.5,4.9,82.6
2865.7,20,4,3,4.6,3,6.8,2.5,11.6,28.7,3.4,16.1,12.1,0.9,12.2,85.5
3652.2,15,3,4,4.7,3,9.8,1.9,17.5,8.8,5,-6.1,15.1,0.7,6.1,96
1296.6,12,3,11,2,5,7.8,9.8,11.3,36.4,7.1,39.6,11.4,3.3,13.7,102.2
4982.4,6,7,5,2.7,3,1.7,7.4,21.8,3.7,3.5,14.3,12.6,8.2,10.9,113.4
4879,0,4,3,1.1,4,7.9,4.5,10.6,26.6,1.4,27.4,10.3,6,11.1,128
3321.6,15,7,5,4.5,1,7.5,0.6,14.6,7.9,0.5,20.9,10.6,4.2,8.2,85.4
1157.8,0,2,8,1.6,1,2.3,1.2,5.3,3,1.8,14.7,12.5,9.7,7.4,42.2
3465.1,16,5,8,4.4,4,3.3,8.1,12.8,6.5,0.4,2.7,11.7,4.4,9.6,89.2
546.6,5,6,2,2.3,2,7.1,9.5,5.6,37.2,0.1,7,5.8,4.7,13.1,81.1
347.1,1,6,6,2.5,3,2.4,0.3,5.6,9.8,5,15.2,12,9.9,6,36.2
1436.9,16,1,4,1.2,1,2.1,9.1,7,17.6,1.3,12.3,9,1.3,13.8,53.4
2420.6,5,7,9,2.3,3,7,3.8,1.1,9.9,1.4,6.3,7.8,2.6,9.8,64.8
4367.7,13,5,10,4.6,4,8.8,2.1,4.1,13.7,1.9,9.8,13.9,4.5,9.4,103
3690.4,17,1,2,1.1,2,0.8,1,10.6,9.8,1.2,23.5,6.3,5.7,4.2,93.6
3765,5,6,8,2.6,4,4.5,7.7,3.3,7.2,1.2,28.5,8.9,1.5,5.5,90.9
2242.4,9,5,1,1.1,9,6.1,4.7,3.3,18.2,4.9,4,5.7,3.3,9.2,101
1860.5,23,3,11,2.5,4,6.8,8.3,24.2,3,3.4,7.4,8.4,2.2,15.8,85.6
1981,17,2,6,1.7,2,10,2.3,10.7,5,0.5,20.6,19.6,8.5,7,83.4
4940.7,8,3,11,2,5,6.8,6.8,10.1,20,0.7,16,6.9,8.3,4.1,155.3
392.5,7,2,11,4.5,0,6.2,1.2,6.7,12.6,2.2,13.6,9.4,2.4,9.2,33.3
4361.8,9,7,12,2.7,2,9.9,0.9,12.8,24.6,1.7,29.1,15.6,4.3,4.2,126.7
2977.6,16,4,10,2.1,2,0.6,1.3,14.9,40.7,2.9,20.2,11.8,6.5,8,67.6
2305.4,22,1,1,3.4,4,0.7,8.1,10.5,20.2,2.6,-1.5,9.4,0.5,8.2,75.3
3681.2,5,1,2,1.6,1,5.6,6.6,9.8,40.7,2.5,8.4,7.2,8.8,4,131.9
2536,13,4,3,2,3,3.6,1.7,17.5,25.9,4.2,-1.9,12.7,5.1,13.4,76.7
4392.4,21,5,9,3.2,7,1,3.8,23.7,9.9,2.9,15.8,8.7,2.3,15,81.3
4523.4,21,4,5,2,1,3.1,7.6,21.9,22.8,0.6,2.1,18.7,4,16,101.4
2224.3,5,7,10,3.7,3,6.7,2.9,3,34.9,4.1,-3.1,8.9,9,10.1,84.4
1528.8,6,6,10,3,3,8.8,9.2,16.3,17.8,0.8,-6.7,16.8,0.2,7.7,75.3
3043.3,11,4,12,4.1,3,0.9,9.1,0.2,19.8,4.8,41.8,13.5,1.4,12.6,72.3
4579.3,2,2,2,4.8,1,5.4,5.5,15.8,6.6,3.5,1.6,13.5,1.9,12.8,108.4
1211.2,13,6,10,1.5,1,3,6.3,11.6,20.4,0.2,14.2,9.4,0.6,8.6,43.9
3190.2,21,4,5,2.3,2,6.7,6.5,12.3,13.9,3,18.7,8.2,2.3,10.8,100.3
3231.5,18,1,5,2.3,7,5.5,2.6,14.7,9.8,1.4,19.4,9,8.2,13.9,96.7
3718.9,22,3,1,1.6,5,9.3,3.7,18.6,27.6,7.6,25.5,14.2,5.3,6.3,136.2
831.5,15,2,3,4.2,5,0.4,1.4,18.2,3.5,1.2,17.4,12.1,6.1,4.2,19.3
3636,6,7,5,4,2,4.7,9.2,1.1,18.2,0.1,12.6,2.5,1.6,10.5,97.1
4563.4,7,2,9,2.9,8,1.9,7.2,18.4,23,0.7,20.6,4.8,2.8,12,130.6
1062.5,17,5,10,3.2,5,5.4,0.5,20.7,12.1,1.1,20.5,9.5,9.2,10.9,59.1
1340.2,12,3,1,1.2,4,8.5,5.5,1.7,38.4,1.8,18.6,12.1,2.1,11.2,84.6
4862.7,20,2,8,3.2,3,9.1,3.4,8.1,13.5,0.3,25.7,9.1,9.1,8.7,143.3
1068.7,8,4,1,4.2,5,4,8.2,19.8,6.5,1.4,10.5,8,6.6,11.8,76.4
4301,9,2,9,3.3,2,8.1,3.4,12.3,6.3,1.3,15.6,6.1,5,4.5,111.3
2562.9,20,2,6,2.1,4,2.8,6.4,17.4,14,3.6,2.1,13.7,1.7,5.8,85.1
1386.7,22,2,1,3.7,0,0.1,1.7,12.6,5.6,0.7,15.1,10.4,6.7,9.3,36.2
4379.6,8,5,8,2.4,2,8.6,5.6,24.5,45.7,1.2,10.3,16.7,8.9,15.3,143.1
2337.5,14,2,5,3.2,3,1.2,2.9,23.4,9.4,1,30.7,4.8,1.6,11.7,48
2671.1,19,2,7,3,7,0.2,1.6,7,33.5,2,0.5,12.8,0.1,8.3,69.5
1924.3,1,5,7,2.5,5,3.5,6.2,9.6,29.7,3.6,12.3,12.2,7.4,9.5,74.1
3046.2,12,6,7,3.9,5,3.8,6.4,10.8,17.2,2.3,11.7,13.4,6,14.1,74.1
984.9,1,3,6,4.5,3,0.8,9.8,2.6,11.8,1.3,26,13.3,5,10.5,35.6
2077.2,18,7,11,1,1,8.1,6.7,10.1,13.9,2,2.7,8,4.6,4.6,104.8
4853.2,1,6,8,4.7,2,4.1,5.2,19.4,25.7,0.8,18,9.3,5,9,105.7
1439,2,1,9,3,2,4.9,9.1,21.2,16,0.3,18.9,10.7,3.7,8.7,68.7
3352.3,5,5,12,3.8,5,2.6,8.3,22.2,27.8,0.8,29.1,6,0.8,14.8,95.2
1760.9,2,5,2,4.4,1,5.1,5.5,0.4,7.2,1.2,7.7,14.1,7.8,7.7,69.4
3912.7,9,2,7,2.9,3,7.7,5.1,19.7,17.6,1.2,2.3,0.1,4.7,4.8,135.5
828.2,23,2,2,4.3,2,9.1,9.4,12.6,9.5,2.7,23.7,5.4,8.2,8.3,94.8
4855.1,5,7,6,1.7,2,9.7,6.2,5.2,8.6,5.5,1.3,3.3,9.8,4.5,159.4
2378.2,22,1,2,1.6,3,4.3,7.1,12.5,9.9,1,11.7,14.4,1.7,14,83.4
1333,15,2,10,3.6,5,9.9,0.9,21.1,21.4,0.2,15.1,10.9,7.9,11.1,71.4
552.8,16,4,6,4.5,3,2.9,7.2,10.9,19.2,0.1,25.4,7.9,9.8,9.6,56
1014.8,18,2,2,4.6,1,0.1,2.6,24.8,1.7,0,-0.5,10.4,7.2,8.3,43.7
2694.9,2,2,1,3.6,3,7.7,1.2,15.4,37.7,5.6,14.4,11.1,2.5,9,99.1
1817.6,17,4,7,3.1,1,1.8,8.5,12.2,17.4,10.9,18.3,5,9,13.5,90.3
4178.6,6,1,3,2.3,3,0.5,6.9,7.4,7.9,0.1,7.7,10.6,7.9,6.2,93.1
2268.3,8,4,12,4.9,2,9.2,4.1,0.3,23.6,0.9,13.7,15.6,4.5,4.9,91
1393.8,19,5,4,2.3,5,7.9,4.3,15.3,29.1,2.2,28.7,16.3,5.7,10.7,88.6
3162.3,11,4,6,4,4,1,2,14.4,15.3,0.4,11.9,13.4,7.2,14.3,55.6
3592.5,4,3,5,3.1,5,7.8,0.1,12.9,13.1,1.8,13.6,11,1.2,10.7,83.8
1001.8,2,5,4,3.4,1,8.4,3.5,13.4,10.1,3.4,28.6,13.7,9.3,13.6,58.4
1004.6,10,2,9,2.6,1,9.1,1.5,21.1,21.4,3.9,15.4,12.8,9.9,14.7,73.5
376,3,7,6,4.9,1,5.4,4.2,7.9,20.2,2.5,34.1,5.5,3.3,4.9,42.4
3734.7,4,5,6,3.3,2,7,8.3,13.8,26.1,0.2,-1.7,6.3,7.2,11.1,122.9
3386.3,0,1,2,4.8,2,7.6,1.1,17,22.7,0.9,14.7,12.5,4.2,14,88
2478.2,17,1,6,1,1,6.9,0.9,5.2,18.8,6.8,27.3,7.3,0.3,11.7,79.7
4252,11,4,7,3.3,1,6.5,9,23.1,16,0.4,9.4,5.9,9.6,11.1,137.7
4067.2,12,5,8,3.9,4,5.5,7.5,18.4,17.1,1.2,15.2,15.2,1.4,13.5,108.7
3009.7,8,2,8,4,6,4.8,0.5,1.3,25,0.8,33.2,10.3,0.7,12.5,67
4367.7,1,1,9,4.6,3,10,0.8,21.6,23.8,0.5,8.7,9.7,8.4,10,118.1
1188,4,6,10,1,1,3.4,6.8,23.2,13.1,0.8,23.8,5.2,0.3,4.5,56.9
737.2,12,2,11,1,6,0.9,3.7,19.8,11.5,0.4,27,8.2,6.9,11.4,43.4
1494.8,15,6,12,2.9,2,7.7,7.2,10.7,41.5,4.2,18.9,8.6,9.3,6.6,94.8
474,15,3,3,1.1,3,2.1,4,24.9,4,0.4,18.5,6.4,4.1,7,26.3
2749.6,23,6,10,4.9,7,5.3,9.7,3.1,8.6,2,5.7,5.1,0.7,12.2,84.3
4695.7,2,1,7,1.9,3,1,6.9,13.4,16.6,5.7,26.8,17,2.2,9.4,90.2
388.8,21,4,7,2.9,5,6.2,0.5,4.3,32,6.1,2.9,15.6,9.5,12.6,49.4
786.1,3,3,1,1.2,4,9.4,3.3,11,28.5,1.8,22.7,9.6,4.7,8.7,85
2370.6,10,5,8,3.1,4,7.2,5.6,23.2,15.1,0.6,11.8,4.7,5.4,14.4,93.7
4682.6,22,2,4,2.5,4,2.1,1.4,19.9,4.2,0.6,13.3,3.1,1.6,9.1,84.7
1717.5,13,1,5,1.2,6,9.7,0,19.6,9.2,2.8,15.6,8.2,9.2,9.9,89.5
2634.7,2,3,6,2.3,3,3.1,0.8,8.8,17.6,7.9,24,1,5.2,5.5,78.2
399.5,15,3,3,2.6,3,4.4,5.2,23.4,21.9,0.2,36.7,8.2,5.3,10,48.4
912,21,1,5,5,4,5,6.3,9.2,30.5,3.1,19.3,1.9,5.8,6.9,74.4
4935.8,14,5,10,1.8,7,9.9,0.9,1,13.7,0.3,9.4,9.6,7.7,13.2,129.4
4832.6,9,5,5,3.2,2,0.7,6.7,15.9,5.3,0.7,0.7,10.8,2,12.6,92.6
223.7,8,4,1,4.9,1,7,6.2,9.1,4.1,1.7,31.9,9.3,9.4,4.2,54.6
4768.7,10,7,3,4.2,2,3.6,9.4,3.8,11.7,0.7,20.1,18.7,1.8,9.9,99.8
3267.8,15,6,3,5,3,0.8,8.4,23.4,23.8,2.1,15.2,9.2,2,4.5,72.7
4366,9,5,1,4.9,2,9.4,9.4,15.9,13.9,1.1,18.7,16.9,0.1,10.8,136.2
2382.8,16,4,7,3,3,5.9,9.7,23.5,3.6,0.5,27.2,11.2,0.2,14.8,81
2674.9,18,6,1,3.8,4,7.5,4.4,14.6,10.8,1.5,13.1,18.1,4.3,14.4,79
2546.5,1,3,7,1.4,0,2.4,4.9,1.6,29.7,0,10,3,1.8,6.9,67.7
3400.9,23,1,4,2.8,5,7.6,2.8,0.7,2.1,2.7,2.3,5.7,2.1,5.7,83.2
870.3,22,5,9,4.2,0,8.3,5.1,22.5,11.1,1.5,5,8.9,9.9,13.5,66
343.9,1,4,7,3,5,4.3,1.5,1,28.4,5.9,13.9,16.4,9.3,10.6,42.3
1678.1,5,3,5,3.8,4,5.7,6.7,15.4,7.8,0.2,30.9,9,3.2,9.1,67.9
3582.5,18,5,7,4,4,9.7,0.2,7.4,15.1,2.6,11.9,7.3,3.4,13.7,101.4
1168.9,7,2,9,2,4,8.5,2.4,17.2,23.1,0.7,21.1,12.4,2.9,7,78
3432.5,2,7,10,4.5,2,4.4,2.1,7.1,48.6,0.9,31.5,13.6,8.8,6.7,74.8
4855.6,13,3,6,2.8,1,6.6,9.4,0.9,24.2,0.9,22.6,6.9,1,11.3,134.7
650.7,15,5,1,1.8,2,7.8,1.4,18.3,5.5,0.9,41.7,7.2,5.8,7.3,49.2
3428.5,0,3,6,4.5,5,0.2,8.9,7.8,33.5,1.1,18.8,16.8,1.9,9.1,77.1
2330,20,1,1,2.7,2,5.9,1.2,13.8,16.2,0,16.1,15,7.6,9.5,78.5
4367.1,2,1,12,4,1,9.8,6.5,19.3,4.8,3.8,13.4,16.1,6.3,6.5,134.4
1050.3,21,7,4,3.2,5,9.5,3.2,17.6,2.1,4.3,41.9,13.8,3.9,4.7,53.3
3524.6,17,1,8,2.5,3,8.3,3.2,8.7,4,0.1,32.6,6.6,1,13.2,107.4
4223,8,6,5,4.2,1,1.1,10,18.7,9.1,3,0.5,9.9,7.7,13.4,101.6
4734.1,5,2,5,3.3,0,9.9,2.3,23.1,13.1,0.2,43.3,5.8,0.8,11.2,115.8
3479.6,22,1,10,2.6,5,6.1,2,15.2,16.7,3.3,24,13.9,2.7,5.8,85.8
2586.4,20,2,11,1.4,3,2.2,5.9,17.6,23.1,1.9,19.5,7.8,2.5,9.7,94.7
3165.7,0,1,8,4.6,3,6.7,7.4,21.6,4.2,0.7,24.2,3.2,5.8,6.1,92.8
4370.7,20,6,8,1.1,2,8.6,9.8,21.1,7.8,1.9,6.5,10.5,5.1,14.6,128.9
2938.9,9,3,1,4.5,2,1.1,7,8.8,14.5,1.4,20.4,14.5,2.8,12.4,83.7
345.9,5,5,5,2.4,3,9.2,5.6,24.8,13.6,2,14.3,4.5,4.3,4.4,65.2
4668.6,22,5,12,3.6,2,9.2,4.1,0.7,17,1.3,13.7,9.5,4.4,4,125.8
3509.7,11,1,5,4.7,5,0.1,6,24.7,11.3,3,29.5,7.8,5.7,15.8,86.4
3447.3,3,5,8,1.6,3,9,6,6.1,26.4,0.1,14.8,14,9,4.5,120.9
1235.2,12,1,1,3.3,4,9.5,2.2,11,19.7,0.8,19.2,1.8,1.4,14.4,72
3362.7,16,1,7,4.1,3,0.4,6.7,22.1,19.5,1.6,21.9,14.5,5.6,15.5,80.2
2090.5,7,7,7,4,5,2.9,2,6.1,4.5,1.8,29.3,7.2,0.2,7.7,50
3325.9,19,4,9,3.1,1,3.7,4.9,5.6,29,0.4,33.2,9.4,7,10.5,104.2
711.6,2,4,2,3.5,3,3.5,2.6,16.1,31.5,0.2,18.2,13.4,6.4,11.8,54
3357.7,11,7,3,4,4,7.6,3.1,17.6,4.4,0,13.5,15.9,6.9,10.2,82.1
4997.2,6,4,4,4.4,2,3.6,6.1,0.2,45.5,1.1,40.8,10.2,4.7,6.6,120.3
431.4,11,2,1,4,1,9.6,0.6,11.3,15.5,0.8,-13,7.1,1.9,11,45.9
4890.4,1,4,7,2.4,1,9.9,0.1,12.2,8.8,1.7,28.4,7.9,4.5,7.1,114.2
2153.2,23,1,10,5,3,3.2,1.3,6.8,8.5,1.2,16.3,14.7,0.2,6,40.6
4379.6,13,6,3,2.7,3,5.1,1.7,13.7,3.5,1,24.8,6.5,3.8,10.1,96.1
3955.5,21,6,3,1.1,1,5.6,2,3.9,34.2,3.7,18.5,11.3,8.4,8.5,100
2921.7,22,3,3,2.5,6,5.8,7.7,8.1,9.2,1.9,33.4,10,3.4,4.3,104.8
3744.6,4,4,8,1.5,2,3.7,4.5,17.8,10.4,2.1,23,13,5.9,15.4,100
4416.9,8,6,9,1.5,1,1.7,4.7,21.8,4.2,1,0.9,10.1,2.6,4.5,92.5
2139.9,20,4,10,2.1,6,0.5,6.4,14.7,17.9,3,0.4,8.3,1.3,14.8,78.8
1769.8,10,3,2,1.2,3,1.1,7.3,1.9,14.5,0.3,15.4,8,5.2,6.3,65.6
3404.4,4,6,10,3.8,1,9,0,17,35.1,1,25.3,7.9,0.4,5.7,88.9
4077.7,2,1,10,1.3,2,2.8,8.6,22.4,3.2,0.1,33.7,4.5,9,4.8,110.6
3859,16,2,1,1.8,2,0.8,9.9,12.6,17.2,0.2,10,12,7.8,9.1,109.8
4029.5,1,7,9,1.4,4,6.2,1.2,12.3,4.7,0.2,-8.5,10.8,10,11,97
2290.8,23,7,6,1.3,3,0.8,6.5,24.8,7.5,1.2,23.2,4.1,9.9,14.8,73.6
4125.6,0,7,9,2.1,3,0.7,0,15.9,14.5,2.4,18.5,8.4,7.3,13.4,63.3
777,6,4,6,3.3,5,6.2,0.5,20.2,40.9,0.7,19.7,8.9,7.8,5.9,58.6
2813.5,13,6,2,4.9,1,5.9,2.9,16.2,1.2,0.1,4.8,7.7,5.3,6,69.9
227.6,4,6,1,4.5,3,0.4,8.5,5.5,1.7,2.5,32.3,9.5,2.2,4.1,13.1
1758,18,3,8,4.5,5,4.6,6.5,7.1,4.8,0.5,8.2,9.6,8.1,12.3,79.1
1959,10,1,3,1.7,3,4.4,4.5,16.6,14.3,2.6,21.7,13.6,2.7,4.2,66.2
2101.6,22,5,1,2.1,3,5.5,4.4,11.4,3.9,0,21.3,10,6.5,5.7,68.4
3538.2,1,6,8,1.3,2,7.4,4.7,10.1,1.9,0.7,24.6,12.4,7.3,11.6,103.1
2065.1,7,2,12,4.1,4,2.8,3.1,0.6,18.1,1.9,9.1,4.4,5.6,5.8,79.9
2353.7,8,3,1,1.3,4,4.3,8.8,22.1,10,4.1,6.9,5.8,6.6,5.8,111.4
1340.2,2,6,8,3.2,4,7.9,5.7,22.1,29,2.8,28.2,4.5,2.9,6.8,71.5
1991.6,1,6,1,2,0,9.2,4.8,11.5,18.3,1.2,24.6,8.4,7.6,8.6,83.7
1290.9,6,3,9,2,4,8.9,4.7,17.5,18.6,2.5,22,10.2,9.4,4.1,83.3
551.3,4,3,9,5,2,4.8,9.4,4.4,7.6,1.5,31.5,16.7,4.8,13,40.6
3096.6,20,4,12,4,2,5.2,7.2,12.6,31.2,3.4,22.1,6.7,1.2,13.3,116.5
3407.4,4,6,9,4.3,5,5.3,1.4,11,5.4,3,13.6,13.4,6.2,8.4,75.7
3173.6,19,5,3,3.3,3,8.7,4.4,16.4,10.6,7.4,24.2,6.7,3.4,13.6,103
2424.8,12,2,4,4.5,2,8.4,2.9,11.7,15.1,0.2,23.4,10.1,4.2,7.4,72.8
2023,20,1,5,3.6,5,3.1,9.9,12.5,28.4,0.8,23.7,9.4,1.5,15.8,88.2
4344,19,1,6,4.8,2,1.6,4.2,7.4,3.9,0.4,7.4,6.3,6.3,8.8,93.7
2691.6,5,5,9,2.1,1,3.8,0.7,1.2,19,2,6.3,6.6,7.9,12,70.1
2500.1,19,3,11,3.4,3,2.9,4.1,22.9,6.9,2.2,28.6,16.4,7.7,7.9,76.5
323.1,17,3,12,3.8,3,9.5,3.2,0.3,11,0.5,16.2,7.9,9.9,9.4,72.4
1838,1,3,4,2.6,1,2.7,6,7,27.9,1.1,-5.3,14,2.1,11.7,57.7
2024.9,5,6,6,4.5,3,1.8,2.3,11.2,11.2,1.8,1.5,12.7,9.1,8.2,48.5
2114.3,8,3,1,4.9,1,9,0.4,8,10.9,2.2,2.2,7.6,7.3,11.9,81.8
2984.8,2,3,2,3,4,0.9,1,13.8,5.5,0.2,30.8,10,7.1,5.8,66.3
2761.3,0,6,8,2.6,3,2.6,2.8,11.5,5.3,5.1,17.4,10.5,6.8,9.8,62.7
3117.9,0,6,4,2.9,4,4.4,3.5,6.4,19.9,0.1,18.4,11.9,5.4,7.3,77.6
3871.4,18,5,10,4.4,3,6,8.3,2.2,15.2,7.2,13.8,8.4,3.8,15,118.7
4102.3,4,4,7,3.6,6,3.3,2.7,3.4,18.1,0.8,5.3,4,9.4,13.9,93.4
3647,12,6,4,1.2,1,5,0.3,12.2,11.1,0.8,27.1,7.2,1.5,9.8,78.1
4786.5,18,2,9,3.2,3,2,7.8,21.1,11.6,1.2,25.8,14.7,1.8,9.4,113.8
287.5,11,3,9,1.1,5,5.7,8.7,2.5,20.2,2.4,9.5,9.9,0.2,14,59.7
1139.7,15,4,4,4.1,2,4.1,4.9,16.9,15.3,0.3,34.8,8.3,7.4,12.3,50.5
236.3,18,1,8,2.3,3,8.5,2.8,19.8,1.5,0.6,26.9,4.1,8.9,12.2,65.6
3307.9,2,5,6,2.9,2,4.2,7.7,6.9,36.6,6.5,7.8,14.9,1.9,10.6,98.4
4510.5,11,4,1,4.2,5,4.4,0.1,16.7,8.3,4.2,14.6,9.2,0.3,14.3,91.3
1368.7,4,6,7,1.2,0,5.9,9.2,17.2,26.5,0.5,13.6,14.3,2.4,6.3,84.7
4649.8,1,3,1,1.6,1,1.2,8.7,17.7,27.1,1.7,21.7,12.7,8.8,14.3,114.2
489.3,21,3,3,2.6,3,1.6,5.4,22.3,20.9,0.5,0.9,13.2,0.2,10.2,32.7
4685.3,6,3,8,1.9,3,7.9,2.8,10,23.4,1.6,9.5,16.6,1,11.5,109
1887.8,12,4,9,2.4,4,2.7,0.3,6.1,47.3,0.9,27.5,10.5,0.2,15.5,43.3
686.8,14,3,3,5,4,6.8,10,13.6,1.7,0.9,-1,9.5,9.4,9.1,64.4
2532.2,21,6,1,4.3,4,1,7.6,1.6,19.3,2,15.6,16.3,1.4,12,65
1432.5,2,4,1,4.5,5,8.2,3.4,8.3,26.8,0.6,3.3,13.3,9,10.3,72.5
1567.4,20,3,7,4.7,3,9.9,0.2,22.1,3.3,1,29,7.2,4.7,15.2,68.5
1675,19,1,5,2.4,4,3.7,6.4,13.3,23.1,5.2,22.1,14.2,3.9,9.9,79.1
4054.5,4,1,1,2.2,0,5.1,9.9,10.9,5.2,2.8,0.4,16.1,4.3,7.1,110.6
2788,23,2,6,1.9,4,4.4,7.1,6.6,9.8,1,5.5,0.8,4.2,9.8,94
1694.3,7,3,6,4.3,4,8.9,0.8,6.3,11.8,0.5,18.2,5,3.4,15,60
3129.6,21,3,4,3.7,1,0.1,4,5.9,7.6,2.2,-9.7,6.8,8.1,10,61.5
3637.5,0,4,7,1.9,5,6.5,1.1,20.7,12.8,3.3,4.8,12.9,5.1,5.8,91.3
1508.6,7,4,7,2.5,2,6.5,9.1,24.6,16.2,3.9,8.1,13.2,9.9,10.5,106.9
2185,23,7,12,3,2,3.8,3.3,13.4,4.1,1.7,33.4,12.1,5.2,8.7,69.8
785.1,17,3,9,3.1,3,2.2,7.3,2,29.8,1.5,11.1,13.5,8.2,11.8,62.1
1069.5,19,2,12,4.6,4,2.4,0.8,18.8,17,2.5,25.9,5.6,7.5,6.9,72
3469.4,15,3,1,2.5,4,8,1.3,21.9,26.6,0.4,12.3,5.2,4,7.9,110.1
1070.9,17,6,5,4.6,2,0.7,6.8,23.3,15.2,3.8,26.9,15,7.9,10.2,54.6
2720.8,19,4,10,2.8,1,5.6,8.4,15.7,44.3,0.2,-0.6,10.4,1.5,5.4,112
3603.4,11,3,3,4,5,3.1,2,12.7,27.8,1.8,9.3,14.8,2,6.5,74.2
713,12,4,7,4.7,4,2.7,4.2,15.5,12,1.8,16.7,7.2,6.2,13.6,41.2
2923.1,12,3,4,4.6,5,5.1,6.2,0.3,7.2,0.7,20.1,5.8,7.1,15.3,77.4
1431.5,9,5,4,1.2,3,9,8,16.4,7.5,0.1,21.9,4.9,6.4,15.6,93.3
4822,6,4,12,1.8,3,6.2,6.3,17.7,7.9,2.5,20.3,13.2,5.1,15.2,134.8
2521,13,2,1,2.9,2,7.9,1,18.1,24.9,0,24.1,14.5,1.4,15.3,71.5
4068.8,23,5,1,2.7,3,6,5.4,14.1,15.3,0.4,17.9,12.2,3.7,13.9,110.4
2841.1,15,6,10,3.6,1,7,8.8,17.5,41.8,1.6,20.1,8.1,6,12.8,118.5
408.4,14,3,2,4.8,2,4.3,8.7,16,12.9,5.6,5.8,12.5,2.3,6.8,42.9
3239.1,11,7,2,1.4,4,9.3,5.9,2.9,12.3,0.1,-1.4,12.4,6.4,9.3,119
4766.7,8,6,1,2.8,2,5,10,22.5,8.9,1.7,4.6,1.9,2.3,8.8,136.8
3087.7,7,4,8,1.8,5,5.5,1.1,15.6,8.4,0.8,-2.2,8.6,1,12.8,82.1
4132.1,17,5,6,4.6,4,5.2,4.8,18.2,2.9,2.2,20.7,11.1,3.2,9.7,102.6
4444.2,22,6,6,4.9,2,3.2,7.8,8.6,30.7,6.1,29.3,14.4,2.7,8.3,102.1
1294.8,17,2,10,2.9,4,2.3,1.4,23,4.4,0.6,6.6,9.7,8.1,13.8,55.4
1217.8,12,7,10,1.4,1,0.7,9.7,12.6,7.4,6.2,30.1,10.6,4.8,13,45.6
3132.7,17,4,9,4.1,4,7.2,3.5,17,11.6,4.1,23.4,9.7,0.6,8.4,96.7
2172.9,14,5,5,3.8,2,2.9,3.5,23.8,3.1,1.9,11.4,11.1,8.2,9,55.3
4231.3,3,6,4,2.4,7,3.9,2.1,22.9,9.6,2.8,13.8,4.5,2.7,14.7,106.9
4520.1,16,5,11,4.5,3,9.2,2.9,16.1,5.5,4,31.4,7.6,5.7,12.8,114.2
1896.4,4,5,6,4.9,2,5.7,5.8,4.1,12.8,3.3,-9.9,1.1,5.4,12.3,71.4
1337,21,6,8,3.2,6,1,4.3,23.8,56.4,0.8,31.3,8.2,9.7,12.5,78.1
3946.5,15,1,1,3.3,1,8,1.9,24.6,10.9,3.3,28.8,12,2.5,5.2,99.9
1519.1,8,3,7,2.2,2,2.6,8.1,2.6,17.7,0.8,10.9,6.8,1.5,10.8,64.3
4148.5,9,4,8,3.3,4,5.5,0.6,11.3,24.7,4,16.9,9,2.6,7.5,94.7
2233.9,23,4,9,2.8,7,5.1,8.3,13.7,8.1,0.6,37.5,11.6,5.8,5,82.6
3404.2,17,7,11,2.2,5,2.4,2.7,2.3,1.8,1.7,2.3,20,2.2,12.8,60.6
658.6,16,7,8,1.3,2,1.2,5,4.7,4.4,2.4,15.8,9.7,3.4,7.7,34.6
3194.5,17,7,7,2,4,2.1,3.8,13.4,15.3,1.1,25.8,12.9,6.6,7.7,88.8
2368.5,6,4,3,1.8,5,1,5.7,24.1,3.4,3.1,20.5,9.3,1.2,11.7,59.1
3015.7,3,5,2,3.2,2,2.8,8,0.7,13.8,5.2,18.6,11.4,9.5,12,92.3
1006.5,4,7,3,3.4,2,10,9.9,22.8,15.9,0.4,39.8,9.9,5.3,9.7,96.5
3737,22,6,4,3.4,1,4,3.1,22.5,5.1,0.1,4.7,8.3,4.8,10.7,79.4
4341.4,15,3,4,2.6,1,8.6,5.5,21.4,14.7,2,5.2,9.2,3.6,14.2,115
1240.4,2,2,6,2.7,3,5.5,4.7,9.4,9.4,1.8,-12.2,15,2.5,5.3,60.8
659.4,17,4,12,4.3,4,6.7,10,12.3,18.5,0.8,5.1,11.2,4.8,4.8,84.9
313.5,22,6,7,2.9,2,1.6,8.1,10.1,21.5,3.1,10,5.2,4.9,11.9,43.9
3281.5,20,3,12,5,1,2.7,4,23.7,7.9,3.5,21.8,8.3,0.6,11.2,80.5
3114.1,13,3,4,2.8,1,5.1,4.8,13,45.6,0.8,29.5,6.4,8.5,6.2,116.6
2824.1,14,1,10,3.6,5,8.8,2.5,2,3.2,2.3,6.4,13.7,8.2,10.3,86.5
1313.3,16,6,6,1.2,1,0.4,7.6,6.9,5.8,2.1,16.3,7,4.5,12.9,31.3
2076.3,0,4,9,3.6,2,5.1,8.5,11.6,7.7,0.8,34.8,13.4,3.4,12.8,70.1
3053.5,20,7,6,4.4,2,0.5,9.6,23.8,18.4,7,15.8,13.9,5,11.1,87.6
2584.5,16,5,3,4.8,1,4.6,5.7,14.2,3.3,0.9,24.2,10.6,2.2,5.6,67.9
4941.4,22,7,1,5,4,6.3,6.7,17.4,33.7,1.9,31.5,12.2,0,7.6,128.6
854.9,10,3,11,2.1,2,7.4,4.5,2.2,8.6,1,6.8,8,3.5,8.9,53
3536.7,16,3,10,3.3,2,1.4,6.1,21.9,10.3,0,4.4,13.4,0.2,13.5,79
2140.7,13,2,10,2.8,2,1.7,3.5,13.5,5.6,0.2,37.5,5,0.4,10.5,51.9
2255.4,19,7,5,3.3,4,4.7,7.4,23,16.8,0.5,25,8.1,0.3,12.8,81.1
3644.5,18,1,10,1.6,8,10,0.2,11.1,22.4,3.3,2.1,8.8,8.8,15.1,120.2
3523.7,20,3,10,4.4,2,3.6,0.3,17.1,10.3,1.2,5.3,13.9,1.4,11.5,81.8
4958,6,3,3,4.6,3,4.3,7.2,11.8,32.1,1.8,15.6,16.8,2.5,6.8,118.7
816.3,23,5,8,2.8,3,4.3,9.3,3.6,10,5.8,34.7,8.2,4.9,5.7,61.5
699.7,12,5,10,2.1,0,0.8,6.3,6.8,11.4,0.3,29.8,9.6,5.3,4,44
3676.8,17,2,1,1.6,3,7.7,7.3,1.7,9.1,4,30.8,5.3,1.2,6.1,127.9
2976.3,22,6,11,3.7,3,2.5,8.2,11,19,1,12.8,9.7,9.1,7.2,95.8
1516,13,2,2,2.2,7,7,3.6,16.2,14,0.8,17.9,14.4,2.3,7.2,69.4
581.2,0,2,3,4.6,3,4.8,1.1,6.1,8.5,2,8.4,2.8,9.4,12,38
611.2,6,5,3,3.7,2,6.1,9.3,12.3,14.6,4.6,13,10.1,2.6,5.8,72.6
4492.1,7,7,12,3.6,0,0.5,9.4,11.5,19.7,0.9,4.5,12.9,0,9.2,94
1121,17,7,8,3.2,5,8.9,4.4,13.3,16.5,2.9,7.5,10.2,9.7,4.1,87.3
1752.2,8,7,5,1.2,2,2.4,2.2,4.6,8.1,0,9.3,9.2,4.8,7.1,37.6
1288,0,6,8,4.7,2,6.7,8.9,13.3,15.8,2,16.3,13.5,8.8,4.5,79.9
1904,21,5,11,3.5,3,8,7.1,9.1,6.5,2,23,6.8,7.3,12.5,94.6
533.2,16,1,11,5,2,5.4,0.1,7.2,10.3,1.6,38,6.9,1.8,8.3,17.7
2691.5,18,4,6,3.1,1,3.4,1.1,14.6,6.9,5.6,13.6,2.6,8.5,9.8,83
524.5,5,4,12,3.8,5,9.8,9.8,3.7,12.9,5.6,25.1,11.3,0.5,13.1,79.7
4041.7,2,1,2,1.2,2,2.8,0.4,22.5,20.4,0.8,15.8,10.9,5.1,14.4,84.3
1321.8,23,7,11,3.5,2,9.5,2.8,23.4,42.1,1.2,29.6,7.7,2.5,10.2,72.1
2792.1,4,4,4,4.1,4,1.6,5.5,16.5,31.4,3.1,2.9,6.4,3.6,11.8,71.9
4424.4,1,6,9,4.1,1,3.9,1.8,7.6,45.5,3.7,11.6,9.8,7.6,12.8,101.6
3324.2,19,5,4,4.1,1,1.4,2.3,15.7,25.1,1.1,26,10.4,6.8,7.4,78.6
2758.2,3,4,5,1.9,3,0,3.5,15,34.1,0.9,25,5.2,4.4,12.5,77.4
1756.8,9,6,5,4.9,1,2.6,2.7,9.8,0.3,3.4,25.2,2.2,0.5,11.8,37.4
1798.4,9,5,10,5,2,0.9,8,7.2,55,0.9,34.9,3.1,0.4,9.3,66.6
3413.5,23,6,8,1.3,5,9.9,5,4.2,12.3,1,-2.8,4.2,7,8.1,119.5
4971.9,20,1,6,4.7,3,7.6,2.8,5.4,55.5,0.3,2.9,5.2,9.5,15.7,140.3
3376.8,10,2,10,2.2,2,0,3.1,16.3,40.4,1.6,24.7,9.7,8.5,15.8,79.6
2877.4,15,1,7,3.8,1,2.2,0.4,22.1,15,0.8,27.8,10.3,1.2,12.3,52.5
3707.1,16,4,6,2.4,4,6.7,0.5,9.6,1.7,1.8,25.9,9.3,1.2,8.6,84.7
2433,15,5,5,4.9,5,4,7.2,3,25.4,1.2,50.5,11.4,6.1,13,82.9
488.7,6,6,5,1.4,3,8.3,1.1,0.3,0.5,2.8,7,11.6,6.6,12.2,31.3
2899,15,4,3,3,6,5,4.8,10.1,22.2,0.7,22.4,11.3,6.2,10.5,92.6
4796.6,2,4,7,2.7,5,6.5,8.4,5.8,3,0.4,17.1,10.4,8.9,5.6,128.7
1041.5,15,2,10,2.3,4,6,3.7,8.1,14.2,2.4,25.5,5.8,2.3,15.4,61.7
3512,7,7,5,3.6,4,6.4,3.5,6,24.6,1,22.5,4.7,1.7,6.8,103.6
1164.5,11,4,7,1.5,2,2.3,8.7,16.6,20.8,1.7,11.8,7.8,9.1,8.7,76.4
2772,2,2,2,3.9,3,3.7,8.6,16,22.3,5.7,22.7,14.5,7.2,8.1,96.4
664,16,5,9,4.9,6,0.5,8.8,22.8,22.3,1.3,19,19.4,7.1,5.8,36.8
2361.8,20,5,8,4.2,3,5.9,5.7,17.5,26,0.3,19.5,12.2,3.4,4.3,96.5
3829.6,17,6,5,4.4,1,4.6,9.5,4.1,8.4,1.1,31.6,11.4,6.3,15.2,110.4
1868.3,10,7,2,2.4,5,7.6,8.2,18.8,30.7,1.3,47.8,14.3,7.3,12.9,92.4
3391.6,3,2,6,2.3,3,2.1,4.2,4.5,6,2.9,-5,16.1,6,4.2,85.6
4018.2,15,1,8,3.1,1,4.4,6.3,14,30.5,0.4,33.5,6.3,7.4,12.3,111.5
4650.5,16,5,7,1.2,2,1.8,1.2,1.9,20.9,0.9,25.7,20,5.9,5.6,91.4
1326.3,8,7,8,4.8,2,6.1,5.5,1.2,15.4,0.1,9.1,16.4,9.8,12.7,60.9
2116.7,5,6,4,1.6,1,8.5,2.6,11.6,8,2.4,13.6,4.5,4.9,10.1,83.3
931.6,23,1,3,4.6,4,7.7,2.8,2.6,4,2.7,28.6,6,0.1,15.7,39
4963.9,19,5,7,1.3,3,9.4,1.3,7.7,7.7,1.2,18.6,20,1.6,9.2,116.5
4649.6,1,5,2,4.3,5,9.7,3.6,8.5,8,1.5,17.4,14.1,9.6,13,117.3
2791.8,8,6,5,1.6,2,7.7,4.8,19.2,25.2,2.8,9.8,7.6,4.7,4.5,104.7
4241.8,20,6,7,1.2,2,2.9,6,8.3,4.3,0.6,8.9,10.3,1.2,15.2,88.4
2700.6,5,3,1,3.9,1,2.2,3,12.4,16.9,1.9,6.4,13,1.6,10.7,48.4
3193.2,2,4,4,2.1,5,4.5,7.9,19.3,19,6.6,11.9,13.6,0.3,7.8,108.3
627.8,19,4,2,3.9,4,9.9,5.2,5.1,4.7,2.1,16.5,15.5,2.3,5.5,72.1
3825.3,5,1,6,3.2,3,4.1,6.4,20.1,24.6,0.2,22.3,11,9.9,11.7,100.4
813,6,4,12,1.4,5,2,2.8,20.8,17.6,0.7,8.1,11.1,3.3,13,41
4165.1,0,1,1,4.7,2,9.4,8.1,24.7,31.5,1.5,27.1,8.5,2.5,5,135.2
3953.7,22,7,7,2.8,4,3.9,6.2,11.1,27.3,0.2,7.1,6.3,6.7,6,102.3
3602,0,5,3,3.9,1,6.9,8.6,9.3,17.2,2.3,27.2,6.1,6.7,8.6,119.2
373.6,4,3,12,3,0,7.9,1.6,17.6,7.2,2.1,7.6,9.4,9.7,14.2,53.4
1655,5,3,1,3.4,3,8.4,3.8,1.5,7.2,4.2,42.2,11.4,7.3,15.8,78.9
1462.9,12,5,8,2.2,3,8.2,1.1,1,4.7,1.4,25.8,4.2,1.1,12.9,51.8
1928.7,1,6,7,1.8,6,8.4,2.2,8.4,5.8,2.4,28.1,18.2,9.9,4.1,87.4
620.7,14,2,2,3.2,2,6.7,3.9,18.2,19.4,0.4,15.9,7.2,7.5,14.8,71.7
4697.4,14,2,7,2.8,4,4,8.9,2.9,14.8,0,25.3,6.6,2.6,4.3,114.2
2858.3,12,4,3,2.6,2,6.7,5.6,15.9,3.3,0.4,3,9.9,2.6,14.8,77.2
1666.5,13,6,9,3.7,1,8.4,3.3,6.7,20,0.1,6.3,0.5,9.6,8.9,76.3
2105.5,21,1,8,3.8,5,3.5,7.5,16.3,28,1.1,14.3,11.4,1.9,12.9,53.1
2346.6,6,7,5,1.2,4,3,0.2,11.4,29.1,1.3,36.2,6,2.3,5,64.2
3082.9,13,3,7,2.4,1,3.4,3.7,2.9,2.8,2.1,30.1,2.3,3.6,6,64.6
2675.3,23,4,3,2.6,2,5.5,6,6.2,27.7,0.3,-8.8,10.6,6.8,9.4,89.2
4613.1,9,5,1,1.4,5,0.5,5.8,5.5,19.8,0.5,6.2,10.6,4.3,4.5,116.9
2585.4,16,6,1,1.9,1,7.8,6.1,4.1,9.8,3.2,17,17.8,3.1,8.7,86.6
4962.4,13,3,11,1.2,3,1.4,2.1,11.7,38.5,1.7,33.1,10.7,2.7,13,100.1
4286.8,7,1,2,5,5,1.3,3.4,23.9,7.5,0.1,20.9,10.7,1.3,11.9,91.2
1200.9,3,1,8,3.9,2,2,9.3,16.5,0.3,3.8,-12.4,10.2,5.5,8.2,49.6
4666.9,15,2,1,1.3,2,5.8,9.7,20.9,10.2,2,3.9,0.1,2.7,4.1,146.1
758.6,23,4,11,1.1,3,2.9,3.1,24.5,8.5,0.4,26.6,10.3,3.3,7.2,46.8
4123.8,12,5,12,3.9,2,3.7,6.4,13.5,18.6,0.6,20.4,9.8,0.1,13.3,99
2027,21,3,5,2.8,3,9.3,2.4,6,21.2,1.6,19.6,9.4,5.3,8.1,77.9
4414.3,19,7,9,4.1,2,8.5,3.7,23.2,22,1.6,31.3,6.7,7,8.5,131
4366.7,17,1,12,4.7,4,8.5,7.9,17.5,14.5,3.3,13.8,12.3,9.3,4.9,146.1
4068.4,13,3,9,3.4,3,5.8,5,24,15.1,0.9,26.4,6.1,2,11.2,102.2
3992.1,17,5,2,1.7,4,8.7,8.5,16.3,37.3,1.6,37.7,12.8,9.2,11.5,144.2
1662.5,4,3,7,4.1,5,7.8,6.3,19.4,2.1,1.7,20.7,11.6,3.6,9.2,81.9
588.4,8,4,11,4.8,3,9.5,6.3,22.3,22.7,1.6,7.3,15.6,8,13.1,92.2
2134.3,2,2,1,3.3,1,0.6,0.3,19,16.1,0.2,12.9,8.1,9,14.5,56.2
1032.9,7,3,3,3.7,1,0.3,7.5,14.1,10.1,1.1,7.2,15.3,9.6,13,40.2
3535.8,19,6,6,2.3,2,1.8,9.8,11.8,12.8,0.8,-8.9,10.8,3.3,10.5,92.4
1861.3,21,2,9,2.5,3,9.3,4.7,20.6,16.3,9.9,8.5,9.7,2.6,15.2,91.3
4882.9,9,5,10,3.9,5,6.1,1.6,19.3,6.3,1.3,25.6,6.6,4.4,8.6,115.3
3276.7,21,2,2,4.7,2,4.3,9.8,9.2,19.5,1.1,18.1,11.6,5.5,11.9,115.8
4147.9,18,3,7,3.5,1,5.1,2.9,12.5,21,1.3,34.3,8.1,6.9,10.9,105.9
836.1,20,3,4,4.2,7,8.3,4.1,15.9,22.3,5,19.7,9.9,6.9,14.1,77.4
4337.7,2,6,2,1.7,5,9.3,0.8,0.7,32.2,1.9,28.6,13.1,1.2,10,114.2
4629.2,10,1,3,1.8,2,7.3,1.1,6.2,5.8,1,-3.1,9.9,6.1,10.6,104.7
2537.9,10,6,6,3.1,2,7.6,2.2,6.3,8.1,4.9,12.7,11.3,1.7,9.4,64.7
3110,16,3,10,1.7,2,3.2,5.5,22.1,4.2,5.3,14.8,16.1,7.1,5.7,77.9
3871.1,15,7,9,3.5,2,4.7,5.6,8.3,16.5,0.6,8.1,12.3,9.8,14.6,102.4
1039.2,6,2,8,2.2,1,8.9,6.1,13.6,11.3,1,36.3,7.3,7.7,14.3,73.1
2612.3,3,6,10,4.2,3,7.9,5.8,20.8,27.7,6.8,-5.2,8.4,6.9,12.4,96
2113.6,22,6,11,4.2,2,6.8,5,6.5,39,1.6,16.6,10.6,0.8,8.2,67.9
902.6,18,7,9,2.9,6,0.7,8,3.1,35.4,1.1,31.6,18.5,1.8,8.3,40.3
1964.2,11,7,4,1.7,6,0.4,9.3,23.7,16.6,0.4,27.2,4.7,3.6,4.4,73.3
527.2,14,7,12,3.6,2,1.3,2.7,17.6,52.6,1,13.4,10.8,9.3,4.9,54.3
323.9,10,1,4,5,5,5.8,1.3,4.4,19.3,2,7.2,15.5,3.3,10.2,30.6
848.8,4,3,9,3.5,1,5.4,4.3,20.5,6.5,0.1,31.1,12.5,8.1,4.6,57.2
4823,4,3,8,1.1,3,9.4,0.3,19.7,6.3,0.2,11.7,9.5,1,5.2,114.8
2837.7,14,5,12,1.1,5,6.9,8.8,20.9,18.1,0,8,3.1,6.6,7,128
4835.9,17,1,2,2.3,2,2.9,2.4,6.9,22.5,0.5,30,16,7.8,8.5,127.2
2276,10,5,8,1.8,2,1.6,5.5,11.2,6.7,0.4,21.7,8.1,5.4,9.9,68.1
1696.7,11,5,1,4.3,0,8.5,1.2,17.3,12,3.8,13.8,6.2,7.7,7.9,76.1
2629.5,1,5,9,4.4,3,4.6,5.5,9.8,1.6,0.4,21.9,11,7.2,15.3,65.8
2309.7,19,4,9,2,5,6.5,0.4,1.7,2.2,2.2,23.3,15.7,4.8,15.4,60
707.2,14,5,8,2.3,2,5.7,7.7,3.4,5.4,0.3,17.4,11.6,8.7,4.7,52.7
3276,19,6,11,1.9,4,1.1,9.6,14.9,11.8,1.8,19.8,8.5,3.4,15.8,95.9
1237,3,2,5,4.6,1,0.6,3.1,9.4,16.5,1.1,-8,11,4.3,6.1,26.9
3174,21,6,5,3,4,3.8,2.6,0.1,10.3,1.1,16.7,10.5,5.4,8,71.8
3321,17,6,3,3.6,3,3.6,4.5,19.2,8.1,3.9,10.3,8.1,1.3,14,76.5
929.7,5,3,5,2.7,5,6.7,6.2,10.4,19.4,0.4,8.4,10.3,5.2,12.3,81.1
494.5,22,4,4,3.5,5,6.3,1.9,7.8,14.8,1.8,9.8,6.7,3.2,4.7,33.1
3947.7,18,5,1,2.5,0,9.7,8,17.8,12.7,3.5,12,6,2.6,13.3,141.3
2407,10,3,9,2.4,1,8.6,2,11.4,4.9,2.5,14.4,12.2,5.8,12,75.2
479.2,23,1,10,3.5,3,5,0.1,17.4,13.3,8.2,20,8.4,3.3,15.4,35.8
4975.4,1,1,4,3.4,3,5,5.2,0.3,8.9,0,9.2,9.9,8.6,14.9,110.8
477.3,7,3,3,2.2,6,6.7,1.2,0.2,2.8,4.3,24.2,6.9,4.1,15.7,44.4
3536.2,10,2,6,1.6,0,1.1,7,14,19.5,1.9,26.8,7.7,4.1,9.5,78.9
4921.7,4,3,1,2.5,4,10,1.7,24.6,27.1,0,26.7,8.1,9.8,12.5,157
1348.1,17,3,5,2.7,5,5.2,8.2,6.8,8.4,1.3,29.2,7.7,3.4,15.5,73.1
882.8,22,4,7,3.5,1,9.1,4.7,17.1,13.2,2.9,11.2,8.4,1.3,4,66
782.6,17,1,2,4.7,5,9.7,5.7,4.3,5.7,0.4,14.8,10.8,8.8,13.5,74
1655.7,13,1,10,1.1,4,5.8,1.9,7.8,6.7,2.3,21,15.6,9.2,4.6,56.1
685,21,5,9,2,2,1,1.5,2,12.7,0.3,12.9,13,2.3,16,13.3
3522.4,9,6,12,1.8,7,5.7,6.3,22,25.4,3.3,4.1,8.7,8.8,4.2,140.3
499,2,3,6,3,2,6,2.6,7.8,19.9,1.7,12,7.5,4.9,10.7,45.5
2645.2,8,3,2,2.7,2,7.9,3.9,5.8,13.1,0.1,37.6,2.9,0.4,10.3,90.7
4984.1,2,2,8,3.9,2,0.5,4.8,18.3,8.4,0.2,9.1,7.3,5.5,7.7,96.9
4107.1,10,7,8,2,2,4.7,2.3,5,6.2,4,8.5,5.6,8.5,12.8,92.9
3153.1,11,7,1,3.4,5,9.2,8,6,6.6,0.1,11.4,10.2,4,7.1,120.9
1670,11,1,12,4.5,3,9.9,9.4,2.6,5.2,0.7,24.7,16.7,5.5,7.5,103.6
3194.7,2,2,1,4.6,0,1.9,4.3,24.1,31.3,1.7,22.2,8.4,1.4,6.2,74.4
2729.8,20,4,1,4.8,0,8.7,9.2,6.2,4.5,0.5,26.5,4.2,8.4,12.6,112.6
2245.2,6,5,12,4.1,1,1.5,8.8,24.9,14.1,0.5,48.4,9.2,1.1,6,67
827.4,13,2,4,4.6,5,8.4,1.7,4.4,39.2,3,27.9,8.2,0.9,14.8,56.4
4455.7,23,1,4,1.9,5,2.8,1.7,0.5,9.7,0.7,28.8,15,9.3,7.5,94.4
2359,10,4,8,1.8,1,9.6,4.8,22.4,35.4,0.1,52.3,2.5,8.7,10.2,118.4
1134.2,6,3,1,1,5,7,5.3,14.5,16.7,2.6,23.9,6,5.7,9.7,87
1965.2,20,4,10,3.8,3,4,3.4,8.8,24,6.2,13.3,13,1.1,12.4,72.7
2187.8,9,6,3,4.7,5,2.8,3.1,12.8,5.7,3.6,14.4,3.7,5.5,6.8,58.9
4172.2,10,2,11,1.7,5,2.4,4.3,6.5,14.2,1.6,30.7,12.3,9.2,14.1,96.6
3721.3,14,1,1,3.5,2,6.8,6.9,15.9,10.3,1.1,3,7.3,6.1,12.9,117.2
3892.7,18,2,9,4,4,9,0.8,15.4,6,5.2,-5.4,14.1,2,8.1,102.2
253,15,3,10,4.7,1,7.5,7.1,2,11.8,2.9,8.1,9.8,9.1,5.4,58.8
2197.5,21,7,12,3.6,2,8.3,9.3,22.8,23.4,1.7,27.8,9.4,8.7,10.1,110.2
2510.5,20,3,9,4.9,4,7.8,7.6,11.5,15.8,4.2,25.1,12.4,5.5,15.8,103
292.1,19,1,7,2.4,5,9.8,1.9,4.9,2.3,1.8,16.1,10.1,8.5,4.3,74.8
1447.1,11,6,12,2.4,1,7.6,0.9,7.7,6.4,7.3,30.8,5.1,0.6,14.1,44.7
3849.4,17,5,8,3.2,1,2.1,4.9,21.7,2.6,3.9,25.3,7.9,4.6,12.4,90.8
858.1,22,4,1,2.5,1,7.9,9.6,9.6,18.8,1.6,22.1,3.5,1.8,6.2,84.2
2769.5,12,4,5,1,1,3.2,8.2,14,38.8,5.1,17.8,6.5,8.4,9.7,99.3
1233,4,3,2,3.9,1,10,5.6,23.7,14.1,0.8,28.8,1.4,9.7,11.5,94
258.2,3,2,1,4,2,3.8,1.4,16.3,4.6,2.4,27.1,19.4,9.3,12.4,23.2
1357.8,13,7,3,4,2,2.9,7.1,16.9,2.7,0.4,14.7,9.9,5,15.1,42.2
4884.2,7,2,7,2.4,5,2.4,8.1,6.2,38,4.5,27.8,12.1,5.1,14.5,128.9
4047.4,8,6,1,3.1,2,6.6,9.4,16.7,5.5,0.6,10.2,6.7,9.1,7.9,136.5
4806,18,5,11,2.4,5,1.1,6.1,9.8,7.4,6,20.8,12.1,7.2,5.4,128
2541.7,2,2,2,1.1,4,9.5,5.1,22.8,14.4,0,22.8,13.1,0.7,5.3,99
726.7,4,4,2,3.2,6,2.9,6.2,3.2,6.2,2.3,14,13.7,1.3,15.6,33.6
2830.2,20,7,4,1.5,6,3,9.4,7.1,10.4,0.3,19.6,9.7,9.5,15.5,106.7
2381,17,2,12,1.3,6,0.5,6.3,1.7,19.4,2.9,25.3,14.1,3.7,13.8,52.2
4252.9,0,7,3,4,1,2.5,2.6,9.5,16.1,1.4,5,7.6,1.9,15.8,70.9
670.8,7,5,3,1,2,4.2,6.4,3.7,15.3,4.8,20.2,11.5,7.4,7.3,67.1
2543.6,18,4,10,4.8,5,3.7,8.8,21.1,12.1,2.5,44.6,10.2,8.8,13.9,90.4
920.2,16,7,5,3.1,5,2.7,5.7,23.1,14.9,2.9,8.1,5.3,2.1,10,46.8
1758.4,16,2,3,4.9,2,0.4,5,16.7,26.9,0.3,30.4,2.7,2.5,13.6,40.7
3739.3,10,4,11,1.2,5,3,7.3,2.6,4.9,0.2,16.9,8.8,9,11.3,91
2484.9,1,3,7,3.3,4,7.8,6.6,8.5,19.5,3.8,32.2,8.8,0.1,14.2,92.4
2004.3,5,3,5,2.4,3,4.4,0.6,24.1,19.9,0.5,9.3,8.9,9.1,8.8,73.1
2093.5,21,6,4,4.4,2,2.9,7.3,3.4,4.6,4,18.1,14.2,0.4,15.9,41.4
2405.3,13,3,12,2.4,2,3,4.1,13.9,26.5,0.3,44.5,15.5,1,6.6,65.8
3968.1,2,2,3,2,2,5.5,9.4,8.8,8.7,0.7,15.9,12.6,8.6,12.1,128.3
4482,11,5,12,4.4,2,3,9.7,25,8.7,5.3,25.6,12.3,2.5,13.6,114.2
4785.6,3,4,4,2.5,3,6.3,4.5,7.1,8.5,3.7,25.1,9.7,2.2,11,111.4
3977.1,11,7,12,1.1,6,9.9,9.7,1.2,40.7,0.1,-6.3,10.7,8.4,7.5,168.9
1714,12,1,2,2.6,1,0.4,3.1,17.6,12.4,1.2,23.4,11.7,5.4,10.7,39.3
3503,1,3,1,3.6,4,1.7,6.8,8.2,10.4,4.8,3.1,10.6,3.5,10.1,75.5
2300.5,1,3,3,2,1,1.8,0.8,16.4,13.1,0,25.6,12.4,7.1,6.3,56.9
1422.4,14,1,11,2.7,2,4.5,1.4,2.6,11.7,0.2,19.4,10.2,8.1,13.2,54.1
4236.2,22,7,2,1.2,4,0.4,8.6,13.1,11.1,2.1,4.6,8,8.6,7.2,99.6
384.4,16,7,1,3.4,2,4.8,8.9,9.4,9.2,0.2,3.7,11,1.2,14,38.2
4528.5,6,1,1,4,2,9.3,5.3,13.4,35,1.2,17.1,9.1,5.8,6.6,143.3
2415.1,13,7,2,2.7,6,0.1,3.4,21.3,11.4,1.4,47.8,15.8,6.8,10,56
3258.6,11,2,9,2.7,4,3.6,4.5,24.3,7.1,3.9,37.5,8.3,1.2,12.3,79.6
3364.9,16,7,5,1.4,1,7.6,8.7,18.8,31.5,6.3,22.3,20,6.1,15.9,121.8
4496.6,13,4,9,1.8,1,1.5,2.1,19.2,20.2,1.4,24.2,16.6,0.3,7.3,88.7
3256,5,7,8,1.6,3,0.8,2.9,13.2,25.9,1.4,25.2,5.5,3.4,11.6,70.2
3146.9,18,3,11,2.9,3,6.3,7.9,2.4,7,2.6,11.6,15,1.7,5.8,102.9
519.9,23,5,6,3.1,3,0.1,9.4,16.7,13.3,0.4,9.7,9.5,5.6,13.8,30.4
2688.4,5,2,1,4.8,4,8,0.9,3.7,25.9,5.7,28.2,12.3,1.9,14.3,83.3
920.8,17,2,10,1.3,0,0.7,8,6.1,35.6,0,10.8,16.3,7.9,14.7,53.3
3739.7,23,7,5,3.4,3,5.2,6.5,17.7,14.6,0,35.3,6.9,1.2,15.3,83.1
2658.7,4,5,12,3.1,3,7.4,2.3,16.4,15,2,1.8,8.1,7.6,8.3,106.5
3465.1,23,5,1,3.1,2,2.4,7.6,7.9,19.1,0.8,7.2,13,1,12,96
400,23,6,7,4.5,5,1,7.3,19.3,32.9,1,35,8.5,4.4,7.8,40
607,5,5,10,1.8,2,1.8,1.4,23.5,17.8,0.5,14.6,1.1,7,13.6,48.9
3638.4,1,7,11,1.2,4,8.5,5,13.6,40.7,1,16.5,13.9,1.6,9,112.6
546,7,7,8,3.7,3,7.1,7.6,16.9,18.8,3.5,25.7,11.5,7.5,10.7,75.2
542,14,1,8,2.4,1,2,1.9,6.8,15.7,2.4,31.9,9.9,9.5,5.6,36.3
258.1,14,3,7,1.1,1,7.2,4.6,24.3,13.6,0.2,25.3,10.5,3.7,14.2,47.6
4791.2,10,6,2,2,3,7.1,1.2,6.8,13.8,0.1,21.4,19,0,9.8,86.1
3740,21,7,5,2.2,1,10,3.1,22.2,29.2,1.4,27.6,14.1,4.8,11.7,109.9
1895.6,21,1,4,3.5,3,3.9,2.2,23.2,10.8,2.6,22.9,6.6,9,12,73.2
1623.4,23,6,5,1.7,7,8.6,5.1,18,6.1,2.2,31,10.5,6.7,7.3,88.7
1878.6,0,3,10,2.7,2,4.5,1.4,20.3,9,4,52.3,14.7,7,13.5,64.1
3918.3,17,6,9,2.9,4,9,3.8,11.4,27.6,0.3,24.1,14.7,7.9,14,124.7
3374.6,11,1,4,2.8,2,0.9,2.8,23,7,1.9,7.7,4,9.1,10.2,73.8
1088.9,11,4,12,4.9,2,1.8,7.5,18.6,23.4,2.9,30.5,8,1.2,14.8,50.6
1035.7,10,7,8,1.2,2,8.5,7,8.2,9.1,5.6,16.2,5.5,5.9,5.9,81
672.3,7,3,8,4.8,1,8.2,0.9,0.9,5.5,0.2,22,12.6,8.9,9,42.4
3369.5,6,2,2,3.3,2,3.1,9.5,13.5,10.3,0.5,22.4,6.4,7.8,4.5,110.3
3869,22,3,6,4.2,4,6,7.4,21,26.9,0.9,11,16.2,2.5,8.8,99.6
1472.2,20,3,5,2.7,2,3.8,6.2,21.5,38.7,1.6,13.6,15.2,8.7,16,77.9
300.5,1,3,2,2.8,2,0.1,4.8,20.9,10.6,1.1,-9.7,9,2.9,9.6,41.7
594.4,10,4,12,4.5,0,0.3,1.8,5.4,24.6,3.9,16.8,4.9,4.1,9,31.7
4845.7,21,7,10,4.6,1,0.5,9.6,10.7,8.4,6,24.7,6.8,1.9,12.3,94.5
1618.1,9,1,4,2,3,5.9,0.1,15.3,0.9,0.1,18.2,11.8,8.9,4.6,53.5
3892.3,2,7,7,1.8,4,2.8,6.9,16.7,9.9,2.4,12.5,13.4,0.9,8.2,88.8
3198.4,19,2,1,3,3,1.4,5.1,8.4,29.6,0.2,22.5,9.8,9.9,10.4,92.6
2033.3,9,1,9,4.6,4,9.4,9,17.3,3.8,4.6,6.7,0.1,3.3,9.8,108.3
1187.3,17,6,10,2.3,3,1.2,3.8,14.8,7.2,0.3,5.3,12.7,7.1,11.7,45.3
782.7,13,6,12,3.6,7,6.7,5.2,14.2,28.8,9.5,24.3,1.9,1.3,5.7,71.6
3152.1,17,6,1,3.8,1,8.9,7.4,16.6,17.4,1.1,25,1.5,4.9,8.8,130.5
3918.2,23,1,12,4.1,3,1.6,0.5,15.1,15.5,1,24.1,14,0.4,11.6,75.3
3290.7,7,5,5,3.3,0,2.1,0.5,4.2,4.8,1.8,14.4,5.3,8.8,7.6,68.3
2745.5,9,4,7,2.6,3,5.7,2.1,21.9,8.1,1,31.1,11,4.5,11.4,92.7
401.4,21,5,8,4.9,4,5.1,1.5,6,13.6,0.5,4.5,10.4,7.4,15.5,25.2
4848.7,12,7,2,3.4,2,5.2,0.1,18.6,19.9,2,14.4,6.8,8.9,15.2,120.7
4033.8,20,6,4,3.9,1,5.5,6.2,4.4,53.4,2.6,27,10.8,0.7,12.7,110.3
1605.5,7,4,2,2.4,3,9.5,8,16.5,18.4,5.8,28.3,7.8,5.1,6.1,114.9
4903.9,3,1,4,3.7,5,0.5,9.6,22.4,16,1.1,8.7,10.2,1.9,13.4,112.2
3089,3,6,6,2,6,7.6,4.4,0.2,18.3,2.4,43.7,8.5,0.7,9.4,90.4
2995.6,4,1,6,2,4,2.3,2.8,24.5,3.4,3.6,16.4,8,6.2,15.4,82.2
3790.8,0,4,12,3.9,0,3.7,8.6,0.7,21.9,3.6,19.1,7.4,1.1,11.3,90.3
4096.5,16,1,2,3.1,4,0.9,8.4,0.3,3.1,0.1,29.7,6.4,4.9,6.6,94.5
3351.1,1,1,11,3.7,2,4.5,6.2,21.4,34.1,0.9,36.6,13.4,2,7.7,95.2
814.9,7,2,4,2.1,2,8,2.7,17.7,6.3,0,18.7,8.2,2,7.8,67.4
1823.7,6,7,4,3.4,2,1,9.1,2.6,5,1.6,32.1,5.5,5.2,7.3,57.8
4654.8,14,5,1,2.8,3,2.8,1.8,23.4,4.5,4,12.5,8.4,5.6,13.3,102.7
1278.2,4,5,2,3.4,3,3.7,0.4,16.8,15.6,3.4,38,7.9,0,8,46.9
1986.4,1,5,3,2.2,4,1,8,2.8,12.9,3.3,18.5,8.4,5,6.3,60.8
2274,6,3,11,3.9,1,7.6,5.6,21.5,19.8,0.9,21.8,12.9,6.7,11.2,90.7
2309.1,7,2,5,4.2,1,7.9,2.5,12,12.5,0.1,13.8,7.5,6.8,9.6,85.8
3142.1,6,6,11,2,2,8.4,6.7,7,13.7,0.4,20.6,8.5,8.5,4.3,106.3
4726.8,6,6,8,2.2,3,5.8,7.7,20.6,3.5,2.2,9.2,12.6,9,7.3,127.7
1355.3,13,6,6,3.6,3,5.1,8.4,18.5,21.1,0.3,17.3,11.8,6.2,4.5,76.7
783.2,20,5,3,3.8,5,2.6,2.8,15.6,20,0.3,18.2,7.3,4.8,13.2,61.5
1147.9,17,7,6,3.8,3,6.6,0.3,22.5,23.9,0.9,5.3,13.9,2,15.4,56.9
4457.2,5,5,7,3.7,0,4.4,5.1,21.5,13.6,0.2,11.1,13.6,1.3,10,95
3299.9,3,7,6,2.6,5,9.7,8.6,5.7,16.2,0.8,-7.2,13.4,6.1,10.7,122
1572.4,9,2,10,2.6,1,9.7,2.1,22,21.2,7,3.1,11.2,9.5,14.1,93.7
4116.5,17,7,6,2,2,9.1,4.2,9.4,21.8,0,17.8,9.3,2.8,4.2,122.2
4334.6,11,1,1,1.6,5,3.6,2.6,10.8,20.2,3.6,29.5,5.7,1,5.9,110.6
4263.3,15,5,3,3.8,4,3.7,0.1,24.3,24.7,10.1,13.7,4.5,4.2,11.9,104.5
4610.8,6,6,7,1.4,1,8.5,9,19,28.6,1.1,17.6,9.7,0,12.9,133.4
1410.8,5,1,4,4.8,4,7.3,1.4,8,11.2,5.7,31.9,10.1,5.5,11.5,50.7
3824.2,4,5,12,4.3,10,7,7.7,16.2,14.1,0.6,28,9,0.5,15.3,114.8
2410.6,2,4,4,4.4,3,2.8,3.5,13.5,21.3,8.1,27.8,9.6,9.3,8.7,71.5
4241.6,11,3,7,4.6,3,8.3,2.8,2.9,7.4,4,19.4,15.5,8.7,10.7,99.1
3696.8,14,5,9,2.6,7,5.8,9.4,22.2,6.2,4.3,12.1,16.5,1.1,15.5,113.1
3926.9,9,4,11,4.4,4,4.5,6.6,20.5,6.4,0.3,22.7,5.6,1.5,14.8,102.1
3349.6,19,2,2,1.6,2,8.7,6.9,19.4,8.1,4.1,33.4,11.2,9.5,4.4,133.6
1051.7,18,4,9,1.1,5,3.9,7.6,14,9.6,5.7,39.7,10.2,8.1,8.2,80.5
2816.1,15,2,3,4.1,3,6.5,3.4,5.5,19.5,3.4,46.9,12.7,9.4,12.9,89.5
4926.4,10,5,6,1.3,2,4.7,5.6,22.1,13.7,0.2,36.4,16.9,3.3,4,117.6
4699.5,7,2,4,5,5,5.9,2.7,8.8,43.5,0.2,18.5,18.8,1.1,14.4,112.1
407.2,2,4,1,3.7,3,0.4,8.3,0.5,7,0.9,3.6,12.9,6.2,10,29.8
991.1,22,7,9,4,5,4.6,6,24.5,54.8,2.4,25.2,10.2,9.7,5,82.2
832.3,6,3,11,2,4,5.6,2.4,21.5,22.5,0,31.2,8.5,1.3,9.3,50.1
3684.7,22,1,6,3.7,2,4.9,9,15.6,6.4,6,-12.6,19.9,8.2,9.9,111.7
4125.4,6,1,8,1.2,3,8.5,5.8,0.3,2.5,1.5,0.3,6.9,3.6,8.4,122.8
1224.9,13,3,2,4.4,2,3.1,5,5.7,5.8,0.9,12.5,13.3,1.2,9.5,58.2
2628.1,1,6,7,1.7,4,8.8,0.3,11.3,2.5,1.6,8.8,8.9,4.6,14.7,82.6
4235.4,9,1,6,3.8,3,4,9.1,15.7,13.7,2.5,-1.3,4.6,4.9,7.9,121.9
3717.4,18,5,2,1.9,2,6.9,9.5,17.7,20.6,0.6,22.6,16.9,0.1,15.5,124.2
2802.7,8,6,2,1.3,3,0.9,5.6,19.7,11.8,0.7,32.9,3,4.7,12.2,79.8
3033.7,15,5,4,2.9,2,2,4.4,13.9,8.5,1.3,15.7,1.4,6.5,14.8,69.1
2640.1,18,4,4,1.7,3,7.6,3.6,16.4,6.3,2.2,-1.9,12.8,7.6,6.5,102.1
1628.2,17,4,3,3.9,2,0.1,2.7,20.3,31.8,2.5,20.5,8.8,1,9.9,50.1
2912.1,8,6,8,2,3,9.7,5.7,18,9.7,0.8,4.7,11.7,8.8,10.8,133.5
3506.6,15,6,7,2.4,4,1.9,1.3,23.9,28.8,0.8,5.9,10,1.7,5,71.1
4391.9,12,6,2,3.3,2,9,9.2,21.9,2.7,1.3,29.5,12.4,6.6,9.9,132.6
3254.2,9,6,3,2.1,0,5.2,1.8,4.2,39.2,1.6,32.4,8.8,5.5,14.3,93.5
3853.4,19,2,10,2.5,0,5.6,7.5,23.7,16.1,2.1,14.5,13.6,8.8,4.6,121.5
968.3,13,7,9,4.3,1,0.8,3.1,5.1,8.6,1.9,26.8,13.7,0.4,11.7,15
2415.5,11,6,5,1.7,2,3.7,2.3,24.8,6.8,0.9,5.1,16.2,1.9,15.9,52
244.8,18,7,2,1.3,1,1.6,5.6,17.5,16.9,0.7,24.3,15.1,1.2,10.3,37.4
1384.1,6,6,3,2.3,1,5.3,7.7,15.7,14.2,0.7,13.4,9.6,3.3,7.6,67.9
3687,22,4,8,2.7,4,5.5,7.3,8.1,9.5,2.1,2.1,12.8,3.4,11,97
4960.7,14,5,4,3.2,0,7.1,2.3,3.3,2.7,1.1,7.1,11.7,0.9,10.5,94.7
676.1,15,7,2,2.5,3,8.8,3.3,3.2,13.2,0.3,22.9,11.7,5.1,5.3,64.6
2127.2,7,4,2,4.2,3,4.7,8.7,21.7,62.7,0,0.2,4.7,1.2,6.6,107.6
4040.3,9,1,6,1.2,1,2.3,7.2,10.8,13.7,0.1,14.6,13,0.7,12,92.4
1179.4,3,2,8,2.7,2,3.3,7.1,14,4.3,4,30.8,12.4,0.3,11.1,44.2
2864.4,18,2,7,2.5,2,8.5,2.7,23.3,4,1.2,12.1,17.3,9.3,8.1,107.6
3718.7,18,5,4,3.6,0,1.5,7.9,6.4,3.1,2.1,-0.5,14.7,4,15.7,84.1
3156.7,20,6,2,4.9,3,6.3,3.6,19.1,22.1,5.3,14.7,10.6,2.8,11.7,95.9
1102.5,14,4,9,3,3,0.1,4,11.8,35.1,0.3,26.1,9.6,4.8,6.8,47.7
1905.8,13,1,4,4.9,3,2.5,2.9,5.3,5,1.2,2.4,6,1.6,9.7,42.4
3962.2,0,4,9,2.2,3,5.9,1.2,21.3,6.7,1.5,32.2,17.3,4.1,12.5,97.1
2860.3,15,6,5,1.1,1,4.6,4.2,17,31.1,3.7,27.2,5.7,1.9,12.1,90.3
225.1,9,6,12,1.7,3,4.9,0.2,2.4,20,10.1,22.2,2.5,3,7,59.6
3852.8,18,3,12,2.6,4,6.6,4.6,13.5,3.2,2.5,24.9,13.6,9.2,11.8,119.7
369.5,21,4,11,2.3,2,2.3,7.3,21.3,20.9,2.1,19.5,10.3,1.5,8,36.6
3779.5,2,5,11,1.4,2,2.8,9.6,1.7,20.5,5.1,22,11.1,4.7,9.5,110.2
1171.9,4,4,7,2.7,7,6.8,0.8,10.4,45,3.6,18.9,10.7,6.6,12,75.9
4798.8,8,2,12,2.4,1,5.4,2.8,20.1,11.5,4,28.6,5.8,9.2,11,131.9
1966.1,17,1,5,1.5,10,0.1,4.9,21.5,9.7,0,33.5,11.5,9.2,12.6,68.8
1769.3,10,7,2,2.2,1,6.7,1.7,19.4,3.7,1.4,8.2,8.7,2.5,8.6,63.4
914.7,15,5,6,4.5,0,6.2,1.2,7.6,14,3.1,9.6,8.1,9.4,13,49.4
1666.9,1,3,7,2.2,3,0.8,4.5,12.7,9.1,0.4,13.3,15.7,3.3,4.2,36
4407.9,11,1,11,3.9,3,7.5,5.8,18.5,19.2,2.8,10.7,13.2,8.9,6.3,129.4
4982.4,21,1,6,3.4,3,5.2,8.2,3.8,21,0,31.6,0.8,0.9,15.7,125.4
1967.9,5,7,3,2.7,3,2,10,14.9,14.7,1.7,0,10.9,2,5,57.5
2353.3,10,2,10,2,4,5.6,7.7,18,36.5,3.8,24.5,14.3,0.8,11.9,95.5
3665.9,7,2,8,2.5,1,6,2.2,21.2,9,1.1,34.6,5,3,15,103.5
4453.7,11,2,3,3.4,3,9.2,7.5,2.8,8.3,2.7,11.1,6.5,8.7,14.3,142.4
3046.6,1,5,5,2.4,5,7.4,5.4,8.2,30.6,1.5,35.7,14,1.6,15,85.8
2079.3,8,4,9,1.9,2,3,4.5,13.5,17.7,2.1,31.9,8.2,2.2,15.8,75.6
2180.6,14,1,11,1.5,3,1.2,9.4,17.5,11.7,1.5,13.8,2.1,2.2,8.3,70.2
3539,1,4,5,4.5,2,8.5,7,18.3,32.9,1.3,27.8,14.8,2.7,8,109.2
215.4,0,4,7,2.8,1,8.5,6.8,6.3,11.8,3.7,8.1,9.3,0.2,5.5,70.7
3174,9,2,11,3.5,2,1.8,0.1,0.3,8.3,0.2,4.8,11.5,4.2,6.4,63.7
1906.4,1,4,7,3,5,0.6,8.7,17.3,10.5,1.8,12.4,9.8,9.8,11.8,67.2
4012.1,11,1,5,4.5,3,7.1,7.9,22.7,11.7,0.2,34.2,14.5,4.5,8,117.4
646.4,22,1,2,3.2,1,7.2,3,19.9,6.3,1.7,12.5,5.6,8.1,8.1,72.5
3023.4,7,6,5,2.9,1,1.8,2.9,15.6,12.3,6.6,18.5,12.7,5.7,11.8,76.6
2508.7,4,3,7,4.7,5,6.7,0.5,24.4,14.1,0.1,5.9,15.3,0.1,5.3,58.3
3283.2,21,5,7,3.9,2,2.8,0.5,10.8,22.8,1.1,28.4,4.6,5.9,4.7,74.2
511.3,0,4,4,1.4,3,2.6,6.7,13.1,30.3,3.2,28,7,9.5,13.6,68.7
2983.9,14,5,1,1.7,5,3.2,1.9,0.3,30.6,0.9,9.5,16.6,5.5,13.5,79.5
2895.1,5,5,6,4.1,0,5.2,9.2,23.6,13.7,1.5,-9.8,14.3,5.3,8.6,98.9
2891.2,11,5,3,4.3,5,8,8.4,14.6,7.6,0.2,13.7,6.7,6.7,11.1,105.5
3096.7,7,7,11,3.2,3,5,3.5,9.8,5.9,0.5,23.3,5.1,8.7,6.9,80.4
3447,12,6,5,3.2,1,3,3.8,1.1,7.6,2.3,17.8,11.1,5.6,8.4,81.3
4063.9,18,5,4,3.5,2,8.8,3.3,9.1,3.5,3.5,19,11.3,4.1,4.4,115.2
1495.1,0,6,2,2.8,3,0.6,0.9,0.1,7.2,2.1,22.2,9.8,0.4,7.3,35.1
4160.2,10,1,12,3.7,4,8,0.3,8.1,67.1,3.6,11.9,19.3,1.1,4.2,117.4
2591.6,19,7,7,1.4,4,7.8,4.5,23.8,33.2,1.9,2.9,12.6,6.5,9.1,111.2
569.9,0,4,5,4.8,3,2.5,9.4,3.9,15.5,3.3,26.9,6.6,6.2,10.2,52.7
481,7,6,7,4,2,2,9.2,13.6,10.7,8.1,7.4,14.2,2.4,9.9,45.4
1804.3,4,3,9,3.5,1,8.7,8.1,4.7,18.7,0.2,3.6,10.2,7.2,8.1,102.6
3967.5,16,5,4,2.3,6,5.6,6.3,19.6,5.8,1.3,24,7.3,2.8,6.5,108.6
3596.9,7,7,5,1.6,5,0.5,8.6,14.1,11.4,0.4,4.7,13.6,3,9.5,100.6
3985.4,9,3,9,2.6,0,8.9,5.2,5.1,18.8,1.3,8.2,15.9,0.6,14.4,114.8
2682.9,1,1,10,3.6,1,3.5,1.8,21.7,31.3,1.4,37,10.9,5.5,15.8,55.2
2313,8,1,11,3.5,3,3.4,6.8,19.6,7.6,1.9,37.1,6.1,2.9,7.8,73
907.8,23,2,4,2.5,5,6.4,9.2,23.8,5.1,1.2,32.3,10.5,8.2,15.7,83.9
1775.3,22,5,5,3.5,1,6.6,0.2,0,7.7,0.8,27.1,6.2,8,9.2,50.1
2283.3,2,2,5,4.3,3,3.5,2.5,11.4,0.7,0.1,31.9,10.9,1.3,11.4,37.6
625.3,17,7,8,1.1,5,1.4,2.7,25,7,0.1,41.6,13,1.6,13.6,42.3
1258.9,6,3,4,2.8,1,5.5,1,20.3,8.4,0.4,31.1,2.1,3.2,8.3,38.3
3071.5,14,4,4,4,3,6.3,2.3,20.8,43.9,1.2,21,12.9,5.8,6.5,98.8
3731.2,20,2,7,3.2,2,8.6,3.8,15.5,15.8,1.1,28.5,8.5,3.4,7.3,110.7
4992.1,21,1,11,3.6,5,4.8,9.4,17.8,6.7,0.4,12.4,7.8,3.5,14.1,126.8
4678.9,19,5,5,3.1,4,6.5,8.6,20.1,9.8,3.5,19.8,4.7,1.4,15.2,135.2
3284.3,17,3,6,5,1,0.5,9.5,2.3,8.2,2.3,20.3,5.7,3.4,5.5,66.2
2222,2,6,6,1.2,6,8.9,1.2,17.3,8.4,0.8,16.3,17.1,4.7,12.3,74.3
3253.7,22,7,12,3,2,3.3,0.3,20.4,18.9,3.2,14.2,13.4,9.8,4.4,84.1
3971.1,13,7,6,1.4,2,6.3,1.1,1,5.9,9.1,33.5,15.2,8.4,14.5,99.3
768,23,1,10,1.6,4,9.2,9.1,7.4,4.9,0.6,6.6,6.6,7.9,14.3,89.3
2167.5,1,6,5,2.5,1,8.1,1.6,8.1,27.2,0.9,19.8,17.2,5.6,13.3,68.8
4231.1,13,7,5,1.6,3,6.4,5.7,21.4,16.3,9.9,2.5,9.7,3.6,13.9,113.1
2042.4,21,4,9,4.9,3,7,2.3,19.5,1.3,0.3,-6.1,6.8,8.6,11.3,71
2945,10,5,8,4.8,3,9.2,0.2,16.4,14.9,0.2,32.3,5.7,3.5,5.8,85.5
3021.3,15,4,4,2.3,3,8.1,0.8,20.1,5,1.5,33.4,5.8,5.9,15,88.5
1085.5,7,7,7,3.6,4,6.1,7.1,11.3,4,1.3,12.2,7,2.6,5.7,65.3
1938.7,6,4,8,3.1,4,6.6,1.8,21.9,29.9,0.2,18.6,6.4,7.8,6.7,78.3
1805.7,10,7,12,4.3,3,1.5,2.3,5.9,6.6,0.7,14.5,13.6,5.1,9.2,35.4
325.7,2,5,9,3.5,3,4.7,3.8,17.6,10.6,1.1,14.5,20,9,10,43.1
316.1,16,5,5,1,4,3,6.6,6,13.5,3.5,12.1,9,5.7,5.2,52.3
4192.1,13,6,3,4.1,3,4.3,4.7,1,30.6,2.5,23.5,9.1,1.6,13.1,96.6
1510.7,5,4,4,4,2,6.6,9.4,7.1,4.9,4.9,13.4,2.6,9.9,5.6,86.1
2686.8,7,3,10,3,3,1.5,4.3,12.3,17,0.8,23,6.3,5,11.9,75.4
1633.9,21,6,6,4.6,3,0.2,2,21.1,14.6,0.7,38,3.5,2.5,9.4,24.7
4715.3,4,5,10,4.6,2,4,5.4,12.7,17.8,1.2,22.7,13.3,3.3,13.7,96.7
1444.6,7,1,11,3.1,3,3.2,4.5,4.5,15.7,0,19.5,17.7,1.2,7.5,47
2262.4,1,7,5,3.4,3,4.2,7.9,24.8,10.8,0.5,11.1,5.7,0.7,14,76.1
4389.1,14,6,9,5,4,9.3,9.4,6.8,13.3,0.5,17.8,9.2,4.5,7,139.3
4241.3,11,2,11,2.2,7,7.1,8.4,24.6,36.6,0.1,-2,9,9.5,10.9,139.8
1093.3,16,3,11,2.3,3,3.3,3.9,23.4,17,1.2,36.5,12.7,1.2,9.8,51.2
4052.7,0,7,3,1.7,4,1.8,2.2,13.6,15.8,4.7,6.5,10.4,9,8.2,98.4
2399.3,14,6,2,4.6,3,6.2,9.1,2.3,7.1,0,-5,18.5,8,4.1,85.8
2518.3,13,5,6,4,4,6.6,3.9,17.4,42.5,2,16.7,7,8.1,8.8,93.2
840.7,19,5,7,1.4,4,4.8,7.7,21.1,16,4.2,22.3,13.6,7.1,5.4,77.5
586.9,21,3,5,4.9,2,2.1,9.9,11.1,22.8,0.2,33.9,7.6,5.9,6.7,46
3694.1,15,2,1,3.9,3,0.3,5.8,6,4.9,5,20.9,3.6,1.2,12.3,74.5
2583,8,6,3,4.4,3,2.7,4.8,20.1,8.9,3.4,29.1,15.7,5.8,10.9,70.4
2296.9,0,6,3,1.2,1,4.6,7,13.6,6.6,0.5,29.2,17.5,3.5,10.3,67.1
3701.6,16,4,12,3,1,7.9,1.9,4.9,19.7,4.7,28,11.6,1.1,10.8,101.8
3874.5,12,1,4,3.8,2,8.5,4.9,23.7,3.5,3.3,4.4,7.5,8,5.4,119.8
962.8,20,5,10,3.2,2,4.1,3.1,23.7,20,0.2,24.1,5.4,5.5,6,59.1
3129.1,20,6,6,3.7,4,8,1.6,9.2,19.4,3.6,1.4,12.2,7.4,10.5,94.8
849.7,4,6,5,4.3,2,9.9,6.1,1.6,2.3,1.6,41.9,1.5,4.8,8.9,62.1
3806.6,9,7,1,2.5,2,7.2,5.8,15.8,18.8,3.4,26.4,13.5,5.5,9.6,126.5
3353.4,5,7,6,4.4,3,7.3,7.6,7.9,9.9,1.9,10.5,8.3,7.1,14.5,102.1
4791.8,23,6,9,1.7,2,9.1,8.7,1.7,43.6,1,22.5,8.2,2.5,6.2,147.2
531,18,2,11,2.1,1,3.4,2.2,22.3,21.4,1.8,5.9,5.7,8.5,14.9,59.5
473.9,12,1,1,1.2,3,0.1,7.8,25,9.7,2,-0.7,4.3,4.2,14.3,46.7
1554.5,0,6,8,2.5,2,9.9,3.7,8.8,14.3,2.9,28.5,9.8,7.1,14.8,86.5
1456.2,19,3,8,2.5,2,4.9,6.3,18.6,24.5,3.6,6.2,10.8,3.3,11.7,65.5
1385.5,14,5,3,4.2,2,7.9,8.5,1.6,2.8,2.2,15.8,9.6,7,14.4,67.9
4550,13,4,9,3.6,5,8.1,2.6,9.2,12.8,9.1,20.5,14.4,0.4,15.9,119.1
1397.8,7,7,11,2.7,2,4,6,2.7,23.6,3,15.8,10.2,9.3,9.7,71.7
1505.4,9,3,11,3.6,2,5.4,4.8,1.4,10.7,4.8,5.7,12.9,7.9,14.3,72.3
3845.1,8,5,8,1.2,3,5.4,7.9,14.7,18.7,0.8,18.7,4.1,6.6,14.8,133.8
2358.8,16,7,3,1.7,3,2.2,7,20.1,12.3,0.8,19.8,8.2,3.2,7.7,71.6
3928.2,8,2,10,3.5,4,1.2,7.7,11.3,2.4,0.9,28.5,15.9,8.4,9.3,102.2
513.8,2,7,5,3.6,3,5.4,2.9,13.1,20.1,1.2,47.3,13.9,7.7,10.9,47.2
2540.3,10,1,3,4.1,4,1.2,7,6.8,30.1,6.5,-5.7,11.3,4.5,8.2,80
361.3,11,1,5,2.6,3,3.5,6.1,18.4,4.6,0.2,8.4,8.5,2,7.9,40.4
500.7,9,5,9,3.9,1,1.9,4.6,9,14.4,1.4,20.7,6.3,1.8,8.6,38.5
4550.9,16,3,12,3.7,3,7.1,3.8,1.7,5.5,0.4,30.1,7.9,4.9,9.1,108.1
868.4,16,4,4,4.9,3,8.7,3.3,4.1,4.7,3.3,22.2,12.5,7.8,7,60.8
2755.6,10,2,6,1.9,1,5.8,0.1,3.2,8.2,0.1,31.5,2.1,7.1,9.7,72.1
2173.3,21,5,3,3.2,3,4.1,1.7,10.9,19.4,1.2,0.2,17.2,4.9,13.3,56.7
1867.2,3,2,3,3.4,2,10,0.6,1.6,7.7,1,14.2,15,2,11.5,47.5
4519.2,6,1,5,5,0,0.2,8.5,20.2,6.8,0.2,35.5,14.9,2.4,8.6,77.9
304.8,20,6,8,1.8,0,3,8.6,22.7,9.5,0.9,7.7,12.5,0.6,5.9,44.3
3386.2,13,6,8,3.1,2,2.8,8.5,6.2,10.7,3.3,-16.8,10.4,1.8,13.9,88.8
4824.3,6,4,3,2.4,4,3.6,8.2,12.1,13,0.3,8.2,11.5,0.1,10.1,106.9
2888.8,23,2,8,3.1,2,2.3,2.2,13,40.6,8.2,23.2,8.5,6.7,15.7,83.7
4696.7,7,5,11,1.9,4,2.6,4.9,24.6,47.7,0.1,17.2,18.5,5.9,7,134.2
450.8,0,4,8,1.2,1,2.6,9.1,1.6,13.4,0.7,2.6,9.4,9.9,6.1,49
2210.2,23,7,3,3.3,3,5.1,7.6,16.7,20,3,9.3,8.1,7.6,4.1,86.6
1448.8,21,7,10,2.3,3,3.9,0,8.6,2.1,0.9,2,8.9,2.5,5,41
3707.9,3,3,10,1.7,0,6.4,4.6,12.5,29.6,1.3,3.4,7.1,7.1,8.6,125.8
4910.2,11,6,2,2.3,1,5.1,0.1,5.4,15.1,0.4,7.5,13.2,0.1,6.4,81
1431.3,23,5,10,1.2,4,1.8,2.8,4,2.6,2.5,19.3,7.9,9.9,4.5,54.7
3340,2,2,2,4.8,3,8.1,4.4,6.1,25.2,0.4,-10.7,9.5,6.1,6.7,109.9
1150.9,12,4,9,3.3,1,4.7,8.9,1.8,19.2,3.8,34.4,15.3,1.2,12.7,61.8
2913.6,19,5,7,4.3,1,1.5,6.5,7,21.7,1.6,16.8,14.3,5,12.8,88.4
2426.9,5,4,6,2.7,4,1.7,3.6,17.3,55.4,1.6,4.7,5.9,9.4,5.8,84.4
4865.6,10,4,7,4.6,3,8,4.9,16.3,13.5,5.4,6.3,14.7,8.5,15.2,125.6
3120.9,22,4,8,2.9,6,7,8.2,13.9,17.7,3,10.4,4.3,3,5.9,102.4
1877.6,3,2,12,3.3,5,5.1,3,0,14.9,2.7,18.1,4,4,5.1,72
747.7,19,5,1,3,3,3.1,6.2,3.1,8.2,3.9,19.8,8.7,8.5,6,69.5
926,15,1,8,3.9,3,4.6,2.6,21.1,27.8,0.2,15.7,11.2,9,5.7,69.2
1281.5,6,1,3,3.3,2,6.4,4.8,6.8,14.1,2.6,8.9,9.1,9.1,11.6,79
1404.6,21,2,3,2.1,2,8.8,0.2,22.8,17.1,0.5,17.9,11.8,9.5,5.9,81.2
4283,10,7,6,1.6,1,5.6,8.5,21.9,33.7,0.7,-6.9,8.5,5,11.6,120.6
2893.9,23,2,4,3.4,0,2.8,0.5,3.9,17.5,0,3.4,1.8,8.6,7.3,69.6
2712.3,0,6,4,3,6,0.4,2.2,22.5,27.5,4.5,9.9,9.2,3.5,7,68.4
750.9,6,4,4,1.4,1,1.8,3.3,15.7,3.1,2.7,1.9,3.9,8.4,14.8,44.7
4328.7,11,5,10,2.6,4,6.5,6.3,15.8,8.9,0.3,15.4,10,3.5,6.6,113.9
3669.5,6,5,9,3.1,4,1.6,7.2,21.3,25,0.8,1.9,5,6.1,14.4,102.8
524.8,22,3,8,4.3,1,4.8,0.8,10.1,11.9,1.3,38.6,12.1,4.7,7.6,25.7
3597.6,6,3,3,1.3,5,7,0.4,18.4,55.9,1.4,0.5,15.4,8.9,15.9,115.2
2809,9,1,1,2.4,2,3.1,8,16.7,8.7,1.8,36.1,3.1,0.7,15.8,99.8
592.3,15,3,1,4.3,4,6.7,7.1,19.3,51.7,1.3,-6.1,1.8,9.5,13.9,103.1
2399.8,7,3,1,3.6,1,5.8,8.3,16.5,4.6,2.1,42.1,8.8,4.6,14.4,91.4
2526.5,8,1,4,2.2,3,4.4,6.8,2,2.4,4.3,25,14.5,4.8,13.9,87.1
995.7,8,6,6,4.4,8,9,7.5,7.3,4.5,1,27.5,10.6,8.3,11.6,88.7
4739.4,1,7,4,3,4,6.9,3.8,23.5,27.7,4.2,1.6,8.3,6.7,13.7,133
4279.9,12,1,11,3,0,3.6,5.9,5.6,3.2,0.5,14.1,5.7,9.5,11.5,110.1
3411.3,12,7,11,4.9,4,8,8.1,11.8,5.4,0.3,14.9,12.9,5.5,14.1,98.7
2419,22,3,3,4.8,6,7.4,1.7,8.9,7.8,0.5,16.8,16.1,5.6,15.2,66.5
2176.5,22,5,8,2.4,2,7.9,4.2,2.2,38.5,0.5,33.3,2.5,9.7,13,97.7
3324.7,3,3,8,1.6,4,6.4,7.4,4.5,20.9,8.4,26.3,11.2,9.3,15.6,122.5
2818.1,23,4,6,2.3,1,3.8,5.3,7.2,12.2,1,16,20,2.1,9.4,72.7
498.9,11,7,9,1.1,1,3.5,6.8,11.6,1.4,2.1,30,7.6,3.1,15.1,37
2660,16,7,12,1.1,2,6.5,2.9,21.9,16.2,2.4,32.2,9.2,6.3,6.7,105.6
4070.7,1,4,10,2.6,2,1.3,0.3,12.9,3.6,1.2,11.2,9.9,9.4,4.4,70.2
2404.4,12,4,1,4.8,4,8.2,0.3,16.3,17.6,0.5,10.8,8.4,5.6,5.5,72.7
449.4,17,6,8,4.5,3,3.7,9.4,10.6,21.9,1.2,43.9,14.4,7.3,5.9,63.4
3974.1,14,2,6,3,1,6.3,9.4,21.8,17.2,1.3,15.1,17.2,0.9,13.9,108.1
1166.5,7,4,1,3.3,5,5,2.1,16.6,28.2,6.2,10.3,3.2,5.2,8.8,75.3
1441.4,14,7,4,1,6,5.2,1.5,2.3,7.8,1.7,16.1,6.3,1.5,6.8,56.8
990.6,0,5,5,1.9,3,7.4,0.2,11.9,29.4,7,30.9,15,2.6,13.7,60.7
1785,19,7,7,1.1,3,6.3,2.3,20.7,8.7,1.7,26.6,12.4,1.7,6.4,77.2
3832.4,9,7,8,4,3,2.5,3.3,18.3,5.1,0.3,16.5,11.7,1.7,4.9,72.7
2693.1,11,6,9,1.6,5,0.7,2.4,22.6,8.3,1,25.3,12.8,9.9,9.6,73.1
1183.4,4,2,12,4.5,2,8.4,8,5.7,13.4,3.1,21,10.4,3,4.8,85
4413.6,8,2,12,3.6,3,8.8,7.5,24.4,4.5,1.1,16.3,11.9,5.7,7.3,137
4422,22,4,6,1.9,4,1.6,0.8,7.1,12.1,0.2,14.4,8.7,0.2,12.4,76.9
4378.8,7,3,10,1.6,3,3.1,7,1.3,17.8,0.2,19.8,9.1,8.1,8.5,124.7
1346.2,15,7,9,3.5,3,2.8,5.2,12.4,7.7,0.5,13,9.6,6.8,5,57.6
2365.9,13,1,4,4.6,3,9.4,1.3,2.8,26.9,1.7,18.8,8.4,2.3,8.8,74
4928,12,3,8,3.9,0,2,7.4,17,11.8,3.5,17.4,11.9,0.4,10.2,89.9
3905.7,22,3,3,2.4,0,1.7,0.9,22.5,2.3,1.5,0.6,11.2,2.7,7,79.1
330.4,20,2,4,3.3,3,1.8,1.8,23,11.5,2.7,11.6,2.5,6.3,6.1,41.7
513,12,2,10,2.2,6,7.3,1.5,15.2,3.3,2.1,14.9,9.2,0.2,13.1,29.5
2426.9,4,6,4,5,6,8.9,9.4,13.4,3.1,1.5,40.3,10.1,0.8,4.8,91.9
4564.3,15,6,6,4,2,3.9,7,24.8,6,0.5,16.1,16.1,4.1,15.5,103.8
2785.8,10,2,9,3.5,5,1.4,4.1,14.5,24.4,4.3,21.3,8.9,1.8,4.1,63.2
2589.5,21,5,6,2.7,2,5.9,8.2,23.2,16.4,0.6,43.8,10.4,6.3,11.8,97
706.3,4,5,1,3.5,3,2.1,2.2,22.9,2.1,0.6,-1,9.7,1.7,5.6,29.3
3352.5,12,1,5,2.4,0,0.6,9.3,7.2,25.6,0.6,-0.4,15.3,9.9,10.6,88.5
4146.1,10,2,9,1.1,2,8.9,7,0.3,35.2,0.2,8.7,5.2,4.4,6.2,131.9
2026,18,4,5,2.6,4,8.7,5.6,11,15.2,1.4,14,6.9,1.5,4.4,98.1
3922.9,2,6,6,4.7,3,9.8,7.9,21.5,7.2,0.8,15.2,6.6,0.7,14.3,112
4829.5,14,2,3,3.5,6,4.7,6.4,20.9,9.9,1.5,11.9,10.1,4.2,9.1,121.2
1178.1,6,5,8,1.3,4,2.9,8.9,15.1,18.8,1.2,3.2,4,8.1,7.3,73.7
2712,6,2,10,4.5,4,7.7,8.3,3.9,0.5,1.5,29.7,15.9,4.4,15.4,94.4
1578.3,5,5,11,2.1,5,1.8,2,2.7,9.8,0.7,12.6,11.7,1.4,5,39.7
4005.7,2,2,4,2,5,2.4,2.4,23.9,3.5,3.4,32.2,12.3,4.9,8.2,82
2972.4,12,7,4,2.2,0,2.6,0.7,10.5,15.7,1.5,5.8,18.4,3.4,6.1,51.1
3246,6,4,11,3.3,4,9.5,2.2,16.2,4.9,0.5,41.5,8.6,5,15.9,86.1
4030,4,1,12,3.2,2,7.3,3.4,22.6,41.5,4.6,-2,13.4,3.9,10.6,114.3
2100.7,22,7,5,3,3,1.3,0.3,21.7,18.1,0.2,17.8,12.3,6.5,13.7,38.7
4592.4,17,4,10,3.9,5,0.9,3.1,14.2,16.8,2.6,6,16.2,8,6,96
2758.5,21,5,9,2.3,2,8.4,7.7,12.2,11.1,2.3,18.4,12.8,8.9,7.7,110.7
958.2,7,6,8,4.1,3,8,8.4,18.4,6.4,0.2,6.2,8,7.4,11.4,86.2
3540.3,16,6,7,1.7,2,6.7,0.1,8.7,3.7,4.6,-7.7,11.7,3.6,6.1,73
4007.7,19,3,5,4.1,6,2,0.1,15.6,19.4,0.8,8.6,7.4,4.5,10,82.7
1720.5,0,4,9,3.7,1,4.8,1.5,0.6,3.8,2.7,37.2,8.1,6.4,15.2,52.3
4314.5,13,2,9,3.7,2,6,8.7,20.6,10.5,0.6,6,9.9,2.2,15.2,110.3
4549.5,16,1,10,2.9,3,9.3,4.7,25,9,1.5,24.1,9.3,7,8.3,120.1
1529.1,9,2,10,3.7,4,1.7,9.8,23.9,26.1,7.2,18.1,6.4,6.5,10.2,85.1
4920.9,11,2,2,1.3,1,5.2,8.9,9,21.3,1.9,12.5,0.9,6.6,6.4,146.4
875.4,15,4,4,4.4,2,1.6,8.9,13.3,32.3,0.7,42.5,11.2,3.3,15.7,47.2
1169.7,13,1,8,1.2,2,4.4,1.3,5.9,5.7,1.2,14.2,11.5,6,10.2,59
1084.3,15,3,1,1.6,2,2,4.8,7.6,10,2.3,20,11.5,2,6.5,42.5
4491.2,7,7,5,3.3,3,8.4,9.9,11.4,23.4,1.2,19,17.6,1.9,14.1,142.1
3340.6,22,2,8,4,3,2.5,1.5,18.7,17.4,4.8,36.9,3.9,7.7,9,81.9
930.1,9,1,2,1.3,0,4.2,5.7,0.4,8.3,4,0,16.2,3.8,11.6,63.8
2313.6,16,3,2,4.7,5,4.1,3.4,9.8,58.8,0.3,44.9,20,5.4,14.1,76.2
3153.4,17,7,8,4.9,4,8.7,3.9,13.9,32.7,3.1,36.2,17.1,2.9,7.7,98.3
600.6,19,2,10,3.4,4,7.6,8.9,5.4,18,5.7,22.8,8.6,2.4,10.9,72.5
4435.6,15,1,12,2.9,0,0.6,5.9,2,2.4,0.8,25.4,11.8,7.8,4.7,83.9
4057.3,16,7,9,4,3,0.7,7.6,13.5,13.9,0.5,15.3,6.9,7.9,6.8,94.5
2625,15,4,7,2.3,4,5.5,6.7,15.9,10.6,0,19.8,7.3,8.4,5.7,92.8
4842.2,18,6,8,3,2,4.3,5.3,16,23.6,0.2,23,16.9,8.5,11.7,135.8
2205.3,23,6,5,4.7,1,2.8,7.9,8.9,5.6,6.5,7.1,12.8,4.1,7.1,58.4
4923.7,23,2,1,4.8,2,7.9,9.7,5.9,9.5,1,36.2,13,8.1,13.1,144.3
3406,7,2,4,4.7,4,1.3,9.7,5.5,24.9,1,20.7,5.5,3.5,13.1,92.5
3246.4,5,7,2,2,3,9.7,7.9,1,19.3,0.6,19.7,4.1,0.5,13.4,105.3
996.6,5,1,3,1.9,2,0.2,4.9,4.6,4.1,0.4,7.6,14.2,6.9,5.6,26.5
4433.3,20,6,12,2.2,2,1.2,1.6,20.5,27.6,1.4,32,11.7,2,10.3,88.4
2252,8,2,3,2.8,3,3.1,0.4,0.1,14.3,2.6,17.4,8.8,4.5,12.1,69.4
978.7,3,3,9,2.3,2,5.1,2.3,1.1,9.5,1.6,11.7,16.9,1.6,7.9,44.6
260.5,11,2,10,2.5,3,2.2,3.4,3.2,32.6,0.1,5,12.4,3.9,7.1,43.5
2886.8,11,6,4,3.5,1,7.4,1.3,10.5,9.8,3.3,16.1,6.6,8.8,12.6,67.8
2731.5,22,5,2,4.1,5,3.6,2.2,8.3,22,5.4,4,2.2,6.1,8.2,76.2
3652.9,16,6,3,3.9,1,0.4,0.8,4.4,39.2,1.2,22.1,12.4,1.5,7,64.9
4473.2,14,3,3,4.3,3,8.8,5.2,2.8,22,0.9,27.3,8.1,7.3,10.8,119.1
581.2,8,1,7,1.1,3,9.4,1.3,23.5,14.7,0.5,13.3,9.4,8.5,11.4,78.6
3711.2,6,3,8,1.2,2,6.2,7.4,22.8,16.9,0.7,20.8,9.1,1.7,13.3,106.4
1099.6,9,5,11,4.2,2,8.1,3.3,19.3,0.4,2.1,32.6,15.7,7.4,4.5,64.6
4319.2,15,5,6,3.1,3,1.2,6.7,6.3,18.4,2.9,15.9,13.4,5.5,6.1,84.9
4131.5,11,2,4,3.3,4,2.7,8.8,8.1,13.1,0.8,16.7,9.6,6,13.3,98.5
2795.8,6,2,6,1.2,3,3.3,0.9,16.6,17.1,0.8,18.1,9.5,9.4,10.4,81
3609.2,17,6,11,2,0,9.6,9.9,7.3,3.8,1.2,12.7,11.2,0.4,13.7,114.7
1708.9,14,4,1,3.6,2,5.1,6.5,13.3,37,0.4,13.8,15.3,6.4,9.4,82
2461.6,5,3,10,4.4,1,0.1,0.5,16.3,4.1,5.2,8.8,10.3,0.8,9.5,30.3
4143.9,11,6,8,4.7,1,3.8,3.1,13,6.2,2.4,23.2,7.7,7.9,8.5,82.5
2404.5,10,4,1,3,3,0.1,8.9,10.3,21.6,1.1,17.1,5.2,9,12.3,76.6
1917.4,19,6,5,3.2,2,2.4,6,8.7,9.3,0.3,25.2,9.7,0.9,11.1,57.2
2572.2,2,5,2,4.3,2,4.5,2.9,19.4,10.1,3.8,30.3,5.2,0.3,8.7,74.9
4175.6,1,2,6,3.2,3,3.2,9.4,18.5,9.3,1.3,5.4,11.4,9.6,6.3,125.5
1809,5,2,9,3.1,2,0.3,7.9,17.4,8.2,3.2,8,11.8,9.3,4,67.3
1034.1,23,6,5,4.6,3,1.2,7.4,9.4,23.3,0.1,26.3,14.8,9.2,5.1,48.7
3617.7,21,2,4,4.2,3,5.5,8.9,19.4,48.4,0.6,14.9,9.2,9.4,5.3,137.2
4164.7,4,1,2,4.6,2,7,7.7,23.9,13.8,1.9,19,14.1,5,10.8,122.7
683.1,17,6,12,1.9,4,4,2.9,17.2,12.6,1.3,19,16.4,9.8,13.1,64.7
1351.4,15,5,3,3.1,2,7.3,5.8,10.2,6.7,0.7,6.6,10.3,8.9,9.5,79.2
881.5,7,7,6,4.4,3,1.6,8.4,19.9,17.6,0.4,24.1,18.9,1,9,42.9
1870.1,19,6,8,1.4,2,1.2,1.8,15.2,11.7,0.7,21,15.7,8.1,5.6,57.4
2361.7,21,6,8,4.2,2,8.4,1.6,21.9,27,2.7,5.9,8.1,7.1,14.8,80.2
3794.4,10,2,5,1.7,2,3.4,1.6,17.8,4.7,0.4,16,20,1.3,12.8,67.7
3325.5,9,5,5,4.2,3,4.3,1.9,19.2,11,1.8,16.7,9.7,7.4,9,86
3180.5,23,6,10,3.4,3,9.5,1,16.7,22.4,1.1,27,15.6,4.8,5.2,96.7
1891.4,11,2,3,1.8,3,4.2,8.4,2.3,20.6,2.9,32.1,12.5,8.5,14.2,76.2
4238.9,20,3,7,2.9,2,0,8.2,12.1,13.9,0.5,17.9,11.2,8.2,6,103.9
2462.2,5,5,6,3.7,3,9.4,1.5,1.4,8.1,0.6,-2.2,15.2,9.4,12.1,79.1
4899.7,19,4,1,3.5,1,0.1,7.1,11.2,8,1,26.7,10.6,0.8,8.1,91.7
3243.9,4,1,4,2.7,4,6.6,6.3,17.9,21,0.4,44.4,9.7,7.1,14.3,111.5
806.1,22,4,6,4.6,4,3.2,2.8,10.5,26.7,1.2,26.6,9.8,3.8,11,30
3445.7,8,7,11,3.1,2,4.7,2.3,0,28.3,1.1,14.7,5.4,7.8,6.7,91.4
1760.5,15,5,6,3,1,5.5,2.5,9.2,11.2,9.2,22.8,14.3,6,4.2,65.6
3494.4,21,6,11,1.2,3,4.1,7.3,1.7,8.9,1.8,27.6,7.4,5,6.5,104.5
534.3,13,2,12,4.7,3,7.7,3.2,19.5,17.1,0.1,19.4,10.8,0,8.4,51.4
1039.4,21,7,12,1.7,2,9.3,2.8,19.6,11.8,1.2,33.8,10.1,6.1,12.5,74.5
4307.5,7,5,3,3.1,4,0.9,0.2,20.2,9.2,4.2,4.4,12.4,4.2,6.6,96.6
1290.5,19,1,6,4.2,4,8,9.1,0.8,10.8,4,13.2,9.9,3.3,7.1,85.8
4217.8,18,5,12,1.9,2,1.3,7.5,0.8,20.2,6.5,23.5,8.9,9.9,9.2,135.1
1540.5,13,7,10,3.1,4,0.8,4.7,22.6,9.2,4.5,26.4,11.7,7,4.5,54.9
3285.8,6,2,6,2,3,9.6,9.4,3.1,9,0.4,11.4,11.3,5.4,13.2,121.2
3531.9,4,4,12,4,1,4.9,2.9,16.8,12.2,0,12.6,5.8,8.7,4.9,85.6
2660.7,17,3,9,3.3,4,1.5,6.7,19.9,6.1,1.9,10,9.6,2.3,12.8,79.1
1665.5,1,4,9,4.4,0,5.7,3.1,11.2,19.1,2.4,9.1,15.1,6.2,7.2,61.7
1220.7,10,2,2,4.6,5,2.6,3.1,13.7,6.5,0.3,24.2,19.8,8.6,9.5,45.6
359.3,21,7,4,3.6,1,4.6,8.4,5.7,12.5,0.4,17.5,3.2,1.2,8.9,37.7
1658.9,7,2,9,3.9,4,6.2,7.9,23.1,14.9,6.6,33.6,13.3,2.4,7,100.6
3335.2,0,1,4,3.2,2,8.7,2.9,7.5,0.5,5.8,4.9,10.4,0.8,7.1,83.5
4703.9,21,5,8,2.5,1,0,0.8,5.4,10.5,0.3,16.1,7.6,9.9,15.4,86.9
4381.8,11,5,10,3.6,5,2.1,3.6,13.1,19,0.6,26.8,8.3,5.8,7.7,95.9
3877.1,1,4,12,4.6,3,1,7.6,4.8,4.3,4.5,22.1,6.2,4.9,6.2,94.3
3984.5,17,7,3,2.7,2,1,1,17.2,12.8,1.1,4.8,4.6,3.4,7,69.6
3391.9,6,3,3,2.3,2,9.5,6.7,12.9,10.2,3.2,31.8,11.5,4.5,12.3,118.3
1449.4,16,3,9,2.6,7,9.4,8.9,3.7,7.8,1,19.2,17.1,7.8,7.7,106
4554.5,21,1,11,2.7,4,7.5,1.8,1.7,7.1,2.7,41,11.4,9.2,6.1,102.2
3419.5,22,2,10,1.3,2,6.4,8.6,3.4,10.4,1,16.4,10.7,1,9,96
2890.1,13,1,8,3,0,8.5,0.5,3.4,29,4.6,31.9,7.5,3,5.4,87.6
732.7,23,5,1,3,2,0.6,6.7,7.8,17.4,0.8,13.7,6.3,1.9,8.8,38.2
2345.9,6,6,10,3.4,1,1.2,7.9,20.8,12.4,1.5,15.2,10.1,4.4,14.3,64.3
2409.7,21,6,2,2.5,2,3.2,4.4,1.4,22.7,1.5,23.9,5.9,5.3,8.5,78.6
4349.9,2,6,3,3.5,3,8.3,2,3.2,16,2.1,-2.4,14.5,7.2,10.2,106.3
2823.9,5,2,11,4.5,3,4.7,9.2,7.6,24.2,0.7,-6.2,7.7,8.8,13.5,107.4
2025.9,19,1,2,4.8,3,5,0.2,13.8,8.2,2.1,9.9,6.6,5.4,10.2,71.5
4888.6,1,7,3,3.3,4,2.3,5.6,19.1,11.2,0.3,2.4,19,4.9,4.6,91.4
731.5,16,4,8,1.2,1,6.5,3.7,23,32.4,4.5,-9.1,15.2,5.8,6.6,72.5
2228.2,11,5,11,4.9,4,8.9,4.6,10.3,3.2,0.3,26.9,5.2,8.9,14.7,84.9
401.7,11,6,11,3.8,4,3.3,5.4,2.6,21.7,3.7,8.5,6.5,6.5,13.6,44.9
3751.5,16,7,12,2.3,2,6.2,5.3,5.3,14.4,2.4,13.9,9.2,7.9,13.1,116.5
4606.8,9,3,6,1.6,4,3.3,2,7.2,10.3,0.8,19.7,9.4,7.2,10.6,118.2
1544.2,2,1,7,1.6,6,7.9,6.8,19.7,59.9,0.8,24.1,8.2,9.2,8.2,114
4320,19,5,10,1.7,6,4.7,0.2,17.2,4.5,6.8,21.4,15.3,8.2,12.3,115.6
1602.6,17,5,10,1.2,2,3.4,0.2,5.2,1.9,0.4,20.4,10.8,3.4,12,40.6
4571.7,12,3,6,4.6,2,4.2,4.8,21,20.4,2.6,23.6,9.9,8.5,11.7,107.5
3819,11,3,1,3.2,0,0.9,5.4,21.5,4,0.4,12,7.6,4.7,10,79.5
4063.6,16,3,11,3.8,3,8.7,2.7,22.1,17.2,4.7,9.4,5.8,8.5,7.1,126.8
286.4,3,6,3,4.3,1,9.6,5.5,6.9,14.3,2.7,-9.8,7.5,9.1,9.2,73.9
4821.5,22,6,1,4.2,5,4.8,5.2,3.3,1.8,5.4,25.7,6.5,6.9,10.1,134.9
3688,9,1,12,4.5,5,2.2,3.5,2.6,35,4.2,9.8,5,7.2,6.6,112.2
1662.8,10,3,10,4.9,3,6.6,6.5,10,7.3,1.6,41.8,14.3,1.4,6.8,68.4
4181.1,5,4,12,2.8,2,4.5,9.6,10.7,14.3,0.3,26.9,13.7,3.2,13.5,102.3
1551.3,5,5,9,4.8,3,2.5,4.9,21.7,48.4,0.5,29.4,8.5,5.6,7.8,53.6
4389.2,8,3,9,3.9,4,0.4,7.9,6.7,41.7,0.5,26.5,15.3,0,15.7,91.3
740.4,14,5,5,1.3,2,8.9,2.5,15.7,45.6,0.5,24.4,12.4,8.5,9.2,70.4
3577.7,1,2,4,3.7,3,8,7.6,19.7,16.5,1.3,23.7,5.7,3.7,11.3,117.5
2795.4,3,7,12,3.7,2,8.3,6.5,6.7,18.7,4,24.8,4.2,7.2,10,119.1
663.4,4,2,9,4.6,2,4.4,6.4,6.7,7,0,20.1,11.2,7.7,9.9,45.1
1361.1,16,3,9,2.5,1,7.5,8.9,16.7,8.1,0.5,10.6,11.9,5.5,14.7,75.4
259.5,7,5,3,3.3,1,5.8,2.3,18.2,27.7,1.8,3.9,4.8,7.9,5.1,61
2450.1,7,7,5,1,5,3.7,3.7,24,29.6,4,23.1,7.9,6.8,8.1,92
1646.1,21,2,3,2.3,2,8.4,0.8,21.2,6.7,0.7,33.5,13.4,3.6,7.4,58.2
3072.1,11,3,10,1.2,5,10,7.3,20.6,9,1,16.5,16.3,8.2,7.9,123.8
1626.7,20,5,2,3.1,2,9,8.4,17.3,22.4,0.9,19.8,10.3,6.4,15,111.6
1639.6,7,3,1,4.3,1,7.8,4.1,3,3.7,0.7,2.2,10.2,1.6,4.8,60.7
3767.3,18,6,12,1.8,5,7.5,3.6,20.2,20.4,2.4,12.6,8.2,7.7,7.4,117.6
431.1,2,5,10,3.1,4,6.5,6.6,23.4,7.3,2.1,3.3,15.9,6.8,12.9,54.1
4533.9,17,2,2,1.8,3,8.5,0.8,9.8,22.8,3.7,4.1,12.2,2.8,6.9,129.6
4290.9,20,3,8,1.5,1,4.9,2.9,7.8,30.1,5,19.2,6.6,8.4,14,114.2
3405.5,18,2,11,3,6,1.8,3.7,13.1,9,4.6,17.3,13.1,3.7,8,96.7
3047.5,18,3,8,1.3,2,7.7,5.2,23.9,11.2,1.6,27.5,7.2,5.5,5.4,119.6
4483.1,14,1,3,3.3,3,9.2,4.8,1.3,33.1,0.4,27.2,6.2,3.4,10.2,128.6
1089.6,5,2,7,1.1,0,3.4,2.1,17.7,38.7,0.5,7.5,8.2,7.2,10.1,63.4
579.1,15,2,7,1.4,3,7.8,5.4,20.4,11,1.8,-5.2,6.6,5.8,4.5,74.1
1349.6,7,4,2,3.2,4,2.7,9.3,19.7,17.4,5,6.6,6.4,4.7,12.6,86.4
4014,15,7,9,3.4,4,9.4,0.3,14.2,7.3,1.5,9.5,4.4,0.2,5.7,100
366.4,17,6,3,1.1,4,6.8,6.8,23,4.7,5.5,24.6,7.2,6.1,6.6,83
2997.5,19,2,2,3.3,0,5.7,6.2,3.4,7.1,0.6,25.3,7.9,6.2,10.7,100.5
4978.1,15,5,12,4.4,4,7.8,9.2,6.1,14.2,0.2,17.4,4.6,1.8,14.7,147.6
4307.3,10,7,3,3.9,5,8.1,6.5,7.7,11.4,3.2,26.9,12.2,3.3,4.2,117.1
2702.9,6,3,2,1.5,3,8.9,6.2,0.2,4.4,4.2,48.7,2.9,8.8,13.9,111.8
505.5,16,1,8,3.4,2,9,7.7,9.3,1.2,1.2,16.6,8.5,5.5,13,57.1
4190.6,16,5,5,3.7,3,0.5,2.7,4,5.1,0.2,15.2,12.6,4.4,5.9,67.1
3075.1,11,7,3,1.1,5,1.2,6,18.1,22.9,0.1,7.9,14.5,9.4,8.5,94.6
751.7,12,5,5,4.4,0,8.3,5.2,10.4,24,0.1,21.8,7.7,8.1,14.9,64.2
650.5,9,5,11,4.6,4,9.5,4.4,17.6,28,1.2,31.6,14.1,1,5.8,72.6
4566.2,6,5,11,4.4,1,3.1,0.8,7.3,16.6,0.5,12,8.5,8.6,5.3,91.6
3412.2,13,7,8,4.3,6,0.1,2.9,3.3,46.5,1.2,13.3,19,1.5,12.8,56.1
4180.6,22,1,7,4,3,3.2,2.8,3.3,11.4,1.3,11.7,4.2,1.7,9.7,79.7
4419.1,0,4,6,3.5,4,3.8,7.2,5.1,12.9,1.2,4.2,6,0.8,7.4,95.8
2944.5,16,6,1,3.7,1,7.6,9.2,2.9,12.3,1.9,19.6,10.6,4.8,6.1,102.8
2683.7,3,2,10,4.2,4,0.5,2.3,5.5,8,2.3,20,5,6.4,12.7,49.8
2266.1,20,7,1,3.6,6,2.1,0.7,14.5,16.9,1,17.5,7.2,7.5,9.3,74.6
1721.3,4,5,1,2.3,2,8.9,10,6.4,2.4,0.8,40.1,11.8,0.3,6.9,97.1
2286.1,19,2,10,2.5,6,1.5,6.9,8.6,21.1,0.9,22.8,10.8,1.8,15.3,72.3
3914.6,23,7,8,4.6,4,7.6,8.9,1.3,25.4,0.1,4.6,9.9,6.2,10.7,105.5
3089.2,22,2,8,1.1,4,3.6,1.4,22.3,26.2,0.8,25.6,9.9,5.3,8.2,77.3
4484.1,6,5,7,3.8,3,6.6,8,3.5,5.9,0.4,13.9,0.2,0.5,12.6,114.9
2328.2,9,4,6,4.8,3,0.7,8.1,8.7,7.3,0.7,14.1,10.6,9.4,10,66.5
3114,16,7,4,3.8,2,2.9,1.5,9.5,17.6,2.5,15.9,7.5,7.6,4.1,67.5
3230.3,6,2,1,5,3,4.2,1.6,19.3,9.9,8.9,14.6,8.5,3.6,14.1,81.4
3040.1,0,3,9,3.8,3,8.6,3,12.1,25.4,5.1,21.2,3.6,5.4,4.8,98.5
3572.6,6,2,1,1.1,3,5.6,2.2,9.6,12.5,3.4,43.4,12.7,3.7,15.9,82.4
1339.7,23,6,4,4.3,2,0.5,9.8,17.4,8.6,2.7,13.6,12.2,4.6,8.2,39.4
2659.3,10,5,3,2.1,2,8,3.6,14.9,10.5,5.8,19.1,5.3,6,10.3,93.3
700.3,8,1,7,2.8,5,0.5,7.6,2,18.3,2.8,20.8,10.7,4,16,42.7
2045.7,11,2,5,2.2,1,9.3,8.1,7.8,5.6,1.3,11.8,16.6,6.2,7.2,99.1
2540.8,2,4,5,2.1,2,2.1,3.9,24.5,47.5,1.8,13.2,10.6,4.7,9.6,80.9
3330.7,3,3,4,2.7,6,4.9,6.8,12.1,25.4,0.7,29.9,1.9,6.6,13.1,107.5
4762.5,3,3,1,2.5,4,0.7,1.1,10.6,9,0,11.9,7.7,2.6,9.6,95.4
3083.1,12,1,5,3.5,1,5.6,4,3.7,7.9,0.9,7.3,10.5,1.7,8,63.5
3769.3,22,6,4,4.3,3,5,9.7,21,6.7,1,39.4,18.5,0.1,5.4,102.5
2630.1,18,1,10,2.2,3,4.1,1.7,3.3,12.8,2.6,3.5,5.2,6,10.2,89.3
3243.7,9,6,8,1.9,2,0.4,3.9,2.6,4.9,3.9,28.6,9.4,9.8,10.6,79.2
540.5,4,2,2,3.7,1,8.8,7.9,11,12.5,6.6,15.6,5.7,4.2,6.8,78.1
1421.1,6,5,8,3.7,4,8,6.7,10.9,10.8,0.9,3.4,13.5,2.1,8,79
1936.9,23,4,1,4.6,5,6.3,6.3,24.5,4.1,6.3,13.5,8.5,0.1,7.6,78.1
2468,15,3,4,1.1,2,5.7,8.5,3.2,9.7,3.2,15.3,0.1,5.1,9.1,99.1
419.1,0,1,3,4.4,1,6.9,0.3,12.1,7.6,0.1,-1.6,8.4,9.9,13.6,38.9
872.1,11,4,5,3.1,4,1.4,7.7,5,14.2,1.8,23.1,9.6,9.8,8,56.3
1528.7,1,6,5,3.5,3,9.3,8.8,17.5,3.9,0.9,21.9,11.6,1,7.3,73.7
4863.4,6,5,5,1.4,5,2.8,0.2,9.8,3.5,0.1,13.8,10.7,8.2,14.1,100
1790.5,10,3,12,2.7,2,6.6,5.6,16.2,9.7,1.5,23.7,12.6,1.7,13.7,68
2513.8,12,3,4,1.9,1,6.1,3.5,8.5,13.6,1.8,20.4,9.5,8.1,13.5,78.6
1141.3,1,6,8,2,2,6.4,0.5,14.1,11.3,0.6,33.5,10.3,8.5,12.9,56.9
3131.7,6,5,3,3,1,8.8,4.2,11.7,8.8,5.6,5.1,10,0.1,14.7,87
1547.3,14,3,12,4.2,7,3,6.4,9.4,15,1.9,14.5,8.3,2.4,12.6,58.3
1193.6,10,5,4,4,2,7.5,9.2,13.4,5.2,0.4,30,12.3,0.6,6,68.6
2679.5,1,3,1,3.4,6,6,6.2,9.6,4,2.6,24.5,13.4,5,4.4,101.6
226.4,6,2,7,3.2,3,0.8,8.6,20.2,3.3,1.4,-9.6,9.8,0.3,6.2,41
236.8,3,6,1,2.7,1,4.1,1.2,12.4,16.5,1.3,-2,8,6.3,8.4,42.7
1251.5,10,5,2,4.9,4,8.4,2.1,22.6,45.1,3.6,18,5.7,5.6,4.6,91.1
376.3,1,4,11,3.2,7,3.2,9.7,5.6,6.3,0.3,37.7,11.4,3.8,13.1,46
718.5,15,2,7,2,0,4.8,8.9,2.8,4.3,1.4,12.8,6,4.6,11.7,70.9
1826.5,6,7,1,1.9,5,4.9,2.4,9.5,22.2,3,25.8,10.6,9.9,12.6,79.9
4052.4,12,4,11,3.4,3,6.2,6.2,4.6,25.3,2.2,19,10.5,1.7,5.1,107
2945.8,4,6,3,3.1,5,8.8,3.6,9.8,7.8,0,24.9,14.3,7.3,7.9,94.5
2660.8,16,3,6,1,3,1.7,4.7,5.2,10.9,3.1,30.8,15.5,6.5,9.5,72.8
1608.7,20,7,6,4.3,2,5,8.6,21.7,13.8,5.8,29.3,0.1,6.6,11.2,79.6
4672.4,11,4,6,3.8,3,4.2,7.4,14.2,42.2,2.4,28.9,9.2,3.5,13.6,115.5
2105.7,18,2,11,3.6,2,3,2.4,12.4,4.6,4.2,10.6,1.6,2.2,15.7,61.4
618,6,7,2,1.3,5,9.2,3.2,19.7,6,0.9,16.2,14.6,6.5,5,65.9
3161.9,5,7,2,2.4,3,0.1,2.9,3.3,10.1,0.9,24.2,9.9,9.1,11.7,74.6
746.4,7,5,6,4.7,4,1.2,7.8,21.4,0.2,0.8,23.8,14.6,9.8,5.6,51.6
1857.1,12,1,10,4.5,2,7.3,4.9,12.1,17.3,2.7,25.1,11,4.8,7.6,79.6
2635.6,4,4,5,2.1,1,2.6,9.5,3.4,17.2,5.7,-3.2,4.6,4.3,13.3,84
4396.3,1,1,7,1.6,5,7.2,8.2,20.5,5.6,4.3,32.4,6.1,3.5,15.9,133.3
2569,8,6,7,2.8,4,8.3,2.1,11.5,13.4,0.3,-2.4,9.5,8.1,10.3,81.7
3570.8,10,4,5,2.4,5,2.5,7.9,15.1,17.1,2,9,12.3,2.6,8.2,83.6
4965.5,23,4,8,3.7,5,1.9,5.1,22.3,11.9,11,20.3,10.2,5.1,6.6,109.8
831.1,5,5,10,4.9,3,1.5,2.5,22.3,3.4,0.7,17.6,10.7,3.5,13.4,24.2
1518.7,6,3,6,2.5,5,2,3.6,22.3,27.5,2,35,8.6,8.8,14.8,59.8
2094,6,2,5,1.2,2,2.7,9.7,10.4,7.7,4.7,4,14.5,2.8,14.2,76.5
2224.8,18,2,4,4.6,1,8.7,4.8,18.7,19.3,4.6,13.6,10.6,6.9,10.1,100.4
2172.9,5,2,7,1.2,3,7.7,7.2,5.8,20.1,0.8,-5.6,10.2,5.9,11.1,94.1
4556.5,10,6,4,4.8,6,0,4.8,20.8,16.1,0.2,19.6,11.2,3.3,14,82.5
3627.4,10,7,5,3.7,4,8.7,3.7,8.5,6.5,2.1,15.5,8.3,2.5,15.1,90.7
3117.9,6,3,5,4.8,1,0.8,8,11.6,13.4,5.9,3.1,8.6,8,15.3,79.3
1685,1,1,1,1.8,6,6.6,8.5,22.3,7.7,1.4,33.7,11.9,5.1,12.3,91.4
4154.2,18,2,1,1.2,3,1.5,0.7,20.1,35.8,1.2,31,13.1,6.1,6.3,111.3
4784.3,3,1,3,3,2,0.6,2.8,23.8,1.1,4,18.9,13.5,9.6,7.8,104.3
4141.8,5,3,11,2.8,0,7.6,5.1,9.1,11.3,1.1,31.7,9.2,4,7.2,100.5
207.5,16,6,3,2.3,4,4.7,3.2,3.8,15.1,2.3,16.9,10.5,8.1,6.1,38.2
3254.7,4,3,2,4.8,1,6,7.8,22.8,7.1,1,26.6,7.6,6.4,7,100.3
445.4,6,5,12,4.3,4,4.3,1.1,12.3,28,0.9,28.4,13.1,5.9,14.4,42.3
1436.5,8,7,2,3.6,2,0.7,8,22.2,20.1,0.4,5.2,6.2,0.5,13.2,61.9
485.7,0,2,6,1.7,6,7.4,6.2,18.3,26,0.2,23.2,10.9,9.1,4.5,70
3098.2,0,6,1,3.9,2,8.2,2.9,21.9,21.1,4.3,20,13.5,2.3,5.8,93.8
3495.6,18,5,6,3.9,2,0.4,3.4,16.4,6.1,0.4,5.7,10.5,4.7,15.8,70.7
749.5,5,2,5,2.7,6,3.8,1.8,20.3,4.9,0.1,2.7,11.2,7.5,6.7,49.9
2042.4,17,3,6,4.7,5,5.6,2.5,3,3.3,1.7,24,8.9,5.2,11.6,60.6
2389.9,9,3,5,1.7,1,6.1,7.2,24.2,5.8,1.6,14.6,2.6,0,6.5,97.3
1971.5,10,4,7,2.1,4,5.8,3.8,4.5,8.9,1.7,0.4,7.3,9.5,6.8,80.7
780.9,0,4,1,1.3,1,6.9,6.9,0.6,21.1,1.3,25,10.2,0.2,10,76.5
2210.9,0,3,3,4.2,4,9.7,5.1,13.3,6.6,0.3,29.2,7.2,0.9,9.9,94.6
3805.7,12,3,6,3.5,3,3.9,1.5,17.8,16.3,0,3.9,11.9,2.2,11.8,82.2
540.8,4,1,1,2.3,3,5.6,5,17.9,10.4,0.1,18,4.1,6,6,61.4
584.9,19,7,11,1.7,3,7,7.6,8.5,18.8,5.7,36.2,2.3,9.7,7.2,92.9
1902.9,0,1,11,1.2,1,5.9,3,18.8,24.1,1.5,7.1,12.8,9.2,11.5,83.2
4720.3,19,7,7,1.7,3,3.9,6.5,21.1,14.6,1,38.5,8.8,6.5,5.2,129
3409.1,2,5,4,2.8,2,6.2,2,15.3,4.1,1.1,14.1,11.4,7.4,14.9,88
3457.6,17,4,3,2,3,6.5,1.4,9.6,15.5,2.1,17.2,7.9,7.1,6.1,107
1937.2,8,4,10,2,3,5.8,3.6,15.3,31.9,0.9,1.3,12.3,6.9,9.3,94.4
3049.6,13,3,9,4.5,1,2.1,3.9,21.6,5.6,3.2,1.7,15.4,8.1,5.3,84
248.6,16,3,1,3.1,3,5.1,7.6,22.5,30.3,0.6,10.1,15.7,3.4,12.2,48.9
3253.3,22,5,8,3.9,4,8.8,4.6,0.8,7.3,0.9,28.6,7.4,2.2,7.9,100.7
4583.8,13,6,1,1.1,3,8.7,0.8,3.1,12.3,5.5,46.1,8.3,3.5,4.9,119.2
3140.4,3,6,5,2.5,4,7.5,6.3,0.1,6.1,0.6,49.3,10.7,0.5,11.1,82
4393.8,4,6,10,2.9,4,7,4.7,12.3,10.8,2.2,16.5,17.5,9.7,15.8,105.9
3675.1,20,4,8,1.7,2,1.5,3.3,10.9,34.2,0.9,13.7,5.4,7.4,14.5,100.7
778.7,16,1,6,1.5,2,4.6,8,13.6,3.3,1.3,6.2,5.4,2.1,12.4,55.1
4531.8,21,6,7,4.5,0,1.1,1.5,17.1,29.2,0.1,31.4,13.5,2.6,4.2,69.9
518.9,1,2,11,4.8,2,8.2,9.1,9.1,9.1,0.4,9.3,7.3,9.9,14.3,72.4
2763,22,5,8,1.3,4,2.9,3.3,5.2,10.1,0.2,15.2,12.6,7.7,14.8,78.9
882.3,21,6,6,2.4,3,7.7,4.6,9.9,3.2,3.7,24,7.7,4.3,4.5,70.1
256.2,4,2,11,4.8,2,8.1,9.3,0.2,5.7,6.5,23.4,11.4,2.1,5.5,60.2
2225.8,3,6,6,1.3,6,8.9,7.6,20.7,19.7,0.1,10.7,8,0.4,9.4,100.5
1616.2,3,1,11,3.6,1,7.5,0.7,9.6,17.2,0.2,16.9,6,6.7,8.8,64.5
2532.8,5,1,6,4.9,2,5.6,5.8,15.6,29.3,1.6,11,10.6,7.8,7.5,95
2970.6,19,6,5,4.9,6,6,3.1,8.1,5.1,1.4,8,5.1,1.1,6.4,79.9
409.9,20,2,8,2.9,1,3.2,5.1,15.4,17,2.1,5.7,11.8,0,10.6,41.4
790.4,12,5,2,1.7,2,1.8,7.4,13.5,10.8,2.7,0.3,9.1,3.6,13.3,48.9
2881.5,21,2,7,1.8,5,1.3,5,5.2,21.7,3.2,22.3,4.6,6.7,15.2,79.5
1847.2,4,5,4,4.6,3,1.8,0.7,15.6,1.2,0.3,15.1,11.2,9.2,7.6,39.3
3700,22,6,1,4.6,7,9.3,5.3,2.7,11.8,0.1,4.4,11.1,8.8,12.4,111.2
3331,22,5,5,3.4,2,1.6,0.2,12,14.1,4.4,3.3,0.6,6.9,13.5,64.6
4258.9,6,3,3,4.1,2,7.2,3.5,18,12.6,1.3,3.1,9.8,8.1,9.7,104.8
3524,19,4,4,4,1,1.8,4.8,13.7,6.3,7.1,10.7,10,3.6,15.1,76.6
2263.7,0,7,7,3.6,0,9.8,6.4,18.7,18.7,1.5,31.5,10.4,2.5,4.3,93
3430.2,13,4,5,4.3,2,3.7,5.1,6.8,13.4,1.4,9.8,2.7,1.2,14.8,78.7
1521.8,23,1,4,3.7,2,4.1,1.5,1.2,3.6,2,24.7,11.4,1.8,14.7,31.6
1670.3,3,3,1,3.1,4,4,9.3,1.4,2.3,0.4,36.7,12.1,9.6,5.6,75
3987.1,16,4,6,1.9,1,8.2,6.5,6.7,14.1,0.6,20,6.2,9.3,9.3,138.1
2342.8,20,6,11,4,6,2.2,3.2,10.2,4.5,4.7,8.8,4.4,0.5,10.2,57
4032.2,13,5,10,2.9,3,8.3,9.7,13.4,13.1,0.5,16.9,6.1,4.7,8.8,126.9
4147.6,15,5,6,2.2,6,6.6,8.8,18.9,16.9,0.5,17.5,10.5,3.7,14.7,114.9
4316.3,13,2,7,4.2,5,2.2,1.4,21,1.2,1.4,38.7,5,6.5,12.6,88.6
4599.8,15,2,1,3.8,1,0.7,6.6,17.3,9.3,2,-2.8,4.6,3.3,5.5,109.3
2268.7,23,5,4,4.7,3,7.7,5.6,11.6,7.6,0,31.4,18.4,2.8,15.1,69.1
1730.6,19,6,12,1.7,5,2.2,1.9,6.6,8.4,1.2,-2.9,10,8.1,4.6,65.5
2994.6,7,5,9,3.6,1,8.9,2.3,10.7,5.2,1,27.7,8.8,9.5,11.1,100.7
1981.6,23,2,12,2,4,1.3,5.6,6.8,23.2,4,13.1,7.3,2,10.3,69
3085.2,2,4,10,4.6,3,6.2,3.2,15.6,26.2,3.7,39.9,8.3,2.4,4.9,71.7
3586.8,18,1,6,1.4,1,6.9,8.3,20.5,6.5,4.7,26.1,17.2,4.2,12.4,123.7
3504.3,0,2,2,3.6,2,6.6,1,13,6.1,3.7,24.9,13.3,7.1,15.6,101.2
1997.9,1,6,4,4.2,3,3.2,9.1,1.1,1.4,3.1,6.7,19.5,1.7,9.5,53.2
1000.9,14,4,6,2.4,2,8.8,8.4,23.5,5.7,3.9,39.7,11.6,4.7,10.2,82.9
2266.5,21,4,4,4.8,3,7.7,7.4,7.4,9.1,0.4,51.8,6.2,8.4,8.6,96.1
884.5,9,4,10,4.4,3,5.1,2.6,22.9,5.2,0.8,42.1,11.1,2.3,14.5,48.2
4472.5,17,3,7,2.2,3,6,7.1,20.3,3.1,2.3,6,12.2,0.5,15.1,118.4
1860.2,21,3,12,1,3,5.7,4.4,10.3,28.5,5.1,15.7,12.5,9.1,8.8,99.3
941.4,13,7,3,2.2,2,9.5,6.3,1.4,14,2.2,3.7,8.2,7.9,14.7,81.9
322.1,16,4,6,2.1,1,9,3.1,23.7,22.1,0.5,10.7,17.2,7,6.5,54
3299.9,12,6,12,4.6,1,2.4,8.4,16.5,9.4,5.8,21.4,4.9,0.9,9.5,76.4
3257.1,0,5,4,4.9,4,2.6,0.4,6.2,6.7,2.9,26.8,11.4,9,7,60.3
1834.9,4,6,3,1.3,2,9.8,6.9,13.3,18.9,2.5,24.4,8.8,3.1,6.7,86.6
544.2,12,3,12,2.9,1,2.4,8.3,15.9,17.4,2.9,-2.6,6.9,2.1,14.3,54.1
2166.2,13,2,3,3.2,2,9.5,6.5,5.7,4.6,2.2,17.6,11,4.9,12.6,93.6
1693.8,23,7,2,1.4,4,6.5,1.9,2.3,17.7,0,24.2,15,9.2,4.8,77.3
3450.2,2,3,11,2.5,1,0.5,2.8,6.7,13.9,0.6,29.4,11.6,9.9,13.1,82.9
3107.7,14,5,3,2.3,4,3.4,5.1,1.2,11.9,6.3,23.1,11.1,6.1,10.9,84.1
1950,18,1,12,3.1,3,4.8,3.3,1.7,8.3,0.7,23.9,1.9,9.6,13.4,77.9
1245.9,16,7,10,3.6,3,8.3,0,3.9,12.4,3,15.1,13.7,4.5,11.1,47.6
4942.6,2,3,1,3.8,2,3.3,0.4,4,13.7,1.1,21.3,8.4,0.3,8.5,96.5
2379.2,15,6,3,1.5,1,3.1,7.7,6.2,17.5,4.8,49,12.1,2.8,9.9,69.4
3503.7,13,7,9,4.3,3,9.2,0.8,23.4,16.6,1.6,32.5,13.7,3,5.7,100.4
874.7,11,6,4,3.7,0,0.8,9.3,14.4,12.4,2,22.4,10.8,7.8,7.7,43.1
2530.8,11,4,3,4.6,2,5.5,4.4,10.6,7.1,0.5,26.7,2,1.2,4.3,71.2
332.2,10,4,8,2.8,4,5,7.6,14.1,1.5,0.1,18.9,15.7,1.7,8.9,43.1
2626.2,16,4,1,4.6,1,0.6,1.3,0.1,17.6,2.8,18.9,17.2,6.1,5.1,51.1
4827.3,7,7,5,4.5,0,0.9,9.3,22.4,11.7,0.1,29.4,13.3,1.3,11.9,101.9
2044.2,16,1,1,2.8,0,3.8,0.3,13.3,11.5,2.6,10.8,7.1,5,15,36.3
387.2,20,5,7,2.5,4,1.3,0.4,11.3,2.5,1.6,16.4,14.9,0.4,12.9,15.2
348.6,22,7,5,4.7,1,4.8,0.5,23.5,25.1,3.4,1.6,8.9,6.7,6.5,39.6
2062.3,19,2,2,3.9,3,6.1,1,18.3,7.8,0.5,27.3,9.7,9.1,10.1,71.5
968.1,10,6,12,4.7,4,6.9,4.9,8.4,17.2,1.6,30.8,14.8,8.7,12.5,60.8
312.1,1,6,1,4.2,1,5.5,7.9,23.4,5.9,1.9,25.2,12.6,0.7,13.7,41.4
3829.8,9,7,11,3.4,3,3.8,2.8,21.3,3.2,0.2,15.2,0.6,5.9,7.4,92.5
2400.9,9,7,7,1.5,2,1.3,7.5,23.9,15.2,2.7,17.5,10.8,1,9.7,69.9
1588.4,10,5,12,2.2,3,2.5,7.7,2.4,12.4,1,19.8,14.7,0.5,5.3,52.1
4520.4,5,1,1,4.9,2,4.2,9.1,23.9,8.9,0.3,31.1,4.5,6.1,12.7,118.7
757.5,3,7,3,2.3,2,9.2,1.5,13.6,3.5,1,30.4,13.9,5.7,9.2,54.9
4788.4,23,4,11,1.4,2,2,1.4,16.8,36.8,0.2,0.8,3.3,0.9,4.5,103.2
1707,11,5,6,3.8,2,4.1,1.2,5.3,4.8,4.4,7.5,9.1,3.6,10.4,50.7
4464.3,10,2,6,3.9,4,7.3,3.6,3.5,9.1,1.2,23.2,12.2,3.2,13.5,100.4
3094.1,22,4,7,2.1,3,7.1,4.9,2,36.9,0.3,1.9,9,3.4,4.5,108.8
4168.2,22,2,11,2.2,2,9.7,4.6,10.6,8.7,0.6,29,14.7,3.3,8.8,106.3
4923.3,12,3,11,2.9,3,1.9,2.6,5.5,28.5,2.6,14.7,4.3,8.2,9.8,116.3
1584.3,4,2,1,1.1,4,0.2,6.2,2,13.9,3.1,26.5,13.3,3.5,16,60.1
4813.5,5,4,7,4.2,4,3.2,3.4,23.9,25.7,0.1,18.4,10.2,3.3,6.6,93.7
2069.5,0,3,2,2.3,3,1.5,3.7,18.3,26.3,0.1,16.8,6.6,0.3,13.8,62.7
2050.5,5,4,6,4.4,5,5.5,1.1,12.9,4.3,5,5,11.8,7.9,5.8,64.4
1833.9,17,6,8,4.2,0,9,5.9,18.6,52.7,0.8,11.4,9.7,6.6,15.6,100.1
2798.8,21,4,5,3.6,1,6.9,6.6,15.3,28.4,0.4,16.6,15.9,3.4,7.7,92.1
939.9,8,3,10,2.3,2,1.4,7.6,4.5,10.1,0.3,16.2,12.3,4.5,5.7,46.7
2857.8,23,2,3,3.1,4,1.2,9,15.8,24.4,1.3,26.7,11.7,7.9,8.6,92.6
2800.2,14,6,11,2.8,3,9.1,7.7,17,9.1,2.9,10.3,7.3,3.4,4.2,106.6
3857.1,7,1,8,2.4,4,4.9,2.4,5.9,24.7,1.5,17.6,10.6,4.7,5.3,97.4
4201.5,18,1,8,4.4,2,9.2,2.4,8,9.3,0,36.1,7.7,0.2,10,103
2314.1,23,1,4,2.9,0,7.4,9.2,9.6,22.4,1.3,27.9,9.8,9.2,15.3,99.6
1651.2,15,1,8,4.3,1,9.9,7.9,15.1,13.1,0.7,19.3,15,3.7,9.3,88.6
1444.8,5,5,5,1.4,4,8.7,7.8,3.2,24.2,2.3,0.5,8.9,3,11.9,82.7
1134.2,5,1,11,1.6,2,4.1,7.2,18.6,10.4,1.5,1.5,4.2,6.1,12.5,78.4
476.7,21,3,5,4.9,3,7.6,2.7,8.7,21.9,6.7,25.6,12,5.3,4.4,53.8
1843.8,2,7,3,3.4,6,4.7,8.5,17.3,12.8,1.8,26.9,13.1,4,7.9,67.4
1497.2,9,1,7,3,3,2.3,1.4,23.3,15.6,2,-5.3,16.4,9.2,16,56.4
4838.8,0,4,11,3.1,2,2.4,3.5,21.7,5.4,1.5,26.4,13.5,3.6,4.1,92.3
2877,13,7,11,1.9,2,4,3.5,18.4,9.9,0.7,11.3,8.9,10,9.6,77.8
1866.9,3,1,9,3.9,2,1.1,5.6,4.8,27,2,13.1,11,7.9,14,59.5
2986.2,11,7,9,1.3,5,1.8,4.6,18.3,9.9,0.8,28.7,11.6,9,7.5,95
868.1,5,2,1,3.3,3,5,4.6,15.9,13.2,2.5,26.8,11.7,2.8,16,64.3
2331.4,10,3,1,3.3,1,9.5,5.5,19.3,10.8,0.5,16.8,0.1,0.7,9.8,96
3205.9,11,3,10,4.7,5,5.8,4.2,21.7,14.8,0.9,26.3,7.7,4.2,15,82.3
2546.7,9,7,12,3.1,3,4.1,2.5,7.8,4.1,1.8,13.6,11.9,3.1,10.3,72.5
2128.5,17,6,12,1.5,3,2.4,6.6,16.1,9.4,2,8.5,14.4,0.6,8.8,77
4970.5,6,5,11,3.3,2,2,7.9,6.9,12.1,2.2,33.1,7.5,0.7,12.5,101.4
4425.5,6,4,5,1.4,2,6.6,4.8,8.7,2.5,2.4,33.9,8.3,1.7,15.5,110
3192.3,10,7,1,1.8,4,8.5,6.5,13,46.8,0.8,10.3,9,3.8,8.5,127.3
2933,3,3,4,1.1,3,4,5.4,10.9,17.5,4.5,11.6,9.5,9.4,14.4,98.1
3179.2,19,2,12,3.1,6,5.5,0.6,15,20.4,0.1,28.7,13.4,6.6,11.9,89.3
1166.3,0,1,1,1.3,0,7.1,4.2,19,22.4,0.4,9.7,7,4,8.5,74.1
2096.7,12,3,2,2.9,3,0.6,0.1,15.1,16.2,0.1,27.6,13.5,8,4.7,66.8
389.4,17,2,2,4.7,4,3.5,6.6,24.2,42.4,2.2,5.7,15.7,5.7,7.7,70.9
2482.6,8,1,4,3.9,2,7.3,5.1,18.5,7.4,0.6,14.6,8.4,4.2,14,95.1
2806.5,23,5,8,1.3,2,6.8,1.3,24.6,2.9,0.4,29.7,8.3,1.4,5.1,88.5
1293.2,23,3,2,1.9,2,0.5,5.4,18.6,9,1.3,6.4,10.6,9.3,10.9,49.9
4827.3,8,3,9,3.7,2,2.4,9,12.7,3.1,1.9,10.9,7.7,6.2,10.1,132.4
4565.4,22,7,12,4.6,1,6.8,3.4,10.3,12,1.9,22.5,9.6,4.4,11.9,111
3666.3,8,7,9,1.1,5,2.7,9.8,18.4,6.9,1.6,-3.6,4.1,4.4,15.3,116.8
2760.3,9,2,2,4.2,2,8.1,9.6,17.2,26.4,9.7,18.9,13.4,7.7,13,129.9
4375.9,1,6,1,3.2,2,0.3,7.9,16.7,24.2,3.9,31.9,16.7,1.8,10.1,98.5
827.1,5,7,10,3.2,1,1.9,8.1,18,2.6,0.5,28.4,7.3,4.2,14,32.6
3994.4,14,4,10,4.8,6,2.8,4.1,21.8,12.2,2.8,17.4,3.4,0.6,12.4,86.4
799.1,2,5,9,4,2,9.3,4,5.7,12.5,1.7,18.2,13.7,0.8,14.7,52.5
4012.2,10,4,2,4.4,2,8,9.5,14.1,9.6,0.1,35.9,8.3,5.3,12.7,124.9
1523.7,5,3,8,2.4,3,8.8,3.7,15.1,3.9,0.1,34.4,7.3,3.8,13,76.6
4410,2,4,3,3.2,5,4.4,1,7.3,6.7,3.2,16.9,9.5,7.2,5,94.7
4731.4,23,1,1,3.5,1,8.2,1.5,24.7,20.5,1.6,10.4,5.1,9.9,4,119.8
914.2,10,5,11,2.3,6,8.5,7.1,19.6,2.2,1.7,28.3,11.9,8.6,15.5,80.1
2420.8,14,4,1,3.3,5,4,3.8,8,27.7,0.8,31.6,4.9,4.4,7,89.5
4908.7,12,1,10,1.9,6,9.9,2,9,7.5,5.3,34.5,5.3,3.8,6,145.3
2520.4,19,2,2,1.6,5,8.5,8.1,18,51.7,2.5,25,5.2,5.9,5.9,150.7
4345,9,4,7,2.5,3,9.7,4.9,0.3,5.2,5.3,13.7,10.7,0.9,12.9,129.3
3025.9,5,5,12,4,3,8.7,5.7,11.6,18.3,0.2,-2,2.7,9.9,4.6,116.3
2001.6,14,1,6,4.7,2,7.8,1.5,8.6,68.2,1.8,41.3,18.4,9.8,11.9,100.1
1571.8,17,4,12,2.8,3,9.4,1.9,21.4,8,2,37.2,8.5,9.2,10.9,96.9
1175.5,17,2,11,3.6,6,4.2,1.3,19.8,11.7,0.3,8.8,1.5,6.6,5.8,66
3856.6,6,4,2,1.4,5,7.8,5.1,8.3,28.5,0.9,20.3,5.8,5,5.6,132.7
2055.4,14,1,4,4.6,2,2.1,7.8,21.6,22.7,0.5,15.4,12.4,7.1,5.6,62.3
2654.1,17,4,2,3.3,1,7.3,7.3,22.8,27.5,8.3,18.8,15.4,3.1,7.1,119.1
2563.2,17,5,1,4.1,7,7.9,2.6,13.8,31.8,1.6,13.2,10.7,8.5,11.7,100.6
2970.9,19,3,12,4.2,4,7.2,8.5,4,3.1,0.8,26.3,10.3,1.3,6.5,110.1
4354.8,8,1,3,2,2,8.5,1.1,19.3,15.8,2.2,4.4,3.9,8,11.9,127.9
4907.5,23,1,4,3.1,3,4.1,1.1,8,31.4,2.2,13.3,16,8.7,15.7,103.3
2156.4,1,1,10,4.8,5,5.4,8.5,13.2,10.6,0.9,28.5,12.2,1.7,14.3,79.5
4172.1,7,1,5,1.4,2,0.1,2.4,1.1,16.2,10.2,-5.7,11.3,4.8,13.6,91.3
3869.7,19,4,5,3.7,2,1.5,7.1,12.5,15.9,3.3,21.7,10.1,8.9,15.4,99.4
2952.9,1,5,7,4.8,3,6.4,0.1,9.5,9.1,1,11.4,12.1,9.6,11.3,76.7
4789,10,2,10,2.2,5,5.6,0.9,17.2,10.7,2.2,37.4,6.8,8.1,13.2,113
1162.3,6,5,8,4.4,3,2,6.1,1,5.8,2.5,21.9,13.8,9.4,13.3,45.9
724.5,5,1,9,4.7,3,2.4,1.8,15.6,12.5,0.4,8.6,13.2,9.4,15.7,38
4299,9,6,12,4,2,3.4,0.3,19.3,33,4.2,35.4,9.6,9.8,11.8,107.2
2307.9,4,4,7,1.9,4,7.2,4.7,0.3,32.2,3.5,18.3,8.9,4.1,7.3,87.1
4265.5,10,6,5,2.3,7,6.1,3.3,18.7,8.1,2.8,19.6,1.4,2.9,6.3,107.5
4486.8,0,4,9,1.1,1,0.7,8,3.3,2.1,0.5,28.6,3.1,6.3,7.7,98.4
499.8,1,1,8,4.3,3,7.6,8.2,17.5,12.9,0.3,10.7,12.2,1.9,13.1,61.9
4440.6,23,4,10,4.4,3,2.6,6.1,11.4,2.3,0.4,35.4,13.6,5.6,11.9,101.7
2351.9,0,1,9,3.5,3,6.7,2.9,13.8,8.7,0.2,24.9,14.3,5.8,6.6,72.2
2650.1,18,5,10,2.4,2,1.2,4.6,8.4,26.8,5.6,10.3,4.6,8.1,14.3,86.1
3207.6,1,7,8,1.3,1,10,7,6.1,8.8,3.8,12.8,19.2,3.6,15.8,102.2
4646.6,20,3,6,4,4,0.8,0.7,1.8,20.1,0.2,2.9,14,6,13.1,83.1
291.8,19,4,4,3.9,4,7.4,3.3,21.6,4.5,2.3,21.7,7.7,9,4.7,68.1
2488.8,22,1,9,4.7,6,5.4,8.2,15.3,29,0.6,15.9,10.7,4.2,11.5,90.7
3501.1,20,6,12,3.9,3,0.9,4.1,24.6,8.9,0,21.8,3.2,5.7,15.3,92.9
3669,23,1,9,4.3,3,0.3,6.2,21.3,25.5,0.7,-2.4,7.5,7.9,7.8,94.6
3524.2,3,6,10,4,3,3.6,1,21.7,29.1,1.2,11.7,12.2,2.5,11,78.8
845.3,11,4,10,3.5,3,8,7.8,14.9,9.4,0,6.2,10.3,1,6.7,56.2
1637.1,21,2,9,2.7,6,0.4,1,2,4,0.8,23.9,17,6.8,14.6,38.5
1921.8,19,6,10,4.6,5,7,8.6,22.8,12.7,2.4,10.8,4.1,3.7,14.4,87.6
4061.3,17,1,3,3.6,5,6.6,1.1,2.9,4.5,0.5,23.6,9.5,3.8,8.4,85.1
1538,0,4,11,2.6,3,2.7,8.9,12.9,9.6,1.3,11.6,5.5,9.3,8.2,74.3
1211.4,0,1,12,1.3,4,0.8,3.6,21.4,13.1,4.4,37.5,16.1,4.1,4,61.4
4795.8,23,2,3,2.2,2,9.2,6.2,11.8,12,0.1,18.6,11.1,9.5,7.8,143.9
242.5,13,3,11,3.2,1,3,8.5,4.1,3.5,3.1,29,10,1.1,13.4,25.5
4989.5,3,7,6,2.1,1,1.1,0.1,9.3,25.6,1,16.6,9.5,3.4,4.3,105.1
3448.7,4,7,6,1.9,3,6.8,2.7,24.7,12.6,1.6,29.1,6.5,6.9,6.4,105.3
4176.7,10,2,6,3.1,0,2.2,9.1,25,28.8,0.5,8.7,14.8,1.3,12.8,92.2
1614.2,23,5,5,1.7,4,4.8,3.9,17.8,26.9,1.7,17.5,10.7,3.9,11.8,56.8
268.7,22,4,5,4.2,2,0.5,7.1,22.2,23.6,2.6,12.4,11,8.5,15.8,35.9
3741.8,12,2,2,2.9,6,9.9,1.4,1.1,49.1,0.5,40.4,12.3,7.6,8.7,113.1
4203.9,15,3,7,3.3,4,4.5,6.8,6.9,8.9,0.8,3.7,6.6,2.8,5.6,96
3754.3,23,1,12,1.6,2,10,0.7,9.2,8.3,1.7,42.8,18,3.6,12,91.1
885.7,12,4,4,2.3,5,3.9,7.2,0.3,23.6,1.1,1.5,16.3,5.1,4.9,54.1
3816.5,23,6,3,2.6,1,3.5,3.2,9.4,5.9,0.7,26.8,9.9,7.3,5.4,80.6
3890.8,21,2,8,4.2,7,9.1,4.7,2.3,11.9,1.2,10.5,8.8,1.5,10.8,100.9
3361,1,3,4,4.1,2,3.3,1.7,12.9,19.1,0.7,21.1,12.6,5.3,9.7,86
3877.4,15,2,11,1.9,1,4.3,6.3,0.1,27.8,0.7,15.9,14.5,0.7,7.2,92.4
4260.4,5,5,4,3.5,5,0.8,3.4,6.8,12.2,1.9,8,17,4,9.7,87.1
3145.3,13,7,8,2,3,9.6,3.8,21.7,0.4,1.3,19,12.6,1.9,14.4,94.9
625.3,0,7,1,5,1,0.9,6.5,5.3,26.7,2.3,13,10.5,3.1,12.7,30.3
2540.6,16,4,9,4.8,6,7.7,1.8,1.6,28.4,3.6,24.9,10.5,3.3,9.5,75.7
572.7,10,1,7,3.3,5,5.4,8.5,6.2,9.3,5.7,5.9,2.5,7.7,7.7,78.9
2156.2,18,3,12,3.8,4,0.6,7.4,20.7,20.1,0.3,23.7,8.3,2.7,11,67.2
2154.1,2,2,2,4.2,4,0,5.8,14.7,31.2,2,28.4,11.4,6.6,4,65.6
516.8,10,4,11,3.9,3,9.4,1.3,14.7,27.9,1.7,16.7,1,5.3,12.8,55.1
1874.3,4,2,12,3.8,4,7.4,6.9,0,22.9,4,2.1,10.7,8,13.6,95.2
732.8,16,4,6,4.8,2,6.9,0.2,11.8,16.9,4.5,38.8,6.8,3.2,5.5,35.7
4079.5,21,7,8,3.4,3,4.4,8,6.6,51.5,2.9,23.6,16.3,9.9,8.8,127.7
4748.9,6,5,11,3.5,0,2.4,3,8.4,14.6,1.8,9.3,8.9,3,5.7,96.3
547.1,9,2,5,4.4,3,6.8,1.2,15,1.3,0.4,23.9,8.9,5.8,15.4,39
4784.6,10,5,6,3.7,3,6.1,1.6,21.9,10,0.6,-2.1,9.5,6.3,13.9,108.8
2708.4,2,6,12,3.9,2,7.3,9.6,4.5,12.7,1.8,32.1,10,5.4,4.2,99.5
1637.9,19,6,10,1.9,3,3.7,7.7,19.2,18.3,0.3,43.5,13.2,8.6,15.6,81.2
568.9,9,7,8,2.5,3,9.9,2.4,1.2,8.6,0.4,27.9,8.6,1.1,5.7,62.4
2603,9,3,6,1.6,1,0.7,9.6,8.2,13.9,4.8,6,10.1,6,5,88
4013.7,13,5,12,3,1,0.8,1.4,5.5,26.5,6.3,-5.9,13.2,5.1,4.4,86.8
3594,11,4,9,2.8,1,9.2,7.3,22.9,45.6,0,34.4,10,4.2,13.5,141.1
441.1,14,3,12,5,2,6.5,6.6,4.4,4.2,4,16.2,12.6,3.5,15.1,51.3
549.9,9,2,9,3.4,2,3.3,8.2,14.5,12.4,5.6,13.3,8.2,1.5,5.1,51.3
2133.8,9,2,9,4.1,1,7.6,3.8,4.1,3.9,1.5,32,11.4,6.5,15.8,70.6
1617.4,18,4,6,2.3,3,4.5,4,11.8,10.4,1.2,10.9,15.2,1.2,7.8,74.5
1315.4,0,1,12,4.3,3,0.2,6.2,10.3,6.8,5,27.1,12.4,8.3,12.1,45.5
1548.8,23,1,12,3.5,0,6.5,4,1,18.6,0,18.3,2.5,4.5,15.8,61.5
4056.7,9,2,9,3.8,2,2.4,0.4,20.6,16.2,3.7,21,12.2,6.1,4.1,92
4660.3,1,7,3,2.2,2,1.2,7.3,19.5,8.1,0.7,37.6,5.4,0.8,10.6,97.1
2144.5,16,7,5,3.2,6,2.3,6.4,6.9,13,2,12.1,6.3,0.9,11.9,50.8
4549.3,23,4,2,3.5,4,4.8,4.2,15.3,6.5,0.8,11,12,2.4,8.5,102.7
1743.2,6,1,12,3.4,2,0.5,3,9.1,21.6,1.5,15.6,6.1,7.8,5.3,49.5
2486.9,6,5,8,4.7,5,8.8,3.2,19.2,15.8,3.3,3.6,5.6,4.9,11.5,88.3
1284.9,19,2,11,4.6,2,5.6,7.4,17.3,15.3,0.4,29.2,10,3.1,4.6,75.8
3274.3,8,6,4,4.9,5,2.9,7.3,2.3,1.9,2.2,27.6,7.5,8.5,15.1,86.5
4899.1,21,5,6,3.7,3,6.9,8.2,21.1,4,4.6,17.9,3.5,1.9,9.5,140.6
3096.8,1,4,6,4.9,2,8,7.6,4.5,5.6,4.6,6.9,12.2,2.6,14.9,87.6
1917.5,13,6,5,4.3,2,6.1,7.6,4.4,44.8,4.5,-14.9,13.9,7.8,14,88.2
3309.5,16,5,12,2.1,4,2,2.5,18.3,8.1,1.5,8,13.6,0.3,4,82
790,0,1,12,2.7,3,1.1,1,4.6,50.1,2.9,15.2,6.4,2.2,9.5,49.8
4465.6,8,7,1,2,4,8.6,7.6,3.1,18.3,1.2,-4.8,11.6,5.2,14.7,158.5
2614.8,19,1,11,1,7,2.3,1,8.4,3.5,1.2,47.9,8,9.2,8.5,82.2
2356.9,20,6,7,1.8,4,0.2,9.8,21,20.3,0.7,23,4.9,2.7,7.9,73.8
3012.2,18,3,10,1,5,6.4,8.8,4.4,5.8,0.7,24.5,7,2.1,12.2,109.5
3199,3,7,8,3.9,1,1.5,5.3,8.5,44.5,0.1,16.2,0.1,9.7,12.5,81.8
544.5,7,2,1,2.7,2,9.9,3.5,7.2,8.5,1.5,26.9,5.8,5.2,11.7,75.4
3476.6,12,6,10,2.3,4,8.7,5.3,8.9,5.6,0.7,14.4,4.1,0.6,8.4,107
1361.3,3,4,7,4,0,6.1,7.3,17.9,16.7,0.4,16.1,10.8,2.8,4.8,69.3
3627,8,2,4,4.3,3,8.3,7.6,10.1,10.9,0.3,34.9,11.2,5.3,15.1,116.1
4148.2,8,5,6,4.9,1,4.7,0.7,19,24,0.9,31.2,3.2,0.7,7.8,86.9
4059,21,7,9,3.6,2,7.9,8,16,25.7,4.6,17.9,13.3,6.9,13.5,127.3
2852,17,4,5,2.8,2,6.5,6.4,9,10.6,1.5,42.3,7.6,5.2,8.2,103.9
2696.8,11,4,8,2.2,3,0.3,0.4,10.8,13.5,1.6,17,5.7,7.1,9.9,51.9
885.8,9,1,5,1.9,3,9.5,3.1,17.6,25,0.1,11.9,2.8,3.4,8.5,74.5
3921.7,10,5,2,1.9,3,8.6,5.1,13.4,35.3,1.5,19.5,6.8,4.2,5,130.4
1502.8,6,1,4,2.6,3,9.5,1.9,21.7,17.2,2.2,21.6,9.4,9.3,8,74.8
2584.1,8,1,2,5,2,7.3,1.6,23.3,16.1,0.3,3.7,14,2.1,15.5,68.4
1564.5,5,7,7,1,3,4.1,0.1,17.9,17.9,8.2,23.8,9.6,0.4,5.3,46.5
842.4,18,3,7,1.8,1,2.1,9.1,24.7,18.8,4.9,43.4,8.7,9.8,10.7,78.8
3221.9,15,1,3,1.8,3,1.8,0.6,14.9,13,10,29.4,12.3,0.1,15.6,67.2
460.8,14,2,7,3.9,3,1.4,3.7,1,73.1,0.9,26,10.6,8.9,4.2,50
3793.5,6,4,1,2.4,5,2.2,2.1,12.6,16.6,3.5,23.8,4,8.3,4.8,95.6
1724.4,15,7,1,2.8,6,5.5,7.4,5.8,1.4,0.8,6,8.3,4.9,14.9,76.8
200.6,4,1,9,1.6,1,6.8,7.1,8.3,7.1,2.8,6,7.7,7.1,12.8,62
2653.4,15,6,6,2.6,2,3.1,8.1,12.3,9.7,5.9,20,9.4,1.1,10.5,81.5
424.9,0,2,12,1.4,5,5.5,6.2,7.4,4.8,0.3,12.9,8.1,7.6,10.4,49.2
1525.6,18,5,5,3.1,3,3.4,5.9,7.7,16,0.3,0.6,6.8,7.8,15.7,59.2
3593.5,4,4,6,1.4,3,7,4.1,10.1,4.3,0.2,13.8,15.9,0.5,4.3,96.6
500.9,6,7,6,4.2,3,9.9,6.4,7.2,8.6,3.2,23.4,9.8,5,7.2,68.1
4228.8,18,6,1,3.3,0,6.9,1.2,4.2,7.3,2.2,25,11.9,9.5,7.8,115.3
218.3,21,7,5,3.9,0,0.6,6.8,19.1,6.7,1.5,8,9.5,9.5,5.4,24.1
1384.8,4,7,9,2.7,1,4.8,1,9.9,11.8,3,17.4,13.3,9.8,8.3,49.3
3756.3,16,6,4,2.5,3,7.7,8.6,20.8,9.8,3.8,23,9.6,6.6,8.4,115.9
1718.1,21,5,3,1.4,4,5.4,5.1,22.1,5.6,6,2.8,13.9,1.4,15.5,54.3
689.1,7,6,1,3.1,3,9.5,5.3,18.8,36.5,0.4,8.7,0.1,4.1,9.3,92.4
1929.1,0,2,2,3.1,2,0.5,5.8,9.9,24.5,1.2,17.8,10.4,7.3,15.2,71.3
1497.9,1,7,3,2.9,3,2.9,7.8,18,9.6,5.1,7.1,11,2.8,13.7,56.1
4245,14,5,4,4,1,2.2,4.8,3.9,21.5,1.2,14.1,11.2,8.1,12.8,87.2
1704.1,19,7,7,4.3,1,7.7,4.3,16.5,40.1,1.3,47.9,5.7,8.6,8,84.9
3986.9,17,6,6,4,1,5.2,2.9,10.2,4.6,5.7,-0.1,7.1,7.6,9.1,107.3
4481,10,5,11,1.6,3,1.4,1.3,16.4,11.5,2.7,35.1,5.8,3.4,4.5,91.3
2282.3,9,5,8,3.5,3,2.9,1.9,18.9,6.8,1.6,22.1,11.9,7.4,8.5,68.6
4567.7,23,1,9,1.3,3,5.2,0,14.1,8.9,0.9,3.3,13.6,0.7,14.4,80
2011.1,23,1,6,3.8,5,10,8.7,16.1,35.5,4.9,26.1,3.4,3.4,13.4,108.8
4827.6,3,1,7,2.5,5,3.6,7.6,5.3,12.3,0,18.5,10.8,7.7,13.7,121.4
628.6,4,6,4,1.5,5,1.6,2.2,14.8,37.4,0.8,32.5,6.5,7.9,6.7,45.4
3497.7,3,4,2,4.4,3,5,0,11.5,13,5.8,25.9,17,3.2,6.5,75.6
2570.3,12,2,9,3.5,1,3.1,4.9,10.7,12.2,1.4,20.4,12.3,9.6,12,87.4
2060.7,12,6,9,2.4,2,5.7,4.1,10.3,8.3,2,14.3,8.6,2.7,11.8,63.8
3237,17,7,4,1.1,2,4.7,7.8,7.8,13.5,1.5,32,9.5,6.6,6.3,106.5
3578.5,23,1,12,3.1,0,6.9,4,7.6,21.2,1,13.3,15.2,8.8,12.6,104.2
220.9,1,5,3,4.7,2,9.1,8.6,17.5,2,2.2,1.2,10.2,5.5,8.5,61.4
1001.4,15,6,10,3.4,2,2,1,13.9,27.7,2.9,-4.8,2.8,4.1,14.6,34.9
3622.6,0,5,11,4.9,1,8.2,3.7,0.7,1.5,0.9,3.2,16.1,2.1,8.4,92.8
3398.6,18,7,6,1.5,2,9.5,9.3,1.2,9,1.8,27.6,13.3,2,6.8,125.6
4837,8,5,3,3.3,2,3.7,0.1,14.3,4.2,0.2,13.6,7.9,1.6,6.4,83.8
3853,2,5,1,4.2,4,1.1,3.9,21.2,8.9,1.6,8.7,12.4,4.4,14.8,78.7
4763.7,6,3,4,3.1,1,8.2,2.6,1.1,14.8,2.8,12.8,7.5,5.5,14.3,113.9
3572.2,9,4,1,1.4,7,7,5.3,12.7,26.3,1.8,28,7.4,8.4,9.1,128.2
1630.7,0,2,2,3.3,5,2.1,2.8,21.3,25.1,4.2,25.6,9.5,2.2,6.9,57.9
705.8,9,2,3,3.4,2,4.5,8.7,0.1,4,0.7,19.9,12.4,7.6,7.4,56.1
3952.8,20,1,8,3.9,1,5.8,9.4,6.9,14.9,1.4,10.8,11.9,6.9,8.6,118.5
3291.9,8,3,10,4,2,1.7,8.5,23,15.8,0.2,13.3,13.8,6.3,4.5,93.9
431.3,14,6,4,4.1,4,7.1,4,2,21.4,2.4,16.4,11.9,3.4,4.8,50.4
1928.2,14,6,4,3.7,1,6.9,9.9,15.2,8.8,1.2,7.3,15.8,3.2,15.1,70.1
4792.6,2,2,10,1.9,3,8.9,7.4,12.7,11.3,1.5,16.7,16.9,7.6,13.2,138.2
2601.9,4,4,9,2.6,8,5.7,3.6,3.8,0.7,0.3,6.6,11.2,2.7,13.8,69.6
2277.1,8,5,7,4.1,2,5.7,0.9,1.1,9.1,11.9,22.4,8.7,3.3,9.7,70.5
2397,21,7,2,4.8,3,6.2,6.7,12.6,8.7,3,23.7,9.3,9.7,8.4,87.2
1202.6,8,1,3,1.3,2,2.7,7.3,18.4,5,1,31.4,2.3,10,5.1,77
1969.8,22,4,4,3.1,2,7.6,1.2,4.4,2.2,1.7,21.1,10.1,0,10.7,55.4
1975.1,6,2,4,2.3,4,6.6,5.5,17.3,22,1.9,20.7,7.5,6.9,12.9,80.3
451.3,23,3,10,1.9,9,8.4,9.9,13.7,34.6,6.5,8,7.2,5.4,6.4,112.1
3884.3,22,1,8,3,3,7.7,3.3,8.9,13.4,2.9,17.4,9.8,4.6,8.7,109.6
2199.2,11,2,10,3.4,5,6.4,3,16.6,8.7,0.9,5.7,1.6,2.8,15.1,61.5
4146.5,8,6,10,1,3,1.6,9,4.8,8.7,7.6,-2.5,9.3,5.1,14.1,118.9
4281.7,5,1,6,4.1,1,9.2,1.2,11.4,41.6,0.7,14.8,10.8,4.6,13.6,118.5
1217.6,22,2,3,4.3,2,3.7,9.3,13.7,15.1,1.7,12,3.9,4,4.5,60.7
3355.3,1,6,11,4.9,2,9.6,7.8,11.5,11.4,2.4,25.3,15.4,8.5,6,115
2467,8,7,9,1.7,5,4,3.9,9.9,48.6,0.6,6.5,11.8,2.7,7.7,88.9
4424.8,16,6,10,3.4,5,1.5,0.8,18.5,23.6,6.3,51.8,15.2,6,7.6,82.5
1235.6,0,5,8,2.7,2,8.8,0.2,16.4,28.5,0.5,12.2,11.7,8.6,5.5,75.1
3453.5,18,3,9,2.3,2,8,3.8,16,10.1,1.2,17.2,11.4,9.8,7.5,104.9
3117.2,5,5,5,3.3,6,7.9,7.1,22.3,26.5,0.4,11.2,16.1,6,9.1,115.1
1617.4,4,2,3,4.1,2,0.9,4.9,24.8,8.7,4.2,27.3,15.3,5.2,4.6,57.1
855.7,1,7,4,1.1,6,8.8,7.4,14.2,13.2,0.5,15.4,17.8,8.4,8.8,74
3327.9,8,4,12,4.9,3,6,6.7,8.7,23.5,0.1,6.2,9.5,1.9,10,102.8
3745.3,13,7,5,4.2,2,4.7,5.7,19.5,23.5,0.1,-4,6.8,6.3,4.5,105.7
1715,3,7,9,4,3,9.1,9.7,3.6,21.9,1.1,24.9,5.4,0.6,12.1,89.7
3295.2,3,7,9,4,2,6.7,7.3,12.8,1.3,1.5,25.8,6.1,6.6,5,103.2
2096.6,20,5,3,2.6,5,1.3,9.1,13.1,6.1,0.1,22.1,12.7,8,11.8,73.3
3623.4,14,4,7,4,1,5.2,2.4,24.6,9.1,0.2,15.4,20,0.6,15.9,64.9
1156.2,7,6,6,2.5,4,6.4,7.1,24.8,23.3,0.2,14.2,16,8.5,4.7,86.1
4473,3,2,4,4.6,4,9,6,20,11.6,2.2,27.3,9.3,1.2,7.3,121.8
1579.6,15,3,5,1.7,5,2.8,9.2,11.8,4.1,0.7,16.8,13.1,1.8,5.6,66.2
1965.4,20,4,10,2.2,4,7.9,5.1,13.7,16.5,1.7,31.5,7.8,8.4,8.4,104
478.8,3,2,2,3.2,3,8,2.8,8,25.5,0.2,16.8,8,1.2,14,58.9
735.3,15,4,11,2.3,3,1.3,3.8,20.7,3.4,4.5,16.4,5.9,6.7,15.2,40.7
2676.1,21,5,7,2.7,2,0.2,2.2,18.7,5.8,0.7,22.5,6.1,2.9,14.1,44.1
1484.4,11,2,4,3,1,5.8,2.2,19.3,6.9,3,34.7,12.2,2.5,12.3,42.3
4210.3,15,5,2,4.4,2,7.9,4.7,3.5,12.5,3.5,32.1,15.9,6.5,12.6,118
270.5,18,1,11,3.1,5,5.5,8.9,10,18.4,8.8,17.4,14.2,1.1,5.4,74.9
2019.7,7,2,6,2.4,4,8.1,1.9,13.4,17.4,2.7,13.5,15.8,5.7,7,97.6
1819.3,5,4,11,2,2,6.2,2.9,3.1,10.6,1.2,3.5,13.1,9.2,8.4,84.6
292.8,9,1,12,2.6,3,6.5,8.5,9.2,12.1,0.3,26.3,9.9,8.5,4.6,87.2
797,4,5,2,3.1,2,0.3,3.4,2.2,14.3,0.1,-3.4,7.9,8.5,13.9,38.8
2185.5,17,5,10,4,6,0.9,9.6,24,30.8,4.3,38.5,12.3,3,7.1,81.4
2565.8,9,4,2,1.5,4,7.3,2.7,18.8,31,1.2,28.1,3.3,7,4.6,109.6
2140.6,9,1,7,1.9,6,7.6,4.4,15.5,25.3,2.8,9,7.6,7.8,4.9,108.6
2748.5,6,7,1,2.5,3,5.4,1,5.1,9.2,1.4,32.8,6.8,9,15.6,77.8
3056.6,17,6,7,2.4,0,5.9,9.9,8.4,3.9,4.2,24.6,15,2.6,14.9,109.9
247.6,0,3,10,2.6,2,6.1,8.9,3.6,21.8,2.8,23.6,4.5,7.6,15.5,70.3
2427.7,6,4,5,4.2,5,1,8.2,13.4,9.8,0.2,14.8,13.7,2.3,15.5,55.9
4824.8,20,5,1,2.3,4,6.7,1.6,20.5,36.1,2.8,24.6,11.5,0.3,13.6,122.5
2691.4,0,2,6,3,2,4.8,9.7,0.5,2.7,0.6,1,11.6,4.8,7.3,87.5
3452.2,14,1,7,3.5,1,6,9.3,2.6,10.5,3,18.8,8.1,7.7,7.9,109.7
1696.9,3,6,1,1.9,4,5.6,4.4,5.7,46.3,5.9,9.8,4.1,2.1,8.8,82.7
3915.2,19,3,9,3.9,6,7.6,6.8,17.9,18,5.3,14.5,12,0.5,13.4,117.2
3910,9,2,7,3.2,8,3.2,9.9,22.3,5.6,0.3,9.7,13.5,3.7,15.1,114.4
2702.2,22,1,1,2.8,2,3.7,4.1,18.8,0.9,0.1,10.3,12,2,9.3,66.9
4884.9,8,6,3,4.2,1,3.9,1.1,13.1,15.9,3,33.5,9.4,3.8,7.6,97.7
802.6,1,4,5,2,3,7.6,8.7,2.6,26.4,2.5,0.8,5.4,9.2,6.9,87
281.3,13,6,4,4.5,2,4.3,4.8,18.9,40.2,0.4,22.9,7.5,7.4,7.1,65.6
3896.8,15,4,2,3.2,4,1.8,9.9,2.6,3.6,2.3,4.4,11.8,3.7,4.1,99
4074.3,0,7,1,3.4,2,9.8,5.5,8.7,23.3,0,33.9,6.8,3.3,6.8,118.7
777,1,1,4,4.5,6,4.9,0.3,7.7,3.9,2,23.1,6.2,9.2,7.5,26.8
1474.8,6,6,7,4.3,2,1.1,4.9,9,17.9,3.6,1.1,4.2,8.9,13.3,39.4
284.3,9,3,11,3.4,0,6.7,7.2,8.2,4.2,2.1,22,12.1,6,10.6,56.8
1607.9,21,6,4,4,4,7.4,0.3,19.2,17.6,0.1,9.6,12.1,3.6,8,63.7
3911.1,19,1,9,2.7,3,5,4.1,4.3,2.1,9.4,20.7,14.6,7.9,11.2,122.5
2686.2,0,2,8,3.2,3,6.5,1.6,21.1,24.2,0.9,2.1,1.4,6.6,13.5,84.4
1870.9,12,2,8,1.2,1,1.7,6.4,21.5,21.4,1,32.8,14.7,5.6,11.3,67
1984.3,0,6,5,1.4,5,3.7,9.6,12.3,19.3,0.2,-6,14.5,7.4,4.8,84.3
206.5,4,6,12,4.3,4,1.6,6.2,2.7,8.3,0.4,8.3,14.8,1.3,6.9,23.8
1639,15,4,1,1.2,2,3.9,6.9,14.4,12.2,0.6,5,10.5,9.3,7.4,80.9
3303,14,1,9,1.7,4,5.6,4,20.5,21.4,3.2,22.6,10.9,9.7,8.4,104.7
4876.1,16,4,2,4.2,4,4.4,5.6,7.2,21,2.4,12.1,10.9,3.5,4.3,113.6
4265.9,22,3,6,1,2,5.9,5.4,20.9,42.4,1.8,15.8,6.3,9.5,12.9,138.1
313.3,15,7,10,2.1,4,5,7.6,16.9,20.3,4,10.3,6.5,8,9.6,72.9
4513.1,12,2,5,3.3,3,3.2,8.6,24.7,39.9,12.2,1.6,10.9,9.4,14.8,133.8
3959.4,10,5,10,3.4,3,1.4,6.6,20.6,34.6,1,15.3,9,9.2,10.2,108.5
3945.8,16,5,8,4.1,1,2.5,9.8,5,10.6,1,2.4,12.9,2,15.9,86.1
2398.4,16,1,11,3,4,2,8.3,11.2,4.1,2.7,-4,8.6,2.6,12.4,64.7
2110.4,1,1,3,3,3,7.1,1.2,2.6,9.5,2.1,25.5,4.1,2.6,14.6,66.1
1654,12,5,6,3.9,2,8.2,5.1,1.7,1.5,0,3.1,4.3,0.9,15.7,68.4
515.3,13,1,6,3,3,7.2,9,17.7,8.7,2.1,35.5,7,4,9.7,64.4
1295.5,10,2,10,3.4,3,6.4,9.4,22.8,13.9,2.5,35,12.9,3.6,11.6,75.5
1383.7,9,3,3,4.6,2,3.1,3.8,24.3,19,8.5,28.6,7.9,3.4,15,69.7
2523.6,2,3,12,2.6,4,7.1,7.3,6.8,9.9,1.8,4.4,11.2,3.5,10.9,96.2
3787.7,16,4,12,2.5,0,6.1,4.1,5,25,2.3,43.5,3.3,0.6,4.6,98.3
2474.3,14,2,12,1,1,0.5,1.2,14,34.1,3.1,-10.2,10.6,1.9,12.4,64.9
477.7,8,7,7,3.5,4,9.1,8.8,5,22.9,0.2,7.4,10.2,3,15.2,77
4797.4,9,1,11,1.1,2,0.8,9.3,7.4,25.8,2.7,28,14.8,8.9,13.4,131.2
4725.1,7,1,4,3,5,5,5,20.9,13.6,1.6,27.1,10.6,9.3,13.5,129
3968.9,20,7,5,4.2,3,5.1,0.2,20.3,34,0.2,9.3,13.1,2.9,5,93
4958.4,12,4,9,3.2,6,8.4,8.2,22.4,22,2.2,8.6,17.8,6.9,12.8,146.5
2813.5,17,4,6,2.1,3,9.1,4.8,12.1,8.8,0.5,15.4,10.2,8.5,4.4,114.1
4821.3,4,1,10,4.1,3,9.4,0.8,14.1,33.7,1.5,17,16.1,5.1,15.2,125
562.9,5,1,4,2.1,3,5.7,1.9,19.3,3.7,0.7,12.4,10.5,7.6,15,49.3
1955.3,16,7,8,3.9,2,6.8,1.5,6,15.9,0.2,37.9,7.9,9.8,15.8,57.8
1281.8,10,2,9,3.4,3,0.9,6.9,20.6,22.9,0.6,9.8,9.6,1.6,7.6,48.1
1140,19,7,10,1.7,1,4.9,3,0.4,8.6,1.2,35.6,8,0.7,10.5,48.7
875.9,15,4,5,4.6,5,9,1.3,19.9,6.5,1.4,22.9,8.1,6.4,10.9,58.5
3187.6,8,7,2,1.8,2,4.6,9.2,19.4,36.8,0.3,30.2,7.7,5.1,10.7,112.4
3950.3,1,7,6,5,0,0.7,9.6,7.5,0.4,0.8,0.1,8.8,3,8.9,72.9
2975.8,4,7,11,1,9,2,1.4,18.2,2,3.9,30.3,12.8,9.2,15.8,73.7
905.4,0,2,12,2.1,3,4.3,2.3,5.3,26.4,4.8,29.9,3.2,8.5,14.6,55.9
4093.4,3,6,8,1.8,5,2.4,5.9,14.4,7,1.5,10,11.1,2.6,11.3,97
3252.6,3,1,5,1.1,1,3.9,1.5,17.5,8.2,1.3,28.2,10.5,7.7,11.8,79.6
2063.2,21,5,1,3.9,4,3.3,1.6,17.9,6.4,1.7,0.2,15.5,8.3,12.6,60.1
3435.8,2,7,8,3.8,4,3.2,3.4,24.6,6.6,0.5,12.3,8.5,3.3,11.2,79
1447.5,8,5,9,4.2,3,0.9,9.5,4.6,12,10.1,32,14.5,1,12.5,63
1856.9,21,6,1,2,4,8.8,9.6,12,42,2.7,15.8,6.6,8.5,13.8,121.1
4603.9,22,1,8,2.8,2,6.9,8.4,22,18.6,0.5,14.8,8.2,1,15.7,123.1
1594.4,11,4,10,3.6,3,6.2,7,14,21.5,0.6,34.9,11.7,4.8,14.2,67.4
2455.9,9,5,12,2.8,5,6.1,7.2,21.9,19.6,2.1,-5.4,12.4,1.9,5.6,99.7
4472.7,1,4,2,3.8,2,4,4.7,10.9,0.9,0.8,15.9,8.9,9.3,10.6,114.8
3597.1,10,5,4,3.5,3,8.2,5.3,19.9,9.2,0.9,17.2,10.9,1.1,11.6,99.5
498.6,9,4,2,1.5,2,9.3,6.3,21.8,20.4,3,8.4,9.3,1.2,7.2,93.4
907.1,21,7,2,4.1,4,0.1,7.3,21.2,12.7,0.6,34.5,13.2,7,9.7,42.6
237.6,5,5,10,3.9,1,0.8,1,21.8,3.8,2.4,7.1,9.4,2.1,15.2,10
3228.4,17,4,3,3.6,1,6.7,2.2,5.5,2.7,5.5,7.2,9.1,1.3,7.1,73.8
2348.8,1,6,8,1.6,3,2.4,9.6,11,6.3,0.3,-11.7,14,1.7,7.8,72.5
844.5,1,2,4,2.1,2,9.1,3.4,4.4,8.8,0.3,31.3,10.8,6,14.9,60
4798.1,9,4,7,2.6,3,6.7,2.7,4.5,14.6,5.7,14,12.7,2.2,5.1,116.3
2742.4,15,2,12,2.1,5,3.7,4.2,12.2,3.1,0.5,14.1,20,3.8,14.6,76.8
1361.1,11,2,10,1.9,2,4.2,2.9,24,1.4,0,15.4,2.1,8.5,7.6,66.6
2602.9,0,1,3,4.2,1,6.9,0.9,14.8,11.8,4.1,32.3,5.9,1.8,10,64.9
3462.2,20,7,10,3.6,4,1.4,2.1,21.3,17,0.7,37.4,6.3,8.3,11.7,77.6
565.9,7,6,12,3.3,3,8.8,6.4,23.4,5.4,0.7,-2.8,6.6,7.8,11.8,93.3
1518.6,15,2,11,1.9,6,0,2.2,2.2,12.5,0.5,12.4,15.7,8.3,15.8,40
4073.4,17,3,3,4.7,3,9.8,6.5,4.1,31.9,5,4.4,0.1,3.5,4.4,128.2
2406.4,12,7,2,1.8,4,1.7,1,7.3,5.2,3,15.3,11.9,4.7,12.4,54.1
2823.6,14,2,12,4.2,1,7.4,0.4,15.4,28,1.8,16.9,3.9,7.1,14.1,91.2
2277.5,20,4,6,4.9,6,0.4,8.6,1.5,7.4,1.2,-2.6,10.1,0.4,11.1,56.7
410.7,11,2,6,3.9,4,4.3,7.6,19.7,3.5,0.3,22.4,11,6.6,15.7,46.4
995.6,7,4,1,5,4,6.3,6.7,1.6,6.4,5.2,12.6,13.6,1.2,9,63.9
2338.6,9,4,7,3.6,4,0.7,0.3,4,23.5,2.8,27.4,8.9,2.9,13,51.7
1204.1,13,3,12,1.9,4,4.4,2.4,9.5,6.8,0.7,18.4,9.3,8.1,12.2,52.1
439.9,4,2,4,1.8,1,3,8.1,13.9,26.5,5.9,-2.6,1.8,6.4,4.4,56.4
4249.5,17,2,11,2.3,2,5,1.4,22,10.9,5.5,25.4,19.1,6.2,10.6,108
4909.7,18,5,12,1,5,5,8.1,24.1,3.8,2.2,1.9,11.2,2.3,7.1,148.2
4007.1,14,7,3,3.7,2,7.9,5.8,22.1,6.3,8.4,3.2,11.8,6.7,10.3,114.8
4298.2,5,5,8,2.1,5,1.2,7.4,2.7,14.1,0.4,14.2,14.3,1.3,14.6,96.1
1361.5,10,1,2,4.3,2,0.8,6.4,15.8,7.1,2.6,14.6,9.7,9.6,11.6,61.7
4811,20,4,9,2.4,0,4,4.2,11,8.8,0.3,-3,11.7,2.5,11.1,103.9
1145.2,10,3,8,2.9,3,8.9,2.9,3.1,1.8,2.4,16.2,12.9,8.3,12.1,67.7
4766.9,19,5,8,4.9,4,8.6,6.7,13.9,10.7,5,16.9,4.1,9.2,10.3,150.1
4975.1,19,2,3,2,1,5.6,8.1,8.9,11.2,1.5,16.5,12.1,1.7,9.4,124.4
3616.3,20,1,4,3.9,1,8.9,0.4,8.6,3.9,2.9,-2.3,18.3,0.1,8.5,70.7
4909.5,17,3,2,4,4,8.1,3.8,2.4,16.8,0.3,19.7,17,8.7,12.4,135.3
2933.8,17,6,2,1.9,3,2.8,3.5,24.5,23.6,2,25.4,16.1,7.6,13.3,97.9
1445.8,9,2,4,3,3,1.7,5.6,18.1,32.2,0.1,1.8,17.6,1.5,9.1,53.4
2297.6,1,2,6,2.4,3,3,1.1,7,14.3,0.1,5.1,5,8.3,4.5,77.3
3049.1,8,6,5,4.1,2,2.3,9.3,22.9,21.8,2,27.4,7.9,8.1,10.5,104.6
550.8,13,4,1,3.5,2,6.2,5.5,23.7,21.6,1.7,37,6.4,4.6,10.9,55.9
3187.2,18,4,10,2.9,3,5.8,9.2,20.3,18.7,0.8,16,20,9.5,9.7,117.3
4909.7,9,5,1,4.1,2,6,8.2,16.5,17.3,1.4,12.6,11,5.8,8.3,136
1112.5,22,5,6,1.9,4,1.9,1.9,9.4,3.2,2.3,20.4,4.3,4.4,14.8,35.6
4004.5,3,2,3,4,2,7.9,1.3,10.9,3.4,2.1,34.3,5.6,0.1,9.8,90.3
4557.9,5,7,3,4.5,3,4.3,8.6,11.4,24.2,0.2,7.8,10.4,9.5,13.6,115.4
4729.8,13,2,7,4.5,1,4.7,5.4,23.7,46,2.3,12.2,4.5,1.3,11.7,112.1
4808.7,3,5,1,4.1,4,10,0.2,19,9.2,2.2,11.9,17.5,3,13.4,113.1
2703,14,6,1,2.6,2,2.8,9.3,7.3,23,2.2,1,13.2,7.3,14.5,94.3
4891.1,15,5,10,4.9,4,3.9,4.7,15.6,14.9,3.8,28.2,11.3,0.1,6.9,104.7
3835.1,6,2,3,2.5,3,6.8,3,14.8,11.1,1.7,21.1,5.8,5.4,13.9,104.9
976,16,3,8,3.6,4,8.8,5.2,20.3,21.9,5.6,-6.2,4.7,1.6,12.7,82.8
2489.1,18,2,1,1.6,5,1.3,8.2,2.4,9,7.8,17.9,11.4,0.2,10.7,83.1
3648,18,3,10,4.9,5,7.4,1.1,17.5,19.1,2.8,37.9,10.5,6.4,10.5,101
1387.2,16,3,4,3.8,3,9.2,3.6,8.3,16.6,0.9,21.3,4.9,6,7.7,73.5
3275,5,2,9,4,2,4.2,3.2,3.2,16,0.3,37.2,9.8,7.3,10.5,73.7
3399.7,10,7,4,1.3,2,2.9,8.4,18.3,28.9,3.4,11.3,9.8,6.2,8.6,98.3
981,15,7,10,4.1,1,6.8,7.8,8.3,5.4,0.3,29.6,13,4.4,14.7,58.5
2912.4,7,1,8,4.1,3,2.5,4,18.3,5.5,0.3,33.8,18.4,4.8,11,75.2
3903.8,10,5,7,3.7,3,3.8,6.6,4.1,11.4,5,17.1,1.7,2.2,7.6,80.5
2594.7,6,7,3,2.2,1,9,3.9,24.6,7.1,1.6,13.1,13.2,0.8,5.7,88.1
258.1,23,4,7,3,0,5.9,5.7,20.1,12.2,0.7,31.2,7.2,8.6,12.3,51
243.4,21,2,7,1.4,2,0.9,9.9,7.2,9.3,6.6,24.5,11.7,6.9,12,41.9
1913.7,18,3,10,2.9,1,3.3,5.4,18.5,13.3,2.5,29.4,10.5,1.2,8.3,64.1
4645.7,9,2,3,2,5,6.3,9.9,3.4,25,1.5,23,12,2.6,5.9,133.9
1297.6,8,5,2,2.4,4,4.8,7.5,16.3,6.2,0.8,17,5,8.6,12.6,86.6
3244.9,3,6,9,1.7,3,6.6,1.2,1.5,5.5,2.3,16.9,13.9,9.6,7.2,97.5
1266,22,7,1,1.9,6,7.6,8,8.3,18.9,2.6,13.7,10.2,7.9,14.3,84.5
1744,14,7,7,1.3,5,4.8,1.6,24.5,4.9,2.5,22.8,15.6,5.7,12.7,62.8
4270.6,12,7,4,4.7,3,9.9,5.3,3,36.7,0.4,15.9,16.4,8.7,14.7,129.6
3698.5,1,3,2,3.1,6,9.1,6.1,14.9,29.8,2.4,21,10.9,6.3,15.8,135.4
657.9,1,4,2,2.6,4,0.6,8.9,1.8,37.3,1.7,8.5,14,7,8.1,66.8
2257.8,15,4,8,3.1,1,2.7,2.1,16.7,4.3,3.8,7.8,13.6,8.3,10,65
340,8,7,7,3.5,5,3,8.8,7,15.1,2,25,15.4,3.5,8.8,52.5
2508.3,12,4,12,4.7,8,1.8,9.3,7.7,5.6,0.3,22.7,15.1,7.8,4.9,87.4
3379.7,2,6,7,1.7,2,3.1,0.9,8.4,39.2,0.8,12.8,5.3,2.1,8.9,83.4
768.8,8,7,5,2.2,2,4.2,8.9,5.1,11.9,2.7,34.5,11.1,1.9,9.3,56.9
1586.6,12,1,10,4.9,4,0.5,2.6,23.5,15.8,2.7,8.1,4.4,8.1,6.1,53.7
2109.6,20,3,8,2.5,4,1.3,0.8,22.6,9.3,0.5,23.2,7.9,5.6,14.6,57.2
4613.7,21,6,2,1.1,1,1,9.6,21.8,19.5,0.9,23.5,8.1,4.1,7.5,106.2
4967.6,1,3,2,1.6,0,0.5,3.9,2.7,12.1,0,18.6,12.3,5.2,13.1,106.5
415.6,7,7,5,1.1,3,4.8,6.2,5.8,19.7,0.8,33.2,9.1,9.8,4.9,65.6
3852.8,8,6,1,5,2,3.3,5.5,15.3,14.4,0.1,37.5,9.4,8.9,4.4,111.5
1984.3,15,7,6,2.1,6,9.4,2.1,24.3,25.1,4.1,4.2,14,5.1,15.9,89.5
2083.8,1,6,4,4.7,2,1,6.7,15.1,22.2,2.2,-9.3,13.5,5.5,5.5,50.5
3820.5,5,7,6,5,2,9.3,0.5,8.2,40.8,7,12.1,11.1,6.1,13.2,98.3
4608.4,21,1,7,3.4,3,0.9,2,20.4,8.5,4.4,6.2,13,7.9,11.3,93.7
4764.5,7,3,3,1.1,4,6.2,9.4,3.4,25.7,1.9,12.8,12.6,8.7,9.4,154.1
2970.2,4,6,11,1.3,4,2.5,9.5,22,13.9,1.4,39.8,17.9,1.5,4.4,82.1
1914.2,8,1,8,2.9,1,8.3,4.8,24.4,23.4,4.3,50.4,9.2,6.3,7.9,90
3980.2,0,2,7,2.6,2,0.6,1.7,24.2,9.5,0.7,6.6,7,2.3,14.8,76.5
1404.8,8,7,1,3.4,8,9.5,4.2,3.7,5,0.5,20.7,10.8,6.2,14.9,68.3
2907.6,9,5,6,2.8,3,0.5,8.8,13.7,19.7,1.1,20.4,6.2,1.7,11.2,83.1
1921.2,22,6,7,4.7,3,2.4,0.7,14.6,8.8,0.1,22.1,8.5,8.1,10.9,50.3
3351.8,3,4,11,3.1,3,4.6,1.3,4.9,5.9,0.7,1.6,11.8,6.6,9.1,64.2
1353.9,2,1,4,3.8,2,7.6,9,13.7,11,0.2,32.8,8,8.7,13.3,85.5
1119.6,9,1,2,4.6,2,9.5,4.2,16.2,19.2,0.1,28.8,9.1,9.4,14.6,85.9
4607.5,14,6,10,1.6,2,4.3,0.8,8.2,41.9,1.6,12.2,8.9,9.3,12.7,111.6
688.7,10,1,9,1.9,1,7.6,1.4,7.9,12,2.5,32.8,8.3,1.5,10.3,50.2
2628.6,13,2,7,1.4,5,7.3,8.8,1.5,13.2,1.5,0.7,5.6,3.8,11.6,96.1
1260.1,5,1,1,1.6,6,5.7,4.9,23.9,11.6,0.1,-2.3,14,4.8,6.6,73.6
386.9,11,5,8,3.1,3,6.9,1.6,20.1,11.5,1,21.2,15.5,7.9,15.9,43.2
372.9,12,5,3,2.3,6,0.4,8.9,19,11.5,0.2,23.2,13.8,0.1,15.2,18.6
1041.1,16,7,4,2.7,2,4.4,8.5,0.5,16.2,2.1,16,13.8,9.3,15.5,65.6
4360.5,15,7,12,4.9,3,7.9,0.2,15.6,10.8,3.5,31.3,8.3,4.1,6,111
1555.9,2,4,5,1.6,2,4.7,5.8,4.5,26.4,0.2,10.1,10.7,6.3,11.8,74.2
4762.2,1,2,1,3.2,3,8.7,2.4,16.5,16.4,0.1,32.5,6.9,9.8,11.9,132.9
2991.8,10,5,6,1.4,5,8.3,5.3,15.5,9.9,1,27.5,9.5,8.8,8.3,117.1
2295.7,8,6,10,2.3,3,8.6,2.8,21.3,17.5,0.7,40.4,9.8,3.6,14.4,84.3
2984.4,2,3,6,3.1,3,1.3,3.2,6.4,31.2,0.6,-3.3,4.5,4.8,13.4,65.5
2680.2,17,3,2,4.8,3,2.4,6,0.7,29.8,0.5,12.2,10.5,7.7,12.6,90
3842.1,19,3,11,2.6,5,0.3,5.4,22.9,20,0.8,7.1,7.9,7.4,4.3,103.6
1556,14,7,10,1.3,4,9.8,4,22.7,38.8,6.7,27.3,11.1,7,15.9,100.9
1894.6,13,6,6,2.6,3,2.4,1.1,11.4,40.3,3.9,36.9,9.1,0.1,12.6,44.9
4491.7,1,1,8,1.6,1,3.7,9.7,2,7.7,1.8,13.5,11.4,2,15.6,96.3
4743,16,6,6,1.9,4,2.7,1.7,12.4,15.5,3.2,25.2,12.8,2.2,5,87.2
4484.3,21,1,4,3.5,1,0.4,6.3,13.1,39.5,0,35.3,5,2.5,12.3,88.7
2213.4,7,3,4,1.3,7,2.6,0.8,20.5,9.7,0.2,21.9,8.7,1,12.9,51.3
3945.8,9,4,9,2.9,5,1,6.9,17.9,20.8,0.7,26.4,7.4,8.1,4.8,112.1
2486.4,17,4,6,3.4,4,3.9,0.9,1.8,10.8,2.1,-5.8,14.7,3.4,4.8,56.6
2588.2,18,1,8,2.7,7,9.7,2.3,17.6,5.6,4.3,36.8,16.8,7.8,13.1,95.2
1182.5,7,3,8,1.1,4,7,6.5,3.4,9.1,0.5,14.4,10.2,9.3,13.6,84.6
3037.4,7,6,7,4.9,7,7.1,2.8,2.2,9.4,0.3,50,11.6,3.1,14.9,75.6
1093.5,2,4,3,2.5,4,4.5,5.3,10,28.6,3.8,7.8,4.1,4.5,13.3,55.9
1791.5,2,1,10,4.1,3,8.1,1.2,1.9,33.8,1.1,23.7,11.2,0.9,6.9,53
4304.1,11,6,1,2.3,1,9.1,2,20.7,8.2,2.4,27.9,9,2.9,15.6,113.1
1194,21,3,5,2.9,3,9.6,7.3,11.6,1.3,1.6,-12,15.4,5.5,7.2,77.9
541.6,16,2,10,2.6,1,1,0.4,14.7,35,0.4,39.3,9.1,1.8,12.7,13.7
531.2,3,3,10,2.4,4,8.8,1.1,14.4,3.6,2.4,26.9,6.7,5.4,10.4,61.2
4715.8,16,7,2,1.1,3,2.3,2.1,24.5,18.7,1.1,0.1,4.6,3.1,5.5,102.3
2633.2,13,3,12,2.4,3,4,0.2,22.9,42,0.7,22.4,10.7,9.9,15.1,91.7
2165.2,18,6,10,4.6,3,3.5,1,21.2,3.4,4.7,22.4,7.8,3.8,11.1,56.4
4092.2,8,6,2,3.8,2,6.8,2.8,9.6,23.3,0,16.4,14.9,0.4,5.1,103.7
4212,20,5,7,1.6,4,6,0.9,3.6,11.6,1,10.8,12.5,4.7,8.6,103.9
1794.5,11,5,11,3.4,6,1.1,8.7,14.8,14.6,0.7,17.2,9.6,3.3,13.2,50.9
3529.4,4,6,3,4.6,1,7.8,0.7,11,11.8,0.1,28.3,12.5,3.7,11.4,88.3
3901.4,10,6,8,3.8,6,4.4,8.6,5.6,5.6,0.2,27.9,17,3.7,6.7,90.4
3342.3,19,2,9,1.6,7,0,8.2,2.4,23.6,0.4,18.1,5.4,8.8,10.8,106.4
927.7,2,2,8,4.5,2,4.1,1,10.9,13.9,1.4,20.7,7.5,5,7.7,31.1
4404.2,20,3,6,2.2,3,5.2,0.3,16.3,5.2,0.7,16.5,17.8,2.5,10.3,87.4
2787.7,14,7,5,2.8,1,0.7,0.5,15.6,56.8,3.6,6.3,7,7.9,7.8,83.2
1555.9,13,4,3,3.1,2,1.5,5.9,19.3,10.1,0.5,17.3,12.6,4.4,10,57.5
2241.1,10,7,3,4.4,2,9.9,6.7,11.7,6.4,2.5,9.2,14.7,1.5,14.1,83.6
380.3,19,2,7,4.7,3,8.7,6.2,8,15.5,0.5,6.1,9.9,10,6.5,80.6
813.8,7,3,5,4.7,3,1.3,5.4,13.5,1.3,0.1,-11,12.8,0.3,4,22.5
3874.6,3,7,12,1,4,5.8,1.7,24.4,5.6,0.6,13.1,8.8,7.1,5.9,110
200.1,11,1,6,4.7,0,3.8,8.4,1.1,18.2,3.6,27.4,17.3,8.5,14.1,45.7
2199.5,7,5,6,1.2,2,5.4,3.3,13.2,10.8,0.2,32.7,8.2,3.5,9,81.2
2708,5,7,9,2.1,3,4.7,9.9,8.2,0.1,0.8,23.4,6.2,1.6,12.9,91.7
462.2,14,4,1,3.1,4,0.5,3.8,2.6,8,0,2.5,13.6,4.4,4.4,13.6
4870.8,11,3,8,2.9,1,3.2,2.6,10.9,9.4,2,16.1,12.8,4.8,5.8,95.5
1285.4,15,7,10,3.4,1,1.3,8.9,16,16.8,5.7,4.1,10.6,10,10.8,69.9
1660.2,15,6,5,2.9,3,4.9,5.7,13.2,19.8,1,40.9,10.1,0.2,12.6,50.9
1658.9,20,1,6,4.7,3,9.1,7.2,0.7,17.6,1.7,13.4,8,6.6,13.5,97.2
1306,19,5,6,2,3,10,4.1,14.5,24.9,1.2,12.1,7.1,8,11.7,94
207.1,19,1,1,2.1,4,9.4,8.9,5.8,13.8,7.2,29.1,7.6,6.2,13.1,98.2
3700.9,3,3,3,4.7,2,9.9,9.2,8.5,6.2,2.7,17.5,11.3,6.3,6,118.4
4840.9,10,2,12,1.3,4,0.2,4.4,7.8,20.3,0.1,30.9,9.2,8.8,11.9,123.9
1276.6,12,5,6,3.4,5,7.3,2.4,21.5,3.4,0.2,4.5,4,5.7,9.1,55.8
3382.6,8,1,11,3.7,5,2.7,6.5,1.2,21.7,1.3,19.1,8.3,8.8,15,98.3
3761.1,3,2,11,3,5,8.7,9.5,8.7,3.9,2,24.1,9.1,2.1,11.4,118.8
4272.4,11,4,9,3.8,1,8.1,6.2,9.9,10.6,0.7,-13.4,12,5.2,10.5,119.7
2228.6,8,3,6,1.7,1,4.2,9.5,15.5,20.5,2.2,9.8,11.2,0.3,10.9,88.3
1654.1,12,3,12,4.4,1,4.7,3.4,19.7,6.5,1.7,10.6,17,8,14,50.2
1761.4,15,5,6,1.6,5,2.7,9.2,18.2,35.5,1.1,18.7,6.1,7.8,4.1,87
3620.6,5,1,1,2.6,5,2.9,1.1,18.8,3.6,1.7,14.3,12.2,5.4,14.3,69.6
4120.5,9,4,9,1.3,5,9.8,3.6,4.8,15.3,5,21.6,12.5,4,4.4,132.5
1071.7,12,6,4,3.2,1,8.9,4.9,22.8,12.4,0.6,15.2,11.1,3.7,11,75
1980.5,6,5,2,3.7,2,1.9,6.5,10.4,17.1,3.1,31.8,8.8,2,10,61
4529.3,18,6,1,4.8,3,2.8,2.9,0.3,11.7,0,43.3,7.3,4.3,8.4,97.7
4072.1,23,5,3,4,3,1.1,9.2,16.7,59.9,0.2,0,9.8,3,5.5,113.7
4927.3,18,1,3,3.2,3,9.9,9,15.1,29.9,6,18.3,2.8,5.8,5.5,167.2
3820.4,16,4,5,4.7,3,9.1,8,3.1,17.8,2.4,31,6.3,7.9,12.9,131.3
2087.3,12,1,1,2.9,1,5.5,1.1,24,37.3,2,9.6,6.1,6.9,5.4,95.4
3035.1,12,3,7,3.2,2,6.9,0.8,14,19.8,0.8,21.4,12,5.1,12.2,68.6
3372.9,20,6,1,3.4,1,7.5,5,11.7,16.6,0.4,13.4,12.5,9.5,15.9,119.6
576.6,1,2,4,2.6,3,2,7.7,10,5.5,1,6,5.7,2,12.2,28.2
2813.6,9,7,6,4.4,6,9.3,1.2,5.2,35.7,1.8,5.8,4.8,6.4,4.9,98.1
3604.7,21,3,1,1.7,4,5.3,6.4,23.8,1.8,2,-11.7,4.1,0.9,10.5,112
1003.1,12,3,7,3.2,5,0.9,5.3,17.6,24.9,0.4,20,13.9,6.7,14,47.7
3947,8,6,10,3.9,3,4,7.3,14.2,22.5,1.2,20.8,13.7,7.3,15.5,105.4
3002.1,0,5,7,4.6,1,6,4.4,15.8,21.2,1.7,6.6,12.6,7.8,12.7,100.6
4770.7,13,3,3,4.5,2,3.5,6.9,21,2.3,6.4,14.6,16,6.6,7.7,107.2
403.6,15,7,4,3,5,7,1.6,15.9,11.6,1.6,0.7,17.1,1.2,7,41.6
1473.6,19,4,6,3.6,7,8.8,2.1,2.9,11.7,1.7,24.4,6,0.4,13.4,66.8
3087.5,14,3,11,2.6,5,7.7,9,17.4,9.6,2.9,13.2,8.4,7.1,13.1,120.6
1623.5,0,4,7,2.9,3,6.4,3.3,14.1,1.9,1.1,27.2,13.1,8,9.8,67.9
3629.2,16,1,4,4.6,4,5.1,9.9,24.2,11.1,1,14.1,0.1,0.3,5,105.9
3843.2,23,5,10,4.7,2,2.5,0.5,18.3,5.9,1.8,6.1,9,1.5,12.1,55.8
692.1,12,4,11,4.6,3,4.5,5,8.6,18.2,3.1,11.6,13.9,7.9,11.1,50.8
2666.5,14,3,9,1.6,4,2.9,3.2,3.4,20.8,2,36.1,8.6,9.7,4.1,79.6
2642.7,15,5,9,4.4,1,9.3,10,12.1,12.9,0.4,43.2,12.9,5.2,11.7,102.9
1972.5,15,7,9,4.8,4,9.1,9.9,17,9.8,1,-0.1,2,1.5,5.6,98
4678,1,5,12,2.4,4,1.6,2.4,4.4,4.7,1.4,28.9,11.1,3.2,13.9,93.2
4172,16,4,10,3.1,1,8.2,2.7,16.2,5.9,1.5,4.7,8.2,7.8,12.1,103.7
3546.6,10,4,6,4.1,0,7,7.5,20.6,21.2,0.8,8.9,9.1,5.4,4.6,111
3628.8,7,2,2,3.2,2,9.8,8.9,3.9,5.3,1.5,20.5,6.2,0.6,10.4,129.5
2416.2,19,2,2,5,3,4.6,6.6,17.6,30.8,2.2,23.9,16.4,3.1,13.7,84
4620.8,2,5,11,2.8,4,7.2,8.6,1.7,19.7,1.3,9.3,10.3,7.5,14,128.6
3534.1,11,6,4,3.9,3,5.2,0.6,0.2,13.7,1.2,25.3,10.6,3.3,5,66.5
3699.1,19,6,9,4.2,3,0.7,6.4,0.8,19.4,3.2,32.2,18.2,4.3,4.9,81.3
4336.1,15,2,3,3,2,0.5,7,15.8,8.7,2.8,26.7,6.3,9.1,13.3,96.4
1515.5,13,3,6,4.4,3,1.2,1.9,24.3,32.6,1.1,6.4,10.6,9.8,6.8,56
4073.9,15,1,2,3.2,4,3,7.8,19.3,1.9,11,12.7,7.3,7.6,11.1,113.1
1137.2,20,5,1,2.6,6,2.6,9.4,6.4,15,0.1,28.5,7.1,2.4,11.3,70.6
1857.6,16,1,12,1.4,3,7.3,9,1.8,3.3,0.8,36.6,11.2,2.4,11.6,88
1810.9,10,2,5,2.6,5,7.2,2.4,15.4,21,0.1,2.7,8.9,3,8.1,73.1
4896.9,16,4,8,3.9,3,9.7,3.2,0.1,13.3,3.7,21.6,17.9,1.6,4.5,124.1
4311.4,18,7,10,4.7,3,3.1,5,19.8,20.2,2.8,26.8,17.1,1.8,10.4,101.5
3565.6,21,5,10,2,2,9.4,1.6,6.1,3.2,2.3,1.2,9.4,2.6,10.2,92.4
3689.9,0,2,2,2.4,3,6.1,9.5,7.5,34.7,0.5,30.2,3.8,6.6,9.2,122.3
2897.9,11,3,10,1.6,2,5,1.6,8.6,4.1,2.5,43.4,8.8,6.1,7.4,73.5
4746,14,7,9,3.8,2,6.7,7.6,19.1,7.9,0.9,26,14.2,3.4,14.1,119.2
2582,17,5,12,4.8,5,7,3.4,6.6,25.1,4.1,24.8,6.5,2,8.4,94.8
2026.5,22,5,8,3.6,4,1.7,5.7,7.1,18.2,0.4,9,16.4,6.2,5.5,51.2
982.6,13,6,3,3.5,0,7.5,0.5,13.5,16.6,0.5,12.1,12.3,1.3,13.1,34.2
3973.8,0,4,1,3.2,2,7.3,2.1,11.6,17.6,6.5,10.2,5.3,1.5,11.6,102.8
3725.3,12,5,4,1.4,4,10,4.4,23.9,1.2,1.5,7.4,7.4,3.8,7.7,125.3
2044.9,14,4,8,3.9,5,9.1,6.8,6.6,3.3,1.2,15.1,7.9,5.7,5.8,87.5
320.9,6,2,3,3.4,2,6.8,7.8,2.3,5.1,0.9,21.7,6.8,7.3,9.3,60.4
4227.2,14,3,10,3.6,2,7.1,0.3,13.5,7,3.6,7.7,5.4,6.9,4.8,104.8
254.8,19,7,12,4.6,4,9.5,1.5,4.6,11.9,0.9,13.8,7.7,3.8,6.7,46.7
3577.8,9,7,2,4.1,3,9.7,7.3,10.3,2.7,0.9,21.8,8.5,6.5,15.6,120.7
4857.2,13,3,7,4.1,4,8.3,8.1,4.7,1.2,0.3,-7.4,15.2,2.1,5.8,119.3
2300.8,5,5,4,4.7,2,7.7,2.4,22,2.9,1.5,29.4,11.8,4.9,7.3,70.6
1327.9,13,5,6,5,4,1.1,2.3,8.2,26.4,5.1,20.6,12,6.2,5.7,39.8
3583.4,23,2,5,3.3,2,8.3,0.9,19.4,1.7,6.3,20.7,11.4,7.4,14.9,87
4122.2,21,6,2,1.4,0,2.5,1.5,23.7,5.4,10.8,31.9,6.8,0.8,15.1,83.1
2822.9,11,6,10,2.8,3,5.6,0.1,23.5,10.9,1.3,29.3,14.6,1,4.7,68.9
4841.8,10,6,2,4.2,3,4.1,5.9,13.1,10.8,3,25.3,8.3,0.7,14.8,116.9
448,19,4,9,1.1,5,3.5,9,24.6,19.9,1.6,21.4,8.7,5.5,5.7,77
2623,21,6,11,1.2,6,3.1,1.5,16.4,7.5,1.6,17.9,11.5,5.7,8.8,74.9
3648.6,23,3,10,1.3,2,8.6,7.5,3.2,9.2,3.3,11,20,0.1,11,109.2
4340.7,18,7,2,3.9,10,7.7,5.7,22.2,10.8,3.6,6.5,7.7,6.6,9.5,145.8
1060.4,1,7,8,3,3,5.2,9.4,11.7,14.1,0,22.6,3.5,7.6,5.6,77.9
4040,21,4,8,2.5,1,6.6,8,3.8,15.3,5.7,22.7,11.2,1.2,13.5,114.4
2853,19,2,1,1.4,5,9.8,8.5,19.8,5,3.5,19.7,12.7,3.4,12.2,133.8
2103.5,0,3,1,3.9,3,4,6.4,15.6,9.6,2.6,1.9,8.3,8.5,15.3,81.2
832.2,7,7,4,2.3,2,5.5,8.1,22.1,12,3.8,-13.9,7.6,6.9,8.2,75.8
4353.4,13,3,2,2.1,2,5.3,3.5,20.7,23.1,1.5,18.7,4.9,3,9.2,117.6
954.9,8,7,12,3.6,6,9.4,2.1,8,4,3,-4,11.3,7.4,8.2,77.1
1687,1,1,1,3.2,1,3.5,9.1,6.4,34.1,1.8,21.8,17.8,8.9,4.8,78.9
1592.2,22,2,9,2.4,2,9.9,7.3,18.3,8.8,1.6,41.4,16.8,3.1,4.7,95.3
4382.8,4,2,3,3.6,5,3,0.9,14.3,9.6,0.5,22,11.2,6.8,13.1,93.9
3429,22,1,1,2.1,2,1.1,8.7,1.7,3.3,3.8,12.8,8.3,0.9,7.4,84
4024.1,7,4,2,4.2,4,1.9,3.5,4.5,10.8,4.3,5.4,11.5,0.6,9.8,95.7
1402.2,15,7,8,1.9,3,4.3,3,3.8,2.3,7.1,11.1,8.7,5.9,15.7,56.8
3199.4,21,7,5,1.6,3,6.5,6.2,14.7,23,0.3,17.6,7.4,4.9,4.2,101.7
2944.4,15,7,11,4.1,3,5.2,5.7,2.1,39.3,0.7,30.9,10.7,8.1,10.2,80.7
4197.6,12,6,7,3.8,1,3.8,5.4,5.2,17.9,2.3,19.7,15.1,7.8,10.2,83.9
4549.2,19,6,6,1.7,1,5.6,2.5,13.6,26,3.9,14.5,9.2,2.9,16,119.6
258.4,14,6,1,1.5,4,8.4,9.6,3.3,24.9,2.8,26.1,9.2,5.1,14,83.4
3435.3,0,6,6,4.4,4,8.4,9.5,6.2,17.7,1.2,35.7,8.9,7.6,4.8,118.2
448.8,21,6,11,4.1,2,7.3,0,22.7,20.5,2.6,21.8,13.2,2.7,5.9,31.3
2834.5,2,1,7,2.3,4,9.5,3.4,17.4,13.6,0.1,20.3,13.4,3.6,4.4,96.5
1580.6,5,2,4,3.6,2,5.9,0.5,7.7,18.7,2.2,-1.9,5.7,0.6,6.4,53.9
1672.5,21,4,8,1.5,2,0.1,8.5,21.9,17.4,0,1.7,9.3,1.3,6.5,49.5
1894.2,13,3,8,3,3,2.9,8.9,6.3,29,0.1,0.1,14.4,6.1,5.1,75
3182.2,3,6,7,1.1,3,3.3,5.2,14.7,12.7,2.8,15.7,8.7,5,10.3,102
1803.4,17,1,11,2.6,2,5.5,8.4,9.2,39.5,1.3,8,15.6,1.7,15.7,97.1
3717,14,7,2,1.3,2,9,7,18.8,12.2,0.1,12,12.7,0.1,13.6,101.9
2141.7,8,4,6,2.9,2,8.4,5,9.3,9.8,1.3,7.8,17,1.7,6.4,72.9
528.1,17,4,6,2.7,1,2.3,3.6,6.2,26.6,0.1,8.9,8.8,7.5,13.4,56.9
3962,2,4,12,2.8,2,5.2,2.7,15.2,12.9,0.8,-4.2,12.8,0.9,15.8,95.2
1571.6,9,1,12,1.2,3,6.6,2.6,18.6,8.6,0.3,20.6,12.9,4,14,76.9
2277.3,16,3,7,2.4,1,9.9,5.6,13.4,6.6,0.5,26.4,14.3,2.4,9.6,89.8
3490.1,6,6,6,4,3,0.3,1.7,17.9,12.3,0.4,18.8,11.4,5.5,7.2,60.4
1795.8,14,4,2,2.5,1,4.6,1.7,10.6,9.1,0.9,22.4,14.5,5.1,13,52.6
471.6,0,1,8,3.9,1,9.9,0.1,19.9,26.8,0.2,23.6,7.5,9.8,13.4,61.9
1994.8,10,7,4,2.5,3,9.8,6.1,14.6,21.1,1.5,23.1,9.8,7.7,7.6,99.3
4733.4,16,2,9,2.7,4,3.3,9.9,4.9,17,1,28.2,4,9.4,6.7,133.8
3280.3,4,7,8,3.3,7,0,8.9,22.3,54.2,3.7,32.3,8.9,5.8,12.1,95
3423.1,6,1,3,4.8,2,5.9,7.1,20.9,29.5,3.5,36.9,6.6,7.4,14.7,112.9
3235,18,1,3,1.4,3,8.7,7.9,24.1,7.8,3.5,-5.1,11.3,9,4.2,138
1155.2,23,1,8,1.1,2,3.2,4.2,14.2,33.2,1.3,23.6,13.9,0.4,15.8,41.2
2208,14,4,2,3.4,4,9.3,3,16.9,21.1,0.7,3.5,12.3,9.2,6.3,108.2
3804.5,2,1,9,4.8,1,3.3,3.7,21.6,7.8,1.1,34.9,13.1,2.1,8.2,66.2
686.6,14,2,4,5,3,6.1,0.8,1.3,5.3,2.3,18.8,10.4,7.1,4.6,44.6
1533.7,4,4,6,2.9,6,7.2,6.3,22.8,15.5,1.5,21.3,9.4,7.7,4.7,91.9
1526.3,22,7,3,2.9,1,3.5,1.7,6.8,13.6,2,19.4,5.3,1.1,7.3,43.1
2273.7,11,2,3,3.6,4,3.5,7.6,1.4,9.8,2.4,20.5,2.3,9.5,10.8,78.6
4905.8,19,5,3,3.2,3,4.7,1.9,5.9,2.8,5,37.8,4,9.3,14.8,114.9
524,4,7,11,3.5,3,8.4,2.3,14.7,8.1,5.8,32.9,7.3,6.5,4.8,55.8
2689.8,2,1,10,4.5,2,1,9.6,1.2,19.4,3.7,37.3,13.6,1.6,10.6,56.4
1061,8,6,12,4,3,6.3,1.1,0,28.7,0.1,15.7,5.1,5.7,9,65.5
4859.2,8,6,12,3,4,6.8,5,16,28,7.8,-7.5,6.7,3.4,15.9,138.9
743.9,6,4,2,2.8,1,5.6,0.6,11.3,5.6,2.4,27,8.1,9.3,6.2,39.1
2137.3,1,6,8,3.6,3,9.4,0.9,21.1,4.1,2.4,4.6,15.2,4.1,8.4,78.7
3741.8,22,7,9,2.8,4,6,6.3,6.4,3.9,0,13.7,9.8,6.9,4.4,103.1
3581.9,22,4,8,2.8,4,6.3,6.3,7,14.4,1.3,17.3,10.5,6.4,15,106.1
2229.1,20,7,10,1.1,3,6,1.9,1.9,54.1,2,18,11.6,2.7,11.5,81.9
1863.3,15,1,3,1.7,2,7.2,8.7,13.5,5.5,0.7,25.7,15.6,5.4,11.1,88.1
2108.5,8,3,7,3,4,1.4,7,9.1,26.7,0.2,6.9,10.3,4.1,4.6,78.6
1468.5,12,3,11,4.3,6,8.9,3,8.5,6.8,1.5,25.5,2.9,3.7,5.2,60.7
1185.6,18,2,10,2.1,3,0.4,2.5,11.4,3.3,1.2,15.7,10.5,8.6,13.5,49.1
2518.6,19,1,2,3.1,7,6.4,7.5,21.2,2,0.1,49.2,15.8,1.4,10.6,91.7
1489,16,6,4,2.4,3,6.2,7.3,2.6,10,1.5,-1.1,12.6,4.1,6.4,60.3
1579.8,5,1,12,1.4,2,2.1,1.5,13.1,11.2,0.2,19.5,10.9,0.1,10.6,38
3352.4,3,5,6,4.8,2,0.4,3.5,4.9,23.1,1.1,25.4,11.4,2.6,15.6,70.7
4849,0,3,11,4.4,5,1.4,2.2,5.3,64.2,0.6,13.1,2.7,6.2,5.2,116.8
3097.5,17,6,5,1.3,4,2.7,2.9,6.4,17.9,7,11.1,2.1,0.9,15.6,83.1
569.5,18,7,9,3.9,1,8.8,2.9,11.5,35.4,0.1,33.9,13.6,2.7,13.3,67.3
562.8,8,7,10,2.4,3,8.6,9.8,12.4,17.3,1.6,28.1,15.1,8.8,5.7,87.2
4766.8,12,3,4,5,1,0.6,7.5,21.8,12.6,0.3,8.4,7.5,6.9,13.8,89.8
1627,7,1,5,2.2,5,2.9,7.8,22.3,76.7,0.8,0.2,10.8,0.7,12.9,86.4
641.9,22,6,4,2,4,8.9,2.8,14.7,2.9,0.4,25.1,12.5,9.9,10.9,72.4
3075.4,12,2,8,3.3,0,2.4,0,7,15.5,10.7,21.9,16.6,9.5,13.3,76.2
3193.5,14,7,8,4.3,2,10,0.6,20.5,18.2,0.1,24.9,9.7,1.4,5.7,77.6
3312.8,10,1,3,1.8,2,2.6,5.5,19.8,10.6,1.6,16.4,13,9.2,12.7,85.5
1483.5,11,2,1,3.8,3,7.4,2.9,19.9,25.1,1.9,28.3,18,5.5,11.7,74.2
272.5,13,6,6,1.2,6,4.2,1.9,0.4,8.7,3,37.2,8.9,9.3,7.4,36.1
4832.1,3,3,2,4.7,3,1.4,0.5,18.8,3,2,36.4,10.3,9.7,12.3,93.4
1404.3,0,5,2,1.3,3,2.6,8.8,21.3,8,0.5,8.2,5.6,6.9,12.1,69.7
3444.9,23,4,3,4.7,3,6.8,6,15.1,30.7,1.8,48,5.8,2.9,6.9,103.3
3591.8,3,3,8,3,3,3.4,1.1,18.8,13,7.4,25.9,13.5,9.2,5.8,95.9
3128,18,2,3,2.8,2,6,7.7,19.4,3.6,3.8,0.9,14.8,5.7,8.3,117.3
1702,8,1,7,4.9,1,2.1,7.6,12.7,9.8,1.2,23.2,14.7,3.4,8.8,46.2
1501.3,9,7,10,5,1,4.5,2.9,20.3,28.8,1.3,20.8,5.9,4.6,13.9,62.8
3068.8,3,6,10,3.6,2,5.1,1.9,19.8,5,0.3,16.6,9.2,4.1,9.2,73.1
4357.3,19,3,9,1.5,1,4.1,8.1,22.9,4.4,1.7,15.6,11.9,9.4,12.8,124.2
4744.3,8,7,8,3,4,2,3.3,23,10.7,0.7,26.4,0.9,8.2,9.6,107.9
708.3,12,7,1,3.1,5,4.6,8.5,13.2,21.1,0.2,26.5,11.8,0.3,4.8,55.5
943.2,11,5,7,3.1,5,6.9,0.4,0.8,21.1,1.3,11,17.5,0.1,11.8,26.6
4734.7,10,6,7,3.3,2,9.6,5,0.5,6.9,0.1,11.6,14.5,0.7,14.7,112.6
3735.4,11,2,8,1.1,4,7.9,1.8,23.5,9.5,0.3,11.1,0.4,6.1,10.2,105
4438.4,17,6,10,3.8,2,1.6,6.7,8.4,12,0.5,15.9,11.6,8.1,12.4,90.3
1172.6,11,6,5,3.8,4,2.7,10,9.4,0.9,9.3,28.6,10.9,5.1,13.3,59.8
3020.4,15,1,10,1.5,4,0.8,4.1,11.7,16.6,3.3,32.4,11.1,5.3,9.6,76.9
3565.5,4,4,9,3.3,7,1.4,1,6.6,12.5,1.6,15.4,10.4,2.4,7,73.9
3464.5,19,7,9,3.3,2,2.5,3.2,14.8,25.9,0.5,31.2,8.7,4.6,14.3,94.6
2159.1,11,2,8,3.7,2,2,8.9,19.6,11.1,1.5,23.3,0.7,2.6,13.9,67.1
273.9,20,1,6,1.3,9,2.1,7.7,6.4,14.2,2.1,19.6,11.2,2.7,14.3,50.9
2998,10,7,6,3.5,4,2.3,2.3,18.6,20.3,0,40.4,12.5,3.9,13.9,61
1414.9,8,4,1,2.1,5,3,9.5,16.8,6.7,8.8,21.9,7.8,0.5,5.6,82.4
2361.2,17,1,6,3,1,1.3,6.2,13.1,5.8,2,16.4,15,9.5,9,68.7
4796.4,2,4,4,4.1,0,2.8,1.7,8.1,19.2,8.9,28,3.4,9.1,6.3,104.2
2115.4,19,4,4,3.8,4,6.9,5.7,21.8,17.2,1.3,3.2,3.1,8,5.9,96.5
4231,16,4,2,1.5,3,2.4,4.5,10.1,10,2,15.4,10.3,5.7,13.4,94.9
1105,13,1,11,3.4,1,1.7,8.2,9.4,15.7,1.2,21.1,7.3,8.1,9.8,64.4
3427.8,0,6,4,4.9,6,0.7,3.4,16,17.3,0,26.6,13.9,9.7,5.1,82.8
4889.6,16,4,5,1.6,1,5,8.7,23,13,3.8,20.9,8.3,2.8,8.9,116.8
689.1,7,6,12,4.4,0,8.4,8.1,12.7,15.4,1.2,2.5,15.4,3.6,15.9,74.5
239.9,4,7,5,3.8,1,0.6,6.7,18.1,21.4,1.3,7.4,7.1,7.3,6.5,32.3
2281.2,4,7,5,4.1,1,5.4,2.6,11.4,27.3,0.9,12.8,10.6,6.4,8.8,68.1
644.6,8,2,4,2.1,6,6.5,9.7,5.5,13.5,1.1,20.9,2.1,8.2,11.1,81.4
3792.2,2,5,1,2.2,3,5.9,5.5,3.1,15.1,2.6,2.4,9.8,3.5,6.4,97.4
4589.8,18,6,10,4.6,2,8.8,9.1,3.4,6.2,2.4,34.9,10.3,3.1,15.6,128.5
2283.3,22,7,8,2.4,7,8.7,2.2,0.5,27.8,3.3,21.8,14.8,5.9,11.6,83.2
1441.8,8,5,3,1.3,4,0.6,9.8,13.8,17.3,7.4,21.4,4,1.5,6.8,70.4
2285.1,21,4,2,3.4,2,3.6,8.2,3.3,11.8,1,15.9,8.9,0.4,9.4,70
3672.5,17,5,9,1.5,2,6.7,9.5,21.6,9.4,0.8,0.7,15.8,2.4,8.3,125.1
243.5,15,5,7,4.2,3,9.5,2.1,24.6,21.3,1.4,19.1,16.3,1.6,5.5,52.5
3029.4,0,4,9,3.6,1,8,4.3,12.4,42.7,0.3,27,6.7,0.1,7.4,88.9
3143.8,1,6,2,4.5,1,1.8,1,11.2,23.2,2.8,16.2,7.3,7.8,10.6,66.3
3260.9,13,4,9,4.1,2,2.8,1.4,8.7,6.6,1.7,30.8,3.2,5.4,5.1,69.9
1361.7,13,2,10,1.4,3,7.6,2.8,16,6.6,0.5,17.3,1.5,6.7,4.6,81
3627.5,0,3,9,2.5,3,4.7,9.5,15.2,9.6,4,26.4,8.4,1.6,10.5,102.9
638.7,15,1,11,4.1,6,5.5,6.7,8.6,9.4,1.9,16.7,7.4,2.6,9.2,53.4
1156.5,14,4,9,2.7,8,6.1,3.1,8.6,14.4,0.1,22.6,18.2,0.6,6.3,43.3
4411.9,14,4,10,4.9,2,1,9.5,16.1,18.3,0.4,28.4,11.4,10,12.6,89.5
3745.9,11,5,10,3.9,2,8.6,7.4,13.9,31.2,4.4,5,9.2,1,5.1,133.7
266,15,2,4,1.1,2,8.6,9.1,18,49.2,1,25.8,12.6,0.9,7.2,85
1392.2,13,7,10,4.5,1,4.7,9.3,23.5,7.4,8.3,30.7,14.1,6.1,5.2,64.9
1229.2,23,7,3,1.4,3,6.3,7.5,19.5,71.2,1.5,44.3,14.9,3.3,12.7,76.6
1499.9,14,5,6,1.6,1,6.6,2.4,7.6,17.9,0.5,18.9,11,8.9,11.6,76.3
1388.3,22,6,3,3.9,4,1.9,10,19,2.3,1.8,-7.2,9.9,8.3,6.3,55.2
500.1,14,4,11,4.5,4,1.1,3.3,11.3,13.4,0.2,-3.4,10.6,8.7,10.7,23.8
2402.9,18,4,9,3.1,4,0.2,6.7,19.4,15.8,3.3,7.4,9.8,7.4,12.4,72.9
3717.1,7,5,3,2.2,2,9.1,8.4,22.2,3.8,2,33.4,7.9,1.3,4.4,130.1
3112.3,1,4,2,2.4,1,3.5,1.8,6.2,7,6.6,44.4,14.2,0.6,12,73.4
3429.8,1,6,8,2.4,2,0.9,6.1,6,32,2.3,13.1,9.2,0.6,7.7,73.4
589.5,9,3,6,2.3,2,4.7,3.8,10.8,8.2,0.1,18.6,5.9,8,5.6,51.4
4767.2,2,1,8,2,5,0.8,2.4,1.3,53.1,1.3,-13,10.1,6.6,13.9,120.5
4224.8,22,1,7,3.4,3,0.9,0.1,17.1,7,1.5,25.8,12.9,9.8,11.3,77.5
4064.4,16,1,3,4.6,2,4.9,8.7,18.7,58.5,5,19.6,4.2,6.4,10.6,130.7
4150.3,7,3,8,2.2,6,5.1,1.4,8.6,13.5,1.1,15,8.9,2.5,14,91.1
4677,22,4,10,1.7,4,5.8,8.8,11.6,9.6,1.8,6.4,6.8,0.9,7.2,127.4
2812.4,3,5,1,4.4,4,6.6,6,14.8,33.7,0.4,13.8,18.7,3.7,4.2,104.5
1161.4,13,7,1,4,2,6.7,6.2,1.8,3.9,0.6,1.9,10.4,2,15.4,48.7
3160.6,20,2,10,4.7,1,4.3,8.3,17.8,15.4,1.6,7.7,16.2,6.3,7.2,86.6
3765.8,9,4,8,1.7,2,6.4,5.1,13.2,8.9,2.4,2.8,11,1,11.6,103
3742,0,3,9,1.6,5,3,3.6,15.6,19.2,1.1,5.8,11.3,7.7,15.7,107
2703,3,6,10,3.2,3,4.4,1.4,18.1,24.7,1.1,4.1,9.8,7,6.8,70.4
528.6,0,3,6,3.5,4,3.9,5.7,16.9,25.9,0.6,24.9,9.1,7.4,15.9,67.8
1981.3,16,7,5,2.9,1,3.3,5.5,2.4,22.7,2.4,4.2,9.7,9.7,10.5,65.4
4619.7,16,1,2,3.4,4,2.4,2.9,19.6,7.1,0,17.4,7.4,6.5,15.5,89.2
3005.4,6,4,11,1.7,5,0.8,6,15.3,9.7,1.4,4.9,10,7.9,5,79.3
2784,22,7,9,2.9,3,5.1,4.4,17.9,19.2,0,5.4,3.5,0.9,10.4,64.8
1490.5,19,1,6,3.6,1,5.4,8.1,6.5,19.3,1.8,4.9,10.7,9.4,15.3,79.1
1968.6,14,2,8,2.7,3,3.4,5.6,5.5,50.6,0.1,29.7,5.2,2.2,5.9,76.9
4497.7,12,6,9,3.7,2,9.8,9.3,20.7,4.5,5.6,15.8,10.4,4.9,7.3,136.4
3399,1,1,9,2.8,5,5.6,5.2,9.8,39.6,1.3,9,11.3,9.6,6.5,119.8
3979.5,18,2,8,2.3,3,8.9,8.9,14.4,6.6,2.3,6,15.7,1.8,15.6,125.3
2380.9,23,3,12,2.2,2,5.7,5.2,13.8,12,3.8,1.9,11.3,0.4,7.2,72.4
3225.2,12,1,10,2.6,3,1.9,5.6,14.6,27.9,0.5,9.4,8.9,3,5.5,83.2
1392.2,23,1,8,1.1,1,9.7,3.7,1.7,7.6,1.6,0.8,7.5,1.6,13.6,67.2
3586.2,10,5,3,3.7,1,8.9,4,7.6,20.2,4,12.8,12.9,6.7,10.2,106.7
2252.5,21,6,3,4.4,4,4.7,9.3,1.7,22.1,1.5,9.5,9.6,2.8,11.1,68.2
2324.2,14,6,2,2.4,5,2.4,2.2,12,18.1,1,8.6,7,0.6,11.3,61.3
3316.7,9,7,1,1.2,1,2.2,1.2,22.6,31.2,0.9,32.9,10.6,8.9,11.4,105.7
4694.1,8,3,4,4.9,3,8.1,8.3,9.7,54.8,1,15.1,2.6,0.5,9.5,138
507.2,8,5,2,2.1,3,0.7,5.8,19.6,29.3,1.9,15.8,10.3,2.7,15.7,40
4158.8,19,7,2,1.5,2,6.4,2.8,7.2,3.6,0.1,33.4,6.9,2.4,6.1,98.6
1603.4,0,2,11,2.5,2,6.4,4.3,21.4,12.3,1.1,1.7,8.7,0.2,15.5,60.6
2330.8,16,7,11,4,4,1.8,5.2,10.5,12.8,1.6,12.2,18,1.7,7.5,40.4
305.2,11,2,5,2.2,4,7,5.9,8.9,25.5,3.1,-0.6,8.1,8.1,6.3,72.5
1645,9,3,4,3.3,1,7.1,8.2,17.4,1.4,1.5,18.8,13.2,0.4,11.5,78.4
2612.6,4,6,1,2.7,2,3.5,3.9,12.8,1.5,5.2,25.3,14.2,0.2,14.7,64.1
469.6,17,2,9,1.5,3,4.8,6.8,8.4,39.6,1.2,-11.1,13.4,6.3,8.4,88.5
2557.3,14,3,4,2.3,0,8.3,8.3,1.5,9.1,2.1,28.3,11.5,0.9,4.9,80.9
4650.1,5,7,5,3.9,1,5.2,8.4,4.2,6.4,0,21.7,5.6,3.7,10.4,96.4
705.9,6,2,7,3.4,7,6.2,2.5,19.3,11.5,0.5,18.4,7.4,0,15.8,50.5
3869.3,16,4,2,1.5,3,4.1,3.5,23,6.7,3.4,3.1,5.3,3.6,8.7,106.1
2166.4,5,1,8,1.7,2,1.5,5.9,4.2,13.4,1.8,27.3,8.6,3.2,4.2,68.1
3344.8,7,7,11,3.6,7,10,8.9,14.2,12.7,5.8,38.2,8.6,6.1,10,126.1
1449.1,11,6,2,4.3,4,5.3,7.9,0.9,12.5,2.8,13.1,6.3,5,8.6,63.8
965.6,20,7,11,2.4,1,3.4,5.8,7.3,1.8,1.2,14.2,12.2,6.8,4.8,58.8
970.2,13,4,10,3.4,3,7.1,9.8,11.2,25.1,3,18.3,8,9.4,14.5,87.8
538.4,11,3,5,1.7,2,6.2,4.4,18.4,27.2,1.3,13.2,8.5,8,11.4,72.8
1091.1,22,3,12,2.2,3,2.3,8.4,1.1,12.2,0.8,15.9,3.7,9.3,5.9,66.8
3388.3,9,7,2,1.1,11,8.8,8.2,19.5,16.1,0.1,30.3,10.3,0.5,15.1,133.5
4432.1,21,4,2,4.1,4,0.7,9.1,5.1,14.3,4,17.2,9.6,9.9,10.9,125.1
4107.8,19,7,4,2.6,1,6.1,9.9,19,43.4,1.1,21.5,7.6,3.2,12.3,127.9
3488.6,14,1,4,4.3,2,4.8,5,15.6,8.5,2.3,42.4,11.5,2.8,11,86.9
730.1,6,1,8,3.8,3,3.2,2,8.5,13.1,0.3,35.6,10.5,4,15.7,19.1
1588.1,8,5,6,4.3,2,8.3,4.6,18.1,62.6,3.5,5.4,12.4,7.8,14.7,96.4
1687.1,9,2,10,2.1,2,6.6,8.5,5.9,11,3.5,38.9,12.5,9.5,4.2,103.9
1399.8,9,5,8,1.7,2,7.6,8.4,5.5,2.9,1.3,34.5,12.9,5.5,4.2,80.4
2672,15,1,7,4.9,2,4.1,3.4,1.5,12.7,2.2,35.9,16.7,1.5,9.9,60.7
2770.7,6,4,10,3.9,2,9.4,0.5,9.8,39.1,1.5,10.5,10.5,2.1,7.8,82.7
1913.1,4,2,4,4.3,7,3.4,5.1,2.4,27.5,1.6,20.5,6.2,4.1,10.5,60.3
1898.2,22,4,2,1.1,3,5.3,4.7,10.5,11.6,4.4,13.3,8.3,3.7,8.1,80.4
4177.1,2,5,9,2.4,0,9.3,0.9,0.2,23.6,6.8,19.5,8.4,2.4,14.5,100.9
3988.6,17,3,2,4,5,0.8,7.9,3.9,44.4,0.9,39,6.3,8.5,6,115.6
1677.4,10,4,1,1.3,2,1.1,2.8,23.3,7.2,0.8,19.7,0.1,2.8,4.7,53.7
4586.2,14,5,8,3.3,4,9.9,6.5,19.9,9.7,0.7,-2.6,10.9,5.9,8.1,127.2
4773.5,20,5,10,2.7,2,9.7,1,5.9,7.1,2.9,13.5,10.1,4.8,5.7,111.8
1768.4,19,5,9,1.1,3,7.7,8.6,18,24.2,2.6,10.1,17.7,9.2,11.1,99.2
1901.2,4,3,1,1.9,3,4.8,7.4,16.7,31.8,0.1,39.5,17.4,6.3,9.7,92.4
2627,23,3,7,2.1,8,5.1,3.9,4.4,26.5,0.2,8.2,12.7,3.3,12.5,84.4
4717.4,11,7,2,1.4,5,2.6,6.3,9.3,15.1,2.1,13.1,12.3,6.4,4.9,112.9
4406.3,3,3,6,3.5,7,4.3,1.9,22.8,34.2,0.6,13.5,6.7,3.2,13.1,103.9
692.3,14,2,11,2,3,4.3,9.9,18.5,12.8,0.2,37.2,10.8,0.9,7.3,66.5
2085.1,8,3,5,2.1,2,0.4,8,19,26.8,1.1,29.5,9.5,4.9,12.1,70.9
2856.2,6,3,1,4.6,4,4.5,7.9,14.1,9.6,4.2,24.8,10.6,8.6,7.5,98
2615,9,3,2,2.9,4,4.8,1.5,16.6,8.9,0.9,20.8,6.9,9.1,14,101.4
1130.5,22,4,2,2.6,3,6.7,0.2,12.7,1.9,2.4,20.6,11.7,5.4,14,54.1
4322.3,12,3,10,3.9,3,5.2,5.9,18.5,17.4,4.6,18.9,4.5,7,7.7,123.2
3449.3,7,2,10,4.6,0,8.6,1.4,18.3,16.6,0.4,42.7,20,6.1,14.9,96.4
4222,11,5,6,1.1,3,3.7,7.8,0.8,5.2,1.9,2.8,15.8,8.1,7.9,112.1
4322.1,21,4,11,2.8,1,4.1,4.2,15.8,3.1,4.8,-15.2,15.3,1,14.7,83.7
3792.1,23,1,12,3.4,1,5.7,3.4,15.7,10.3,0.4,23.3,4.9,4,6.3,92.3
2308.2,18,3,1,2.3,3,2,0.7,1.7,13.5,9,34.8,3.5,2.5,7.5,76.2
3130.6,0,7,11,4.1,2,3.9,10,10.3,15.1,0.9,20.2,11.1,0.1,14.6,82.2
969.8,15,7,4,4.9,3,6.9,9.6,22.5,13.1,0.5,-5.8,8.8,8.3,5,78.6
3433.5,21,5,12,4.8,3,4.1,1.3,23.8,21.8,3.6,26.9,17.4,1.3,12.4,79
1060.4,16,5,10,2.1,1,9.1,3.3,19.6,10.4,1.3,5.2,12.5,3.2,12.2,58.2
3531,17,4,11,1.9,3,6.2,3.9,3.8,19.5,2.2,2.6,9.8,8.7,15.7,103.6
1302.1,10,7,5,4.8,3,1.5,3,9.4,7.2,1.3,6.3,15.9,7.2,15.7,25.3
764.2,17,1,2,2.8,4,4.9,9.3,4.6,14.9,2.1,-1.3,10.7,5.7,9.8,77.7
993.4,6,6,2,1.8,1,7.6,7.2,16.3,15.7,0.1,20.4,10.9,3.1,11.9,69.7
209.6,17,7,7,3.8,1,6.4,9.6,19.3,11.5,0.9,10.2,14.2,5.2,5.9,73.4
3650,7,7,7,2.1,2,8.9,8.7,22.1,15.2,2.1,2,7.3,0.6,6.7,137.1
3715.5,5,2,6,2.1,2,7.5,7.5,21.5,2.9,0.9,46.6,14.1,7.3,10.7,120.4
2671.7,6,6,1,4.5,2,0.6,7,2.5,11.6,3,11.6,12.3,2.4,6.9,66.5
974.5,22,5,12,1.6,3,1.1,8.7,3.1,1,6.5,18.6,6.3,4.8,6.6,50.1
601.1,21,6,12,1.3,0,6.5,6.8,22.7,5.2,0.1,36.6,17.8,0.9,4.3,60
291.8,9,7,3,2.1,6,2.4,1.9,21.1,12.4,3.9,26.1,8.2,7.1,4.9,47
995.6,10,5,9,3.4,2,5.9,6.5,11.5,14.3,0.4,40.9,3.5,9,12.5,65.6
4476.1,12,6,10,1.5,5,7.9,5.2,10.8,9.8,5,9.6,6.9,4.6,4.2,125.1
1359.4,8,5,1,2.9,0,5.8,9.8,13.8,7.2,5.9,30.6,5.9,0.8,14.7,83.1
1900.5,6,5,2,3.5,2,4.2,5.1,14.9,27.7,1.7,23.9,10.8,9.5,4.9,81.4
705.7,8,4,8,4.4,5,6.5,0.4,6.4,10.1,1.3,29.9,16.5,4.5,5.9,40.2
1267.3,12,1,7,1.9,4,1.4,2.6,10.1,45.1,2.8,28.1,11,0.8,8.1,40.8
2692.3,2,5,9,4.3,2,7.2,9.2,15.5,21.8,5,8.7,16.3,1.9,12.7,87.1
3117.2,2,2,10,1.9,2,7,9.6,5.2,27.5,0.5,51.9,14.3,1.2,12.4,107.5
1377.7,0,7,12,3.7,3,5.1,7.3,25,6.3,1,-9.1,0.1,2,7,52.4
477.1,20,7,12,2.7,1,2.8,0.6,7.1,15.8,1.1,7.6,13.6,1.6,7.9,41.9
2077,19,2,4,1.5,3,8,0.2,13.8,4.9,3.7,26.2,7.7,9.2,13.9,81.7
1324.2,1,3,4,3.9,6,5.1,4.8,13.9,10.5,0.3,21.5,12.1,2.1,10,42.8
1253.9,2,5,7,1.9,2,0.6,10,11.3,6.1,2,19.6,9.8,4.4,9.5,54.7
4807.3,14,5,1,1.7,3,9.2,8.7,6,19.5,0.9,26.6,20,7.3,11.6,149.9
3158.2,23,5,10,2.4,1,7.7,9.3,14.1,10.9,4.3,7.9,11.7,6.8,9.5,110.5
2873,5,6,12,3.6,0,5.8,6.2,2.3,8,0.8,28.1,12.3,9.6,9.2,86.3
2195.7,12,5,9,1.9,2,4.4,8.6,9.7,15.7,7.6,16.4,14.3,9.7,13.6,92.6
2258.9,20,5,2,1.7,3,9.6,3.2,5.6,9.3,0,34.8,4,5.7,15.2,107.6
2796.3,0,2,1,1,6,7.8,0.3,3.1,49.7,0.5,14.3,14.3,7.5,10.6,88.5
3542.9,19,1,7,2.9,1,5.3,9.2,23.1,7.8,1.2,23.6,9.1,3.9,7.5,114.6
3570.3,18,1,6,2.7,2,6.5,2.2,17.5,3.4,0.6,25.6,7.2,4.3,15.4,104.1
1024.1,0,3,12,1.9,4,2.8,7.3,4.2,14.4,2.7,28.9,13.3,1,12.4,49
2600.5,20,2,3,1.2,3,2,6.6,23.7,10.9,3.4,18.4,4,6.7,11.9,97
2177.4,21,5,1,2.7,6,2.7,1.6,5.4,11.7,2.4,14.6,13.8,2.7,11.3,62.4
4378.5,1,1,12,4.2,2,2.9,2,5.9,6.2,7,8.7,9.4,0.8,12.9,96.4
3230.8,14,4,5,3.9,4,7.4,3.3,3.3,10.7,1.2,23.8,9.6,1,13.3,82
2756,13,4,10,4.4,6,1.4,7.6,18.2,11.8,7.8,-4.8,1,7.2,13.5,89.6
753.9,18,4,4,1,2,7.8,0.4,14.3,29.3,0.3,21.7,13.6,2.3,15.7,64
3107.1,10,5,5,4.9,3,5.2,4.1,1.5,28.3,3.7,22.6,11,7.7,8.9,92.2
762.6,14,5,1,2.4,1,3.8,6.7,0.6,5.5,0.1,40.5,8.1,9.1,6.9,52.9
1818.6,5,3,1,5,6,3,1.7,13.3,40.3,1.5,10.1,6.3,3.4,8.7,59.5
885.6,19,7,5,2,4,5.1,1.2,16.3,23.7,1.3,20.3,13.1,7.9,13.2,60.4
3522,8,3,6,2.9,2,3.2,3.9,20.6,30.5,3.9,19.9,11.4,4.3,10.5,103.9
1190,4,3,5,2.4,4,4.3,2.9,12,27,2.4,4.7,10,7.7,14.4,62.9
2080.9,19,6,2,2.4,4,7.4,6.5,16.9,6.3,1.2,17.9,6,3.1,6.8,91.3
4499.2,1,4,9,4.4,2,6.3,9.7,18.3,15.5,4.5,1.9,11.2,9.3,12.8,131.2
1180.7,5,5,5,4,5,7.5,0,15.3,22.7,4.3,29.6,11,9.9,7,57.7
2637.5,17,4,11,5,2,7.1,9,8.8,29.5,0.1,25.1,15.3,3.9,13.6,104.1
2212.5,22,3,11,3.5,2,8.2,4.3,3.3,9,4.1,23.2,5.2,2,9.3,89
287,18,5,5,2.9,3,2,6.6,16.2,1.9,1.5,10.4,7.1,6.9,15.9,47.4
4005.2,8,2,10,1.4,4,10,8.5,19.2,9.3,3.7,35,17.8,5.8,12,134.4
531.4,20,1,9,5,2,4.8,5.7,4.7,33.1,0.4,5,10.8,9.9,12.9,62
2476.4,23,1,3,3.2,3,7.2,1,12.4,7.6,0.3,18.6,11,8.1,4.5,75.9
2891.3,5,3,5,3.8,5,6.8,1.4,9.9,12.3,2.6,4,13.9,8.4,12.4,79.5
3216.4,13,7,12,2.6,4,5.7,7.9,5.1,6,0.6,15.8,17.2,7.3,9,88.7
3505.4,23,4,5,3.2,2,10,2.3,6.1,20.3,1.6,33.3,5.4,3.5,7.9,105.1
1415.7,12,2,2,4.8,4,2.2,5.7,5.9,5.7,2.3,23.7,18.7,9.4,13.5,58.8
247.9,10,5,11,1.7,2,4.2,4.3,10.5,28.2,1.9,6.9,9.8,4.7,6.7,41.8
3672.5,11,7,4,2.2,3,1.3,3,9.8,3.5,2.4,11.7,11.1,4,6.2,65.8
2771.2,18,4,11,1.6,2,1.8,7.9,13.9,12.8,1.9,13.4,10.2,1.9,8.3,81
4213.4,18,3,11,4.2,2,7.1,7.3,2.3,6,1,8,16,3,11.6,121.4
4142.7,20,4,2,1.2,4,0,6.5,14.5,29.2,0.2,21.3,13.8,0,7.1,100.5
4248,18,3,5,1.3,0,8.9,3.7,0.5,11.2,3.9,44.2,9.4,6.6,10.7,120.8
2528.5,23,6,10,2.2,1,6.3,2.3,6.4,12.8,3.7,11.3,5.5,6.1,8.6,74
1801.4,12,1,12,3.1,6,4.4,5.2,12.6,15.6,0,41.2,9,4,8.8,76.6
3999.5,13,7,2,2.6,3,3.3,8.2,17.2,28.2,3.7,18,4.7,9.7,6.4,112.9
2366.2,23,1,10,1.2,4,1.3,5.8,19.3,8.9,0.3,21.9,13.6,6.9,7.9,69.1
1080.5,17,4,9,4.8,6,9.2,9.7,0.9,25,0.8,21.1,7.3,2.4,7.3,91.9
4303.9,11,2,10,4.8,4,7.1,0.2,13.4,15.5,1.1,-2.4,9.6,3.8,6.9,93.2
4436.3,3,5,6,2.1,3,3.4,10,8.9,25.7,2.3,23.5,14.7,5.2,5,116
2438.3,9,3,8,3.9,2,0.7,6.9,17.4,19.7,0.2,-11.2,13.2,5.5,9.2,62.5
563.4,16,5,9,3.3,6,3.3,8.3,7.1,21.3,3.5,20.5,11.5,2.8,6.9,58.7
2061.6,3,1,8,1.9,8,1.8,3.3,18.6,16.7,5.7,20,6.8,2.5,15.5,54.2
4057,11,2,5,2,5,7.9,5.1,15.1,5.8,6.1,-0.4,11.9,3,11.2,125.2
4528.5,12,2,5,3,2,7.2,8,19.7,7.8,0.2,18.8,6.8,9.6,9.5,134.9
1176.7,3,5,6,2.7,1,5,7.6,24.6,10.2,5,14.5,12,3.6,8.1,70.7
521.5,9,1,1,2.2,6,8.9,3.3,22.7,30.6,1.7,16.2,4.8,3.7,9.5,86.5
4411.3,2,5,11,4.2,3,1.8,3.2,14.8,4.9,2.6,16.3,14.8,7.2,8.1,94
2069.1,14,4,8,2.9,1,4.5,6.6,22.3,16.2,5.3,10.9,10.8,1.6,14.3,74.9
2800.5,1,2,2,3.6,2,7.1,9.3,3.8,26.3,2.2,18.9,9.9,6.4,7.1,121.4
4846.7,16,2,6,1.8,1,0.7,4.4,1.1,5.7,1.2,28.4,11.6,6.7,7.4,98
519.5,5,4,9,3.1,5,3.7,3.5,13.3,13.4,1.5,15.1,9.5,0.6,12.5,40.2
3311.9,7,1,3,2.3,3,5.7,8.9,24.4,17.7,2.3,17.4,10.3,1.9,14.8,108.6
555.7,2,2,2,3.1,2,3.7,6.8,17.7,21.8,5.8,25.8,15.2,4.7,12.2,55.5
2002.3,17,7,10,4.1,4,4.8,3.9,7.6,11.4,4.4,45.2,14.2,8.4,5,75.5
4058.3,21,6,5,4.1,5,6.1,0.6,16.7,18,1.7,15.7,12.9,7.3,14.8,92.3
2280.7,0,6,11,2.4,3,3.7,7.2,1,1.9,0.5,-2.4,11,8.7,13.2,74.1
4986.5,15,6,9,3.8,2,1.1,3.5,11.8,21.1,0.9,7.2,8.7,8.5,6.9,94.5
2883.5,6,3,6,4.8,6,1.4,0.7,5.9,19.6,0.9,25.2,14.3,5.1,4.8,57.6
1741.6,2,7,8,3.5,0,5.3,6.1,1.2,5.4,0.7,36.2,6.4,6.2,12.6,63.1
1256.5,22,3,8,1.6,2,1.7,3.2,6.2,11.3,2.7,6.7,17.1,9.2,6.8,36.8
1882.5,3,1,7,3.7,6,8.9,3.4,18.1,6.5,3.6,17.5,12.8,7.4,10.3,89.6
1988.2,8,4,5,1.4,3,8.3,4.8,13.8,0.6,0.8,18.2,14.7,3.6,5.1,99.8
529.8,4,5,2,4.5,4,3.5,7.2,0.6,2.9,3.7,8.8,11.9,3.5,10.8,37.5
1974,18,7,10,3.1,1,8.3,2.8,10.2,3.3,2.7,36.4,9.5,3.7,4.3,83.8
2428.3,14,1,10,2.5,4,5.3,0.8,18.8,12.4,1.2,32,13.8,5,10.4,68.9
3669.1,7,5,5,1.2,2,1.6,4.2,23.9,6.7,2.4,22.1,4.4,3.6,14,86.8
3352.3,5,1,12,2.5,1,6.1,0.5,21.9,6.5,2.9,13,7.6,1.9,11,88.4
3602.1,17,3,7,4.6,2,6.8,7,0,19.8,1.6,29.5,9.2,5.9,14.6,121.3
240.1,18,6,12,1.1,3,0.8,9.6,5.5,10.2,1.2,24.2,4.5,8.7,10.6,56.2
1244.8,23,4,12,2.9,3,3.1,6.6,5.2,54,0.2,12.8,12.5,4.9,12.2,64.9
3376.1,14,3,7,4.7,3,0.1,2.8,10.3,22.5,0,29.7,15.1,2.2,8.4,44
2523.1,6,4,11,2.6,4,3.2,1.8,16.1,4.6,5.5,22.4,3.2,8.1,7.6,74
225.5,9,7,2,2.7,3,3.4,2.3,3.8,12,0.6,-1.9,8.3,7.6,8,45.1
4061.6,5,5,7,3.3,4,6.3,2.2,22.9,5.8,2.2,6.1,9.3,7,5.2,114.5
3909.5,13,1,6,2.9,3,2,3.1,19.4,14.7,5.7,2,11.3,6.7,7.1,103
2832.4,16,2,7,1.7,1,0.3,1,10.5,32.4,3.4,30.4,13.4,7.8,8.6,64.5
519,8,2,11,1.1,1,3.2,9,14.6,27,0.3,9.6,8.9,8.3,8.1,77.8
3879.3,18,4,8,3.4,1,8.3,8.9,13.5,7.4,3.2,25.5,13.8,9,9.9,126.9
3001.8,4,6,4,4.7,4,4,6.2,14.6,3,2.6,44.1,10.4,6.1,9.9,77.9
3953.4,22,6,1,1.4,3,4.2,0.6,21.5,16.4,0.8,27.5,7.6,3.9,12.8,92.2
3808.4,6,4,8,1.8,7,4.7,8,5,17.7,2.3,13,10.9,0.9,8.7,101
4054.4,18,3,8,2.5,7,7.5,0.6,17.1,39.5,3.5,9.1,4.9,7.2,12.1,126.9
2686.4,19,2,3,4.2,4,4.8,1.1,2.7,15,0.7,14.3,9,1.4,14.7,70.2
873.6,6,3,3,2.1,4,0.9,3.3,11.5,38.1,4.1,5.7,9.3,8.7,9.5,60.7
3421.6,23,5,5,4.5,3,2.1,4.3,15.9,11.7,0.2,4.3,7.6,4.1,10.6,71.8
3178.3,1,2,3,1.2,10,1.9,3.5,0.3,46.5,1.5,8.3,20,8.8,12.1,94.4
3762.8,22,5,5,4.8,3,5.1,1.7,2.7,49.8,0.5,24.4,15.2,5.2,9.9,79.3
1015.4,15,1,8,3.2,4,0.3,1.1,2.3,17.1,2.6,11.7,10.8,4.5,6,30.6
1135.9,12,3,1,3.6,2,2.8,8.6,9.4,26.4,0.4,15.3,11.7,3.6,7.5,60
4474,7,4,2,2.5,5,6.1,3.6,15.6,16.4,0.8,23.6,12.1,0.6,4.3,119.6
3799.9,5,2,2,4.1,2,3.5,2.2,24.9,20.7,0.3,26.7,12.5,0.1,12.2,78
4559.5,5,3,12,1.7,3,7.1,4.9,6.4,17.4,3.3,-5.2,16.2,5.1,7.4,120.6
3841.8,8,4,4,1.2,2,3.9,0.4,3.4,4.5,0.3,-2.7,13.7,9,13.9,85.2
3066.3,3,1,9,2.6,3,9.8,6,10.4,5.4,2.6,13.4,2.1,5.9,11.9,107.6
3339.8,10,2,2,4.4,4,9.7,2.5,3.6,8.2,2.5,4.6,13.3,8.6,12.8,95.8
4467.8,4,5,12,4,2,8,6,0.6,19.3,0.3,28.3,6.7,10,14.6,132.3
2978.3,16,1,11,3.1,5,9.5,6.1,14.1,24.4,1.7,12.4,7.8,1.8,9.1,112.4
3235.5,19,6,12,3.3,3,2,8.1,22,20.2,1.4,39.6,13.9,6.6,6.3,100.5
951.1,6,4,9,1.5,3,7.5,2.3,21.5,34.3,1.8,12.1,2.5,4.2,15.2,71
2474.8,14,2,7,4.4,4,3.2,4.6,2.5,20.7,5.5,21.7,16.9,2.1,15.9,59.6
3638.7,14,2,10,4.1,4,7.3,9.6,3.7,2.3,0.2,10,13.3,2.4,6.6,111.8
1500.5,13,7,8,3.6,4,3.7,7.3,12.3,57,3.4,23.9,11.3,2.4,12.9,71.9
1170.8,12,7,1,2.9,0,2.9,9.8,9.2,7.8,4,24.1,13.3,7.3,4.9,66.8
1706.4,10,1,5,4.9,2,9.6,9.3,17.6,14.4,0.3,28.7,14.6,3.6,4.3,95.9
1359.2,12,2,9,4.5,6,2.1,6.1,12.4,33.4,2.1,16.4,10.9,2.6,12.1,53.5
1231.6,21,4,12,3.6,2,7.6,2.6,0.5,14.6,2.4,33.2,13.1,8.9,7.1,77
2239.3,23,1,4,2.5,4,6.7,7.6,7.1,25.2,1.6,21.6,6.1,0.3,14.4,82.8
4557.6,8,5,2,3.5,3,3,7,22.5,39.9,1.4,10.3,13.2,7.4,10.2,143
2633.9,9,1,6,3.3,4,4.6,5.9,12.8,31.5,0.8,10.4,12.4,9.6,13.4,99
1102,3,1,2,2.6,3,1.4,7,19.9,17.4,2.3,26.7,15.8,6.3,5.2,55.6
569.5,16,5,3,2.2,2,9.2,6.1,10.1,3.8,0.7,33.2,10.7,5.5,14.5,55.5
3541.5,13,6,8,2.6,2,9.7,5.2,16.9,12.7,1.2,4.5,11.2,0.6,6.3,109.1
2037.4,23,7,3,3.3,1,7.3,4.2,4.2,12.4,3.9,27,6.3,5,10.8,70.1
4144.8,17,4,2,2.7,3,8.5,0.4,18.4,35.7,0.2,0.2,10,3.6,11.3,122
3365.7,10,6,6,2.1,1,0.8,8.7,19.7,15.7,1.5,10.6,12.4,7.8,4.8,89
4022,15,6,3,4,6,3.8,8.7,2.3,20.9,1.3,23.9,12.8,8.1,15.7,102.4
1505.3,0,6,1,3.1,1,3.3,5.9,4.6,1.1,1,7.8,16.9,1.7,7.6,51.4
3523.3,6,7,12,1.3,0,5.6,2.7,11.6,30.8,1.8,35.6,11.8,5.2,12.6,100.9
1467.5,9,3,3,2.5,4,1.8,0.3,15.9,29,0,25.3,9.6,8.6,11.6,54.3
4707.5,8,7,6,4.5,1,5.6,0,15.9,7.5,1.4,3.8,12.2,6.2,4.4,90.5
3254.6,2,6,3,4,4,6.5,0.7,16.7,24.1,1.3,25.9,7.8,4.8,14.3,85.7
1757.7,21,3,9,2.3,1,1.3,3.6,17.9,7.6,1.5,2.2,15.3,9,7.7,51.5
1493.7,22,5,7,4.8,3,1.3,1.9,12.6,21.7,0.5,18,7.2,9.7,7,51.7
1116.4,13,7,5,1.3,3,0.4,2.7,14.4,26.6,0.5,28.5,8.4,2.4,4.7,36.5
3534.3,14,4,2,4.8,2,7.6,7,0.2,20,2.1,26.5,5.7,1.8,7,108.5
1249.8,1,6,9,2,4,3.3,9.6,4.2,37.7,0.2,17,10.3,8.6,11.4,80.5
3057.5,23,2,5,1,5,2.3,2.1,12.5,17.1,0.7,13.9,12.6,2.4,6.4,63.7
1470.2,13,5,7,2.7,1,7.8,4.7,18.6,7.4,3.6,4.1,16.6,8.5,9.6,85.6
3377.5,15,3,9,2.4,3,1.4,9.9,20.2,17.3,0.2,20.2,9.8,3,13.6,89.9
4111.7,6,7,4,3.2,6,4.3,9.3,18.2,8.1,1.3,27.7,9.1,0.2,15.5,88.9
3934.5,3,4,9,4.2,1,7.4,3.5,12.2,18.4,2.2,42.8,0.1,4.2,12.4,110.8
3852.1,17,1,1,4.4,3,5.7,3.2,7,0.1,0.3,12.5,10.9,0.4,6.3,97.8
1101.1,23,4,12,2.6,1,5.5,2.4,11.1,9.6,0.7,28.2,10.1,2.1,8.6,48.3
624.2,4,4,6,2.7,3,1.6,1.6,0.2,17.5,1.6,27.2,10.1,4.8,10.6,35.4
3555,5,6,2,1.6,4,1.8,4.6,14.9,9.4,0.8,12.3,16,0.4,14.5,71.7
1968.1,6,6,8,1.2,4,5.8,3.4,1.9,13.3,0.2,26.7,12.2,0.3,10.6,58.2
2275.3,14,7,5,3.6,3,0.2,7.4,3.6,8.4,0.5,8.2,8.3,1.6,9.9,60.4
349.5,0,7,3,1.3,3,8.7,2.4,15.6,16.7,0.2,21.1,6.4,4.6,7.1,58.6
1446,23,3,2,3.9,3,3.5,7.4,0.3,14,8.2,15.5,5.4,9.7,10,84.9
361.6,3,7,8,3.2,1,4.2,2.9,14.3,7.4,0.5,23.3,8.2,0.9,7.8,28.3
4420.1,0,3,7,1.8,2,2.6,5.9,16,4.5,1.5,24.3,11.5,6.2,10.8,92.2
1368.3,10,6,9,3.2,4,8.8,6.4,19.7,6.4,1.1,11.7,1.6,5,13.7,81.2
2875.2,17,6,8,1.7,2,6.4,6.7,1.7,10.6,1.7,17.9,9.5,0.6,15.3,91
387.1,13,2,11,2.8,5,4.5,1.8,0.1,2.1,1.4,16.5,13.2,0.3,13.7,28.1
3400.9,21,2,4,4.2,0,5.9,2.8,19.2,23.5,2.6,4.9,5.9,2.2,13.9,92.9
1750.5,10,5,2,2.8,3,3.8,2.5,7.3,41,4.1,13.6,9.3,6.8,8.3,83.8
4510,9,6,2,1.6,2,4.7,5.8,22.2,38,0.7,11.1,6,9.6,12.3,138.6
4463,16,1,2,3.9,5,3.6,0.8,4.6,12,0.4,4.5,0.1,5.6,8.7,89.6
1761.4,3,2,11,1.7,6,4.1,5.2,14.6,20.2,8.3,8.4,6.8,0.5,4.3,78.5
4524.6,23,3,12,4,3,3.1,0.9,2.7,6.6,4,14.9,5.7,2.6,14.6,86.8
4981.6,14,4,6,2.9,1,0.8,3.4,10.1,2.6,0.9,18.7,13.1,9.4,4.6,89.2
4162,15,7,7,2.8,4,0.4,6.9,22.1,6.7,4.5,3.1,11.9,0.1,5.4,78.7
4255.4,20,7,12,4.4,1,1.7,4.1,15.2,9.7,2.2,32.4,5.8,6,4.2,98.5
1395.2,12,5,6,3.8,4,2.5,2.8,17.2,15.5,1.2,25.4,15.2,1.8,4.8,42.3
2968.2,8,2,2,1.1,1,8.9,6.2,5.6,17.4,4.1,17,12.9,0.7,4.7,113.7
522.8,10,4,4,2.2,4,6.1,7.4,23.1,4.2,2.2,3.4,9,2.5,12.1,58.8
655.6,10,4,3,4.5,1,9.6,2.5,15.6,18.2,3.5,15.4,11.3,9.4,14.2,62.1
4994.7,5,2,11,1.1,5,3.4,3,2.6,14.4,1.1,14.7,6.2,7.6,13.6,115
1767.9,0,1,4,3.2,2,4,6.4,0.4,14.2,3.2,5,0.2,1.7,11.5,56.1
3791.3,21,1,5,3.9,5,7.2,9.7,0.4,14.1,0.9,4.1,10.4,0.7,13.4,104.9
4072,5,5,7,3.5,2,5.8,2.1,1.3,23.7,2.7,27.2,4.5,4.9,9.5,105.6
4318.5,12,1,9,4,3,5.3,6.5,22.8,38.6,1.1,14.1,9.1,0.5,14.9,109
4988.6,21,5,11,3.9,2,5.8,9.1,9,23.8,1,28.6,11.6,4,9.5,129.9
1359.2,23,3,2,3.8,1,5.8,4.6,7.5,60.1,3.2,17.8,2.2,8,4.3,83.2
393.7,21,2,8,4.3,7,7.7,3.2,10.4,19,0.3,27,10.8,5,12.4,58.2
2173.7,4,4,3,3.6,4,6.7,6.7,10.2,15.6,5.3,26.6,13.3,9,14,98.7
824.4,14,5,9,2.6,3,9.6,0.3,6,11.5,1.4,23.6,1.7,7.9,6.7,63.7
307.6,17,7,10,2.9,6,9.5,3.6,2.3,36,2,32.2,12.8,5.6,7.8,69
1930,19,1,12,3.9,1,4.2,2.6,2.7,6.8,1,19.2,17.6,7.9,12.3,55.9
3961.9,13,7,4,4.5,3,0.4,2.2,15,34.3,2.1,0.1,9,0.9,10.9,84
2917.7,14,5,3,2.1,5,0.1,1.8,9.9,6.9,2.5,2,13,2,14.7,50.8
1701.3,4,6,10,2.4,3,1.2,7.4,22.6,16.2,4.1,10.2,6,7,9.7,57.1
3340.8,3,5,6,4.7,3,0.7,9.6,11.6,19.4,3.9,26.9,13.7,0.1,12.1,69.3
1313.7,1,1,10,3.3,1,3.7,3.8,12.6,7.2,0.9,13.2,12,0,7.3,40.4
269,6,6,9,1.7,4,0.5,0.5,23.2,16,1.9,20.5,10.9,3.8,15.2,11.1
3868.9,9,6,7,3.7,4,6.2,7.2,12.5,21.3,3,24.4,10.6,8.7,8.4,120.6
3194,15,1,4,5,5,1.9,5.4,12.5,6.3,2.9,20,11.6,9.8,10.5,70.6
3859.1,9,6,3,4.3,2,5.1,7.2,9.1,6.5,4.4,-9.5,9.7,6.5,11.4,115.3
386.9,17,2,10,4,2,1,6.5,17.8,54,3.6,3.8,6.1,9.5,7.1,64.4
4218.2,16,4,4,1.8,2,8.3,9.1,9.8,23.4,2.5,39.2,9.4,8.5,7.8,134.1
3173.7,20,7,3,4.5,3,7.8,1.4,14.7,23.5,2.8,21.9,9.8,2,10,83.1
2904.3,12,2,12,3.1,3,3.9,1.7,11.2,9.2,3.3,-14.4,5.3,4,7.3,73.4
3198.1,0,2,3,4.6,2,9.1,3.4,13.2,17.8,3.6,18.8,9.6,6.2,5.6,100.5
4349.3,0,1,12,2.3,2,1.9,4.9,20.7,14.6,0.9,39.6,9.8,1.5,14,89.7
3017.3,14,1,9,1.2,2,8.1,9.3,10.3,5.7,3,21.3,7.9,3.1,7.9,110.4
2988.6,0,7,4,2.9,5,5.5,9.1,5.8,70.7,6,18.5,11.4,7.6,9,121.1
4955.3,5,4,9,2.1,2,3.3,8.7,14.3,19.5,0.5,-3.9,12.4,3.4,10.6,108.3
3832.3,12,5,12,3.9,3,0.8,2.2,23.4,18.6,0.1,14.7,7.3,9.3,14.1,83
2323,0,2,10,4.8,4,1.7,7.3,17.3,19.8,0.2,-1.7,10.6,4.1,5.7,60.9
3595.5,4,6,5,3.8,2,8.6,3.8,7.7,6.1,0.5,3.3,13.6,2.2,11.5,79.7
2068.3,8,4,7,4.5,1,6.1,9.3,24.1,9.5,5,0.6,6,2.1,8.2,83.8
1298.6,16,2,5,2.8,5,2.4,2.1,8.6,9.5,0.3,38.9,3.3,6.9,14.4,42.6
3064.9,15,5,1,4.1,4,5,1.4,24.6,20.1,2.8,26.7,6.2,3.7,11.9,90.6
4655.3,7,6,2,4.4,4,1.1,8.4,4.8,9.2,4,34.8,12.1,2.4,5.7,104.9
4659.9,16,2,11,3.8,3,1,7.2,25,13.5,4.2,2.1,8.2,6.9,7.6,88.1
1841.1,14,3,5,3,3,9.1,8.2,1.9,17.1,1.1,20.3,5,4.2,4.4,102
2732.9,23,7,6,3.5,6,4.6,1.6,17.8,16.6,1.4,5.9,15.1,8.5,13.2,69.9
1215.9,0,4,7,3.8,1,3.6,8.8,18.5,12.3,0.8,7.2,5.3,5.5,9,70.7
4979,11,7,2,2,5,9.5,6.8,17,6.4,0.3,23.6,9.3,9.7,4.6,159
4909.4,4,1,10,4.2,5,4,6.5,19.4,25.5,0.5,20.1,12.9,3.7,4.2,114.6
3317.6,23,2,9,4.8,5,3.4,5.8,11.8,33.4,0.3,21.4,12.7,2.8,15.5,81.3
4061.2,5,6,6,2.9,6,2.7,7.6,1.4,6.7,1,2.9,11.7,6.4,14.2,87.1
3632.5,0,6,2,3.8,2,5.7,4.2,8.9,30.5,0.4,19.5,7.3,7.1,8,107.9
3047.2,0,4,2,3.9,3,5.6,1.3,16.1,7.7,1,22.2,12.2,0.2,10.2,80.5
456.1,9,4,3,3.6,6,0.2,5.4,16.2,20.3,3.8,9.9,10.1,6.7,10.9,42.1
2382.9,9,7,1,3.2,1,6.5,7.5,4.9,17.9,2.1,14.7,11.6,1.8,10.2,88.7
3439,2,6,9,4.5,2,7.9,1.5,6.3,25.2,2.2,-1.7,15.5,9.6,7.7,104.5
3452.2,16,6,10,2.8,4,6.2,2.2,12.2,4.5,3.3,-7.9,5.2,5.8,8.7,89.6
1991,18,6,11,1.2,1,8.7,7,18.2,17.8,0.1,42.1,11.5,1.3,6.2,86.6
4720.1,10,2,4,4.4,2,2.8,2.7,21.3,10.6,3.2,20.5,10.6,0.5,4.4,80.4
1003.3,17,6,5,3.7,3,1.9,1.7,2.2,26.2,0.4,13.7,13.8,8.8,5.9,55.2
2601.7,1,1,7,4.4,0,7,8.9,23.1,20.5,0.8,27.6,17.1,8.5,4.2,104.2
3516.2,8,6,1,1.6,3,1.9,1.6,23.2,17.5,0.7,7.6,17,4.3,9.2,81
3546.3,23,1,3,1.1,2,0.9,3.4,0.2,7.9,0.2,19.3,13.3,0.9,11.9,65.4
3313.5,16,2,3,4.7,0,1,4.3,12.7,21.2,0.4,31.3,7.6,3.9,6.2,61.7
1521.4,13,4,2,1.6,2,7.7,4.8,14.7,7.7,6.3,4.8,8.3,7.6,10.4,78
949.8,3,1,8,4.2,3,0.3,3.6,13.8,4.1,1.8,12.1,12.9,6.6,7.9,26.9
3252.5,16,2,5,4.3,0,2.9,9.1,15.4,8.5,1.3,1.4,4.9,8.7,5.4,92.4
3076.7,16,6,1,3.8,2,1.3,6.6,12.6,9.2,2.8,28,9.1,7.5,5.5,71.2
1060.9,11,2,12,1.5,3,7.5,3.6,7.3,10.6,3.4,20.5,7,3.3,11.4,61.7
3584.7,19,6,2,3.7,1,5,3.6,2.4,14.7,0.2,32.1,5.3,3.4,5.4,88.4
2384.8,17,7,1,4.6,6,2.1,5,5.2,14.7,2.7,28.1,11,6.5,10.6,74.8
3405.3,2,2,6,2.7,3,7.5,0.3,18.5,17.8,5.4,14.9,13.2,3.1,6.3,91.1
4219.4,10,4,9,2.7,1,7.5,9.3,6,14.6,1.8,22.9,12.4,8.7,14.4,120
1014.7,17,1,11,2.8,2,5.2,2.2,20.7,7.5,1.9,23.1,10.5,3.3,4.6,51.3
291.9,3,7,7,1.3,4,2.8,7,10.1,23,4.1,26.8,8.6,4.9,8.6,47
3939.7,16,4,5,4.6,1,5.9,7.8,10.4,7.9,2.3,35.6,7.9,0.4,13.1,85
3126.5,17,3,12,4.5,5,9.3,8.3,21.7,15.7,10.7,4.9,13.5,1.2,13,132.1
3558.3,4,6,3,5,5,0.5,1.7,5.4,27.7,0.7,-4.5,8,1.3,5.7,64.6
4223.1,13,1,12,3.3,1,2.7,5.4,4.7,10.7,3.7,5.4,7.8,3.4,6.4,98.9
4053.5,9,4,12,4,2,2.8,0.8,24.6,5.7,1.9,23.7,11.6,1.2,10.6,77.8
4812.4,14,1,8,1.8,2,6.3,8,13.5,5,0.9,23,6.1,4.6,12.2,129.6
2772.5,0,3,10,3.7,4,6.5,4.9,4.8,7.2,4.3,11.2,10.3,2.7,13,79.8
2544.8,15,5,4,3.6,2,2.1,1.6,4.1,5.5,11.2,14.7,7.9,2.7,11.4,62.5
2129.1,10,6,9,4.6,2,2.2,7.2,21.5,29.1,0.1,8,7.3,4.5,13.4,66.6
937.7,22,6,5,4.3,3,9.3,3.3,15,12.2,5.2,16.7,9,8.5,9.3,70.4
2948.5,19,2,6,4.8,6,7.6,1.1,2.9,49.7,0.5,9.7,13,7.6,10.7,98.9
1529.7,5,6,5,4.5,2,9.3,4.6,22.2,12.9,0.5,37.6,10.7,8.8,9.2,83.7
4622.3,23,6,10,4.5,3,8.3,2.4,11.1,2.5,0.1,33.9,11.2,9.9,13.1,100.9
2999.3,21,4,12,1.3,3,4,9.5,24.7,15.4,5.1,26.7,13,0.1,6.1,95.8
3045.6,15,7,11,4.4,3,1.2,3.6,7,12.2,2.8,18.4,12.5,6.9,7,79.6
1903.6,1,6,7,3.4,3,6.3,5.7,13.2,23.9,0.1,31.7,9.3,1.2,14,56
449.5,0,6,7,2.5,4,3.5,9.5,4.3,11.8,2,19.2,12.2,9.4,12.6,48.5
352.4,23,3,1,1.2,1,4.3,3.9,11,11.9,0.3,19.9,9.3,2.3,12.8,46.6
2232,23,7,2,3.7,2,4.3,3.6,4.4,20.8,2.8,-2.7,11.8,3.5,5.2,57.4
605.9,8,3,7,2.3,0,9.4,1.6,7.7,8.7,1.1,21.1,14.2,9.8,9.8,68.8
3112.9,21,1,8,2.9,2,0.7,9.4,6.7,10.5,0.1,2.5,12.1,8.7,10.8,87.4
4428.7,11,1,4,3.7,6,1.9,8,7.1,23.8,3.5,13.2,5,0.5,13.4,108.9
4438,16,6,6,4.6,4,6.1,2.2,24.2,3.7,1.7,20,8,0.5,9.1,90.4
3363.4,14,6,11,4.3,3,8.8,3.3,1,11.8,3,7.2,12.6,8.2,10.5,88.1
1213.9,18,2,12,2.8,4,9.2,9.1,12.4,0.1,2.2,23.7,1.4,0.7,6.9,93
4342.4,21,1,10,2.6,2,5.6,5.4,15.7,36.6,1.1,30.6,11.3,8.5,14,129
4453.2,9,4,3,2,0,0.3,5.6,16.5,13,2.4,7.4,11.1,9.2,15,92.6
1143.9,11,6,7,2.5,3,3.6,6.5,18.9,7.7,0,19.4,20,0.2,9.6,45.9
3739.6,13,4,11,1.4,0,9.2,7.6,19,23.9,0.8,3,11.7,2.2,9.2,113.3
1575.3,8,6,3,4.9,2,5,9.4,23.9,16.2,3,4,9.6,0.2,7.9,72.8
4052.7,12,4,11,3.3,3,7.3,8,18.9,6,2.9,21.7,14.7,0.7,7.2,107.5
4986.7,2,5,7,1.5,3,2.7,9.3,20.6,25.6,4.4,26.6,8.6,5.3,10.6,128.1
344.1,20,4,12,2.4,3,0.3,8.2,13.3,20.6,1.9,-0.1,10.2,7.3,6,65.4
4507.4,13,7,11,3.2,6,5.8,0.5,16.4,24.9,5.7,42.6,10.4,4.8,11.1,102.2
3188.6,20,1,12,3.1,2,8.3,1.2,12,11.5,1.6,12,12.4,3.9,10.7,103.7
4872.2,9,6,11,1.1,5,9.9,8.8,6.9,20.6,1.4,20.5,6.3,2.1,12.3,151.8
2432,15,1,8,4.8,6,8.5,0.3,7.8,44.6,0.4,11.6,13.3,2.4,6.7,78.9
4267.5,6,7,3,2.1,4,5.5,7.9,9,36.5,3,14.6,7.9,5.8,12.4,124.6
499.5,3,7,2,1.1,3,6.1,8.5,8.5,21.5,2.4,36.2,18.2,8.6,4.2,69.7
1809.3,19,4,12,1.3,3,8.2,4.2,13.3,4.4,1.2,36.1,3.9,4,10.4,85.6
521.7,22,3,6,3.3,2,0.2,3.5,6.2,19.6,0.2,-1.8,7,9.4,14.1,28.9
4881.6,10,3,4,1.6,4,9.5,1.9,12.9,29,0.3,11.2,1.9,0.5,12.7,122.8
4121.5,15,7,8,1.2,6,5.3,0.5,22.9,27.7,0.2,53.4,20,8.3,14.2,106.1
4292.2,19,3,2,2.5,3,9.5,7.5,10.1,15.8,0.9,12.8,5.1,3.4,5.8,135.9
4702.2,3,6,4,3.5,3,7.6,0.7,5.6,22,0.3,23.1,13,8.7,12.6,102
608.5,21,2,2,1.4,2,1.5,9.4,8.7,5,3.9,31.6,12.9,9.2,9.6,61.8
2050.9,21,5,2,2.3,6,1.7,3,21.9,16.7,4.6,28.2,6.4,7,7.9,74.7
541,22,4,2,2.7,2,3.5,7.9,23.5,3.2,3.9,-15.8,13.1,3.6,8.3,45.5
1211.8,16,2,1,1.6,3,2.6,0.6,22.2,27.6,1.9,22,5.7,4.6,5.2,60.4
1301,12,3,4,3,3,4.4,5.4,7.2,24.4,1.8,39,6.7,5.5,12.4,67.9
2451.7,10,4,2,1.3,1,6,3.5,9.7,23,4.4,18.4,3.8,4.6,11.6,85.7
1489.1,2,2,9,1.2,1,4.4,0.3,24.4,18,1,5.5,12.7,7.9,5.8,64.9
684.7,8,1,9,3.1,2,0.6,6.6,8.1,34.6,0.1,5.7,2.2,7.7,10.5,52.1
1004,5,3,11,2,1,9.8,9.4,3.4,12.3,1.3,15.6,11.6,0.1,5.6,78.5
906.9,21,2,11,1.4,5,4.3,0.1,7.1,11.2,1.6,26.1,9.5,1.5,7.8,34.4
4870.8,20,6,7,2.7,0,8.5,2.7,24.1,23.8,1.6,52.7,17,3.6,4.5,131.3
3844.6,10,1,6,4.7,3,0.7,7,10.4,4.5,0.3,14.5,10.1,6.7,11.5,77.2
4845.3,15,3,12,3.9,5,8.1,8.7,23.3,16.5,3.1,24.7,13.4,2.3,4.1,149.1
2310.8,18,5,3,4.3,2,1.7,1.9,2.6,11.3,2.6,-0.5,12,3.2,7.1,50
1536.2,4,7,12,4.5,3,6.8,0.7,19.2,15.6,0.5,-2.2,9.6,4.6,7.2,59.9
4031.8,13,3,7,4.9,4,6.6,0.1,2.3,20.3,1.6,12,14.5,5.9,13,79.9
1766,16,6,1,4.1,3,9.1,2.2,4.9,9.9,3.1,23.3,11.5,9,9.4,83.5
1637,2,5,9,3.4,2,3.2,0.7,15.4,54.5,0,17,13.6,8,10.9,59.5
1316,3,5,4,2.5,4,1.1,3.6,10.9,20,0.6,18.6,6.3,3.6,7,52.7
822.5,15,5,6,1.7,1,8.6,4.4,16.7,14.2,1.3,14.7,12.1,7.7,10.6,70.4
1431,15,4,6,3.7,1,3.3,4.8,24.3,40.8,3.7,17.7,13.2,8.3,5.8,70.7
1905.5,20,4,11,5,4,2.3,1.4,1.3,16.7,3.2,14.5,5.6,5.2,15.9,66.8
3435.2,3,7,3,2.9,2,4.9,4.6,4.8,6.3,0.3,1.8,9.7,3,10.2,82.3
500.3,18,5,4,3.9,4,1.5,0.1,16,17.8,1.2,0.1,3,9.4,14.6,41
1210.4,16,7,11,3,2,3,2.4,22.4,6,0.7,34.3,3.7,9.6,5.3,43
4083.3,12,1,10,2.7,1,3.9,3.7,19.9,9.2,1,8.1,9.8,2.2,11.1,83
905.2,21,5,3,2.6,3,2.8,1.2,11.6,9.7,1.6,15.1,17.2,7.9,12.1,41.2
1844.7,22,2,6,3,2,4.5,8.1,18.6,3.3,1.4,32.3,17.5,0.4,13.5,58
4350.4,23,5,1,2.5,2,3.8,2,5.2,16.3,0.3,14.8,8.8,0,9.8,88.5
943.6,0,4,8,4,4,7.7,7.5,0.3,9.7,0.3,28.5,6.2,3.5,4.4,60.5
597.1,11,4,8,4.5,6,9.2,4.7,14.3,19.3,0.3,7.3,13.7,4.6,7.1,66.5
2525.8,3,2,9,4.5,4,1,4.8,20.3,3.7,3.7,36.7,2,5.5,7.4,64.8
1651.6,10,2,6,1.9,3,8.2,6.5,10.8,14.2,0,20.7,8.4,3.8,7.8,88
2904.4,4,3,1,4.6,3,9.3,0.4,14.2,7.8,0.5,17.7,7,1.3,5.1,88.1
4058.3,1,1,3,2.4,3,6.9,0.8,10.6,13.3,6.2,16,9.7,3.4,4,103
858.3,16,1,1,2.2,1,10,3.3,12.9,4.9,0.1,27.2,15.5,8.2,10.2,64.5
2987.4,7,1,5,3.9,0,3.4,4.2,22.1,18,0.1,20.8,0.1,3.4,12.8,73.1
2626.4,5,6,3,2.2,2,8.3,4.3,12,15.2,1,-20.4,11.2,5.9,6.8,94.9
891.6,20,4,2,1.2,1,6.7,6.8,0.2,15.4,0.3,12.6,11.4,6.8,12.3,81.7
3195.2,8,1,3,2.5,3,3.2,0,20,7.4,1.7,21.9,9.8,7.3,12.8,91
1513.5,12,3,9,3.9,1,7,9.6,15.4,5.6,0.8,6.4,11.2,4.9,8.9,77.9
2541.6,10,3,11,2.3,6,5.1,1.7,18.3,23.1,0.5,12,12.1,1.3,10.3,61.4
594.9,15,1,8,3.5,2,1.9,2.5,22.5,4.2,13.1,13.3,10.6,9,7.8,37.5
2406,15,2,3,3.6,3,1.7,9.1,7.2,35.9,0.8,37.1,1.9,2.6,8.5,72.6
1671,1,3,11,3.9,3,7.1,0.1,12.6,41.7,2,25.2,6.4,3.4,11.1,75
4147.4,9,7,2,4.6,0,7.1,9.9,15.1,11.3,4.1,21.9,16.4,7.7,8.3,141.1
473.5,11,2,5,2.7,3,5.3,0.4,8.6,23.8,5.1,4,5.3,7.6,10,44.9
2209.3,7,7,12,1.7,3,5,1.2,21.2,14,1.1,9.8,10.3,9,12.9,83.5
2400.5,10,4,12,2.3,2,1.8,2.4,17.4,14.1,7.5,28.2,7.1,0.3,15.6,55
3680,9,6,12,2.7,3,4.3,4.4,18.3,18.8,2.6,25.9,12.4,8.7,14.7,102.4
2956.6,12,3,1,3.9,1,8.7,5.2,20.2,36.4,1.8,1,9.2,7.9,15,121.7
3402.6,16,2,4,1.1,3,8.5,1,6.5,6.9,2.4,34.8,12.6,5.3,14.9,97.6
3929.8,6,7,8,2.3,3,6.6,0.7,18.6,23.1,0.9,7.7,11.5,1.6,6.9,88.9
4338.6,23,1,1,4.1,7,10,0.3,19.3,17.4,1.1,22.3,8.4,5.4,15.4,129
1706.6,2,7,5,3.7,0,8.9,2.6,21.1,11.3,1.8,50.8,1.1,1.9,6.7,68.7
2782.5,19,7,12,3.9,6,1.5,9.2,12.2,7.9,0.8,13,6.5,9.6,14.4,95.9
4232.5,12,4,4,4.2,4,4,3.9,12.6,10.3,2.9,20,5.2,7.1,11,101.1
4949.4,18,5,6,4.1,4,1.3,7.6,2.5,5,0.6,11.3,5.1,6,14.1,101.6
4469.7,6,5,7,3.7,3,4.7,1.9,21.3,6.1,3.2,20.1,12,8.1,15.8,104.8
1983,8,1,9,2.8,7,7.8,0.6,13.3,1,0.3,35.1,18.1,5.3,14.5,76.1
1136.8,18,4,1,4.9,3,1.6,5.5,14.9,33.1,0.5,15.7,0.1,0.6,13.8,57.6
2549.1,12,4,11,3.3,2,8.8,8.2,3,5.4,2.8,14.5,4,2.6,6.5,91.5
3759.9,21,4,10,1.8,6,5.7,9,15,11.4,0.6,31.2,10.9,9.8,14.3,129.6
2564.3,7,4,4,2.2,2,7.5,5.5,1,25.3,3.2,2.8,9,8.5,6,98.6
2519.3,21,5,6,3.8,2,0.5,2.9,23.1,3.3,3.1,19,11.8,9.3,10.2,54.4
4223.5,17,2,10,4.7,5,0.9,1.1,21.6,3.3,0.6,9.3,9.8,1,10,79.3
1934.7,22,4,7,1.7,2,6.2,6.7,4.9,7.8,0.2,15.1,15.3,2.5,10.2,68.1
4327,1,2,7,1.3,1,8.4,2.8,14.8,13.3,0.4,7.4,12.3,0.6,12.7,98.7
2152.7,17,7,8,4.5,5,8.7,8.4,15.1,10.5,2.8,0.9,13.5,8.2,8.8,115
1775.5,17,7,10,4.7,0,6.9,6.1,20.1,74,3.8,-8.5,14.1,1.7,9.5,100.1
2379.2,10,4,8,2.1,3,2,8.6,18.9,11.9,1,12.6,5.2,4.1,11.9,82.2
3859.7,0,3,8,2.5,1,2,5.7,24.8,16.3,0.4,20.7,12.3,2.7,12.2,87.1
804.8,13,6,8,3.6,3,8.8,7.7,8.8,9.8,0.2,27.8,12.6,9.3,9.3,74.9
1142.8,15,3,12,2.3,3,1.1,2.9,3.1,10.1,0.5,2,8.6,6.1,4.6,55.2
4766.9,10,7,8,4.5,3,6.9,5,14.3,8.3,7.8,19.8,8.6,8,7.1,131.3
1042.4,0,6,6,1.4,2,5.3,0.2,19.1,47.2,0.4,24.7,8.7,6,15.3,56.1
2925.1,6,3,9,1.2,5,4.2,6.1,7.1,31.9,0.2,22.3,6.5,6.1,15.1,113.1
2980.7,15,4,3,1.8,6,4.4,5.3,5.9,1.5,3.1,21.1,4.5,3.8,11.8,84.8
2550.2,13,2,6,2.1,5,9.5,7.6,20.1,32.3,1.9,-7.9,18.6,2.4,6.2,115
3294.8,14,6,5,1.5,2,8.6,7.3,18.8,9.4,1.5,16.6,14.3,3.5,5.1,117.7
1303.2,13,5,8,1.3,2,8.6,6.3,5.1,21.4,1.2,17,10.1,2.9,15.4,80
2852.8,20,1,4,4,7,4.1,0.6,21.7,2.9,2.4,24.5,4.1,6.9,14.5,79.1
1986.4,10,6,4,1.7,3,1.1,9,3.4,5.5,2.4,34.6,12.2,4.2,8.8,60.7
3376,15,6,10,4.7,4,10,0.2,2.7,49.5,1.1,14.9,8.5,5.5,11.6,97.5
877.9,18,5,11,2.5,2,1.5,8,8.8,17.5,0.5,13.9,9.4,7.7,15,44.8
2940.2,16,4,10,3.7,2,5.2,4.8,22.2,1.2,3.7,19.6,19,2.7,5.7,81.7
1089.3,5,3,5,1.9,2,2.6,8.2,17.4,70.2,0.4,18.3,17.6,4.2,11.6,68.7
1537.5,10,3,11,2,7,5.1,4.7,9.9,9.7,1.5,23.2,0.5,5.2,15,63.9
1249.8,16,7,6,3.3,0,3,6.5,3.9,17.4,2.4,24.3,11.5,0.5,14,46.1
1077.6,8,2,11,3.2,8,9,3.6,17.8,16.6,2,15.9,10.7,1.5,7.4,80.5
4163.4,17,4,4,4.1,5,9.7,7.4,15,27.5,1.9,24,11.4,0.6,15.4,137.8
1571.4,16,5,2,4,4,4.1,2.5,24.7,7.6,2.2,15.4,7.8,7.5,6.4,64.7
4650.2,11,4,12,3.7,6,0.7,7.2,19.1,9.6,4.2,0.6,10,3,6.5,107.2
4855.6,22,4,12,2.8,2,6.6,1.9,2.6,45.3,0.9,4.1,5.6,4.2,5.2,123.6
2942.1,21,3,2,4.6,5,3.8,7.2,18.2,15.7,2,-10,14.2,6.7,5.4,89.2
886.4,21,5,12,3.5,3,9.9,2.9,6.4,8.3,2.4,38,14,9.7,13.1,76.6
1997.8,4,1,3,5,2,0.9,2.8,24,11,1.8,33.4,16.6,8.1,7.3,49.3
4029.1,10,6,2,4.3,6,1.2,8.1,0.5,18,4.7,30.4,6.9,0.6,14.4,100.2
1963.5,3,3,1,1.2,5,7,8.1,6,8.1,2.1,15.4,11.1,3.1,14.3,79.5
617.7,3,5,8,2.3,5,7.6,6.9,12.5,36.4,1.1,29.7,18.2,0.5,5.4,75.8
2872.6,2,2,12,3.3,3,4.7,9.2,2,8.4,3.7,28.8,7.3,0.6,10.4,88.4
4256.6,23,6,5,3.9,3,2.8,1.6,8.6,12.8,1.3,0.5,6,1.3,12.9,71.9
4020.4,22,6,10,3.2,3,3.1,2.7,12.4,10.9,1.5,8.6,11.2,3.2,12.2,82.2
1040.6,16,3,1,4.1,4,3.4,2.9,11.2,11.6,1.7,24.4,14.7,2.3,5.2,37.3
3429.3,6,7,9,2.1,3,2.3,3.1,11.5,7.1,0.8,12.1,7.3,3.5,7.9,69.5
1258.4,3,2,8,1.7,2,8.5,3.3,22,18.6,2.6,9.5,17.7,8.2,11.3,80.2
1247.4,22,3,4,1.2,2,0.7,7,12.6,13.5,0.2,27.9,6.3,8,11,52.1
4395.5,12,4,8,3.3,1,4.1,2.7,23.5,15.9,4.1,8.1,12.6,3.5,13.8,90.6
1398.4,11,7,12,3.8,1,7.5,2.9,3.7,40.4,2.8,47.8,7.3,6.6,4.7,72.4
1463.6,0,5,10,2.3,3,0,5.7,7,3.3,0.9,37.1,8.1,3.7,9.8,41.3
203.1,20,2,7,3.5,5,8.8,1.9,16.4,7.9,0.5,15.4,13.3,3.9,14.2,43.2
4379.2,18,6,11,1.2,2,7.1,3.6,7.1,25.8,1,33,9.2,6.8,15.9,127.3
4004.5,20,3,11,1.4,3,0.7,0.6,8.7,12.1,3.3,20.2,3.9,3.8,5.5,101
3211.2,19,6,7,3.8,5,8.9,9.5,22.5,15.1,0.1,13,6.8,5.5,11.8,127.7
3801.3,17,2,1,2.5,2,4.9,3.2,13.5,9,1.3,41.7,12.9,1.2,4,101.8
929.8,10,6,6,3.7,2,6.5,8.5,8.4,7.6,0.6,22.7,11.6,5.4,8.2,63.2
2400,19,3,4,4.3,3,8.8,5.3,19.4,7.4,4.2,7.3,12.9,7.4,9.3,96.1
1885.9,2,7,10,4.4,3,8.8,2.3,1.8,17.2,1.1,23.5,7.6,8.9,8.2,75.4
650.1,16,3,10,1.7,1,4.1,1.9,14.1,59.1,2.4,38.1,5.8,1.5,11.5,53.7
2533.4,11,1,10,2.9,5,2.4,6.9,2.5,33.4,0.9,18,6.7,4.1,4.2,91.4
4619.6,9,6,11,3.9,5,2.6,9.6,4.4,11.3,0.8,20.5,7,4.9,14.9,113.9
392.3,7,1,12,4.1,1,7.7,1.8,1.6,1.8,0.8,14.4,9.8,9,7.8,62.3
1599,14,7,2,4.1,4,9.3,1.2,22.5,30.1,2.3,22.2,5.3,2.6,5.8,80
1196.2,4,1,10,1.9,5,0.7,3.9,1.2,16.2,6.7,6.3,14.3,1.7,9.2,37.1
1343.1,3,6,7,1.8,3,0.2,3.9,12.9,54.5,0.5,8.5,12.1,1.4,10.2,39.3
4560.5,20,2,9,3.4,1,8.2,8.1,5.6,19.6,2.1,13.9,6.5,1.5,4.6,136.6
2446.7,19,4,5,4,5,3.9,4.7,9.6,12,0.6,20,9.2,8.7,13.6,87
2438.2,18,7,8,2.3,5,2.8,0.6,12.3,10.1,1.6,31.3,6.5,6.2,12.8,67.1
3850.8,20,3,5,1.4,4,1.9,9.2,11.3,4.4,1.6,16.2,9.4,4.2,10.1,101.2
941.6,3,5,7,3.9,3,3.5,3.7,18.7,12.9,1.2,27.9,6.7,8.7,6.2,60.5
2538.9,14,7,7,2.2,3,9.7,6.7,22.8,26.5,1.4,12.7,18.6,3,15.1,98.5
2263.9,16,1,9,1.7,3,9.8,6.7,7.5,2.2,4.2,25.1,3.6,9.3,13.5,101.7
3065.2,11,2,3,1.6,2,3.3,0.6,0.6,43.8,0.2,32.4,4.9,7.6,6.8,84.2
4997.9,2,6,1,2.3,2,9.6,0,22.3,3.6,3.5,16.6,9,0.2,12.8,112.8
3893.4,9,2,2,3.4,4,3,0.9,24.5,7.7,1.2,22.2,10.4,4.6,5.2,91.3
2109.8,14,2,12,2.4,1,8.5,9.6,10.8,18.2,0.8,11,10.4,8.4,5.4,113.5
4172.3,9,6,6,1.1,2,2.1,7.9,11.4,3.4,0.4,25,13.7,4,9.3,89.9
1019.4,23,5,10,1.4,3,8.3,1.3,3.6,11.9,3.4,-15.6,11.8,9.9,12.4,68.6
346.2,22,6,10,2.2,0,3.5,6.1,11.9,15.5,1.8,-1.5,6.3,8.5,15,38.5
1181.4,17,5,12,3.6,2,2,6.1,7.6,17.7,2.6,24.9,14.2,7.5,15.7,59.6
1834,0,6,9,1.4,2,9.3,0,24.9,9.7,0.8,-1.6,12.5,1.4,12.3,57.4
2650.8,2,1,3,3.2,2,2.1,4.3,4.6,4.7,1,12.1,15.5,1.1,13.4,58.8
3152.6,20,5,10,1.5,4,9.9,7.1,9.5,36.2,4.9,34.8,10.2,6.4,10.1,138.4
4570.9,11,1,2,1.8,3,1.1,1.9,15.4,19.8,6.5,28.4,14.4,6.6,4.7,100.6
2647.3,0,7,11,1.7,1,0.1,8.5,8.6,17.7,2.7,46.7,0.1,1.5,5.5,80.4
2606.1,2,5,1,1.3,5,8.7,6.6,11.9,9.1,2.8,18.9,8.1,8.5,15.6,127.4
441.2,2,5,2,3.7,4,5.9,0.1,24.3,23,2.4,17,6.3,8.7,8.7,60.9
367.6,4,6,3,2.9,5,4.2,8.5,12.7,4,1.8,18.1,12.8,4.2,13.3,48.7
2845.6,18,5,7,4.3,3,0.8,0.2,22.8,43.9,1.8,6.9,7,6.1,6.6,72.4
2303.3,0,1,2,1.4,3,5.7,8.9,1.1,8.7,6.6,15.4,13.9,5.1,10.4,104.7
4228.1,3,7,5,1.6,2,3.9,3.3,3,24.9,2.8,2.9,13.1,0.4,5.8,92.3
971.3,3,6,2,2.2,2,4.8,7,23.6,30.9,2.1,32.1,7.6,0.9,13.7,62.8
319.9,16,3,7,4.1,3,6.3,7.9,3.2,15.8,0.4,26.9,11,7.8,6,59.6
2355.4,13,7,10,2.2,1,6.4,2.8,18.4,17,7.6,4.1,9.1,4.9,12.5,76.4
1339.9,17,7,8,2.6,2,9.6,3.6,11.2,13.6,1.5,10,10.5,6.1,5.8,72.1
438.1,0,1,8,2.2,7,6.6,5.1,10.2,29.1,5.8,22.7,13,6.1,13.8,76.6
3678.1,21,7,8,1.3,2,3.4,5.8,16.5,8.6,2.5,21.3,8.7,3.8,10,79.9
735.6,15,3,10,4.8,3,3.3,2.9,18.2,22.1,0.1,5.4,3.4,0.3,8.9,45.7
3119.9,2,2,9,3.2,3,4.8,9.9,23.3,14.7,1.5,18.8,12.4,7.9,8,105.7
1549,22,6,1,4.2,4,2.6,7.4,6.4,36.9,4.5,24.9,14.3,4.7,12.3,70
1032.8,20,2,12,3.6,3,3.8,2.7,17.5,34.8,0.1,25.2,3.2,1.4,5.1,66.4
2022.8,8,6,1,3.1,3,8.4,6.4,8.6,9,4,38.2,9.9,0.2,14.3,84.4
4046.9,22,7,10,1.4,5,8.6,4.4,17.9,28.8,1.9,21,6.3,0.2,13.1,115.6
2082,3,6,2,3.6,1,6.3,8.6,3.6,19.5,0.1,3.1,14.5,0.3,8.5,75.9
3803.7,20,1,11,1.6,2,5.8,3.3,11.4,14,0.9,5.2,14.7,1.6,15.7,93
802.3,4,3,6,2.7,2,4.3,1.9,4.6,27.6,0.1,33.1,6.8,2.3,14,44.5
3909.3,10,6,1,3.5,4,6.4,0.5,8.4,24,0,37.3,4.7,2.5,7.2,86.5
1337.3,20,3,5,4.1,1,8.1,9.8,17.9,9.8,4.5,17.6,11,6.3,14.7,95.5
3451.5,8,6,5,3.7,2,7.4,3.6,5.8,5.1,2.8,22.6,5.6,2.4,5.2,84.4
2915.8,2,3,4,3.7,1,0.4,2.2,17.1,6.2,0.7,19.1,13.4,6.7,12.3,55.7
4659.9,5,2,11,1.6,3,7.3,4.9,12.4,7.9,0.2,14.4,9.5,8.2,5.6,127.4
2059.1,23,1,5,2.4,2,7.2,2.9,2.3,11.8,0.1,0.1,16.4,3.8,15.7,74.7
517.6,10,6,12,1.2,1,1,2.3,9.7,17.9,5,23.7,16.6,7.2,4.6,34.9
291.9,8,4,1,3.9,4,1.5,6.2,21.7,14.8,2,39.4,16.2,1,6.8,40.5
4168.9,14,3,11,4.8,4,7.9,0.7,24.7,3.6,0.4,20,11.6,3.3,10.4,89.9
2718.7,22,3,11,2.1,1,5.6,5.1,9.2,10.4,2.3,14.4,6.2,6.8,11,97.1
3921.2,2,4,6,1.4,0,8.2,3.9,1.4,45.5,13.6,12.8,4.1,9.3,10.2,134.4
1325.2,0,1,7,2.9,1,1.8,5.3,3.3,9.8,3.1,24,12.4,6.2,12.9,45.7
1856.4,19,3,8,4.4,2,0.3,3.2,19.7,3.2,1.2,31.8,12.7,3.6,4,43.4
344.5,21,1,2,3.2,2,1.6,5.7,16.4,23.8,3.4,24.4,11,3.1,10.8,39.8
4815.2,18,3,7,1.2,3,4.5,0.8,7.1,20.3,2.7,-4.4,4.7,3.9,11.4,114.1
3405.8,13,7,6,4.9,3,5.2,3.8,9.8,19.5,0.2,38.9,6.8,6.5,6.5,92
4679.4,16,5,9,4.3,4,8.6,2.4,20.3,17.9,5.2,28,10.3,3.3,11.9,125.5
1474.4,21,7,8,1.5,3,7.2,4.4,10.3,6.4,4.3,15.8,7.5,4.7,11.8,61.6
3135,13,3,11,4.7,2,9.9,4,18.9,13.6,1.8,11.6,6.9,7.6,10.4,109.2
3456.8,16,5,4,2.8,2,0.8,6.3,7.4,7,1.4,12.6,6.1,2.4,7.1,80.1
1724.2,13,6,9,2.5,3,1.3,6.3,18.1,6.6,0.5,28.4,9.5,7.2,9,57.1
4270.9,11,1,1,2.8,3,0.8,4.1,11.7,53.8,3.6,-5.7,9.2,7.6,7.3,120.6
4746.4,15,3,11,4.3,7,5.4,1.8,13.6,24.1,1.1,24.2,6.7,8.6,13.2,106.8
4447.3,0,2,6,3.6,2,2.7,5.8,15,17.5,1.7,21.4,10,0.2,11.4,94.4
3747.5,12,2,8,1.2,2,6.8,9.7,11.3,12.4,0.4,21.2,11,1.1,5.8,122.7
1531.8,5,4,11,4.8,4,1.3,1.9,11.7,22.8,0.5,4,11.4,9.5,10.8,42.4
1551.8,16,2,11,1.6,2,1,0.7,6.6,14.6,8.4,-2.4,6.2,1.3,14.8,32.5
4824.1,11,5,4,4,5,4.6,2.6,24.6,23.4,1.4,44.9,8.8,4.9,14,116.2
249.4,22,2,2,3.5,3,3.8,4.1,22.6,37.1,3.4,19.6,10.1,1.7,14.7,44.8
3637,18,2,11,1.8,4,8.3,3.1,13.2,19.1,3.5,41.2,10.5,8.1,15,117.8
3590,5,2,2,1.7,2,8.4,8.3,0.9,6.6,8,28.8,4.7,1,6.3,113.3
3188.9,6,3,10,4.5,4,1.2,4.9,4.2,30.3,8.1,19.3,8.6,0.9,12.6,69.7
4952.5,0,4,1,2.7,2,8.1,2.5,21.3,12.3,1.2,20.8,12.4,5,11.7,120.2
1697,0,1,5,3.6,3,5.6,9.5,23.3,16.6,6,31,7.6,2.4,4.4,75.2
1831.9,4,4,6,3,3,5,1.3,4,10.8,0.9,32.3,11.4,6.6,13.3,51.2
578.9,5,5,4,3.9,3,0.9,1.2,18.4,4.2,1.9,23.7,10.1,6.8,6.5,31.4
2325.4,15,3,4,2.9,7,7.4,2.5,15.6,25.8,3.4,31.1,8.2,5.9,15,90.9
1453,15,6,5,2.1,2,0.6,0.8,7.6,33.1,4.9,31.7,15,8.3,14,34.9
1848.3,13,3,5,2.5,6,2.8,7.5,10.9,16.3,1.5,22,8.8,7,13.2,76
4205.9,0,7,9,4.4,0,1,3.1,16.9,27.7,1.1,10.8,9.2,1.9,12.4,77.9
4690.3,12,2,8,2.9,3,5.3,7.3,2.5,8.3,2.6,24,8.1,0.8,9.6,110.3
1091.5,19,2,9,1.9,4,6.5,7.6,4.7,15.2,1.2,9,15.9,7.5,13.6,81.5
1988,9,5,3,4.7,2,8.9,2.4,0.8,7.2,2.2,13.4,15.6,7.4,13.8,70
4657.4,23,6,3,4.2,2,7.3,5.2,22.6,18.8,3.3,22.8,14.6,8.5,5.2,126.2
496.7,9,7,1,1.2,3,9.6,5.2,14.3,18,3.7,17,13.5,2,8,84.6
643.3,8,3,10,5,4,7.6,8.7,13.1,14.7,0.6,33.8,6.5,2.2,7.8,74.8
981.4,12,6,6,3.8,4,3,0.3,17.7,16.2,1.7,10.1,8.2,5.8,5.5,47.3
3057,2,1,4,1.6,0,5.5,3.2,24.7,8.6,0.1,-7.5,6.9,1.6,15.7,76.5
922.3,17,4,11,1.9,0,4.6,8.8,4.3,6.5,3.2,33.7,14.1,3,11,55.1
4846.8,19,3,8,3.8,4,5.7,2.4,3.3,19.8,0.3,18.6,19.3,8.1,11.1,124.8
2344.2,1,6,2,4.1,5,5.7,1.4,7.4,15,4.1,19.1,12.7,3.3,8.6,56.6
2607.3,16,1,11,2,4,7,5.8,22.6,1.5,1,8.5,16.7,0.1,13.2,77.8
1384,18,1,2,2,4,0.8,3.1,10.3,5.9,0.4,-4.6,11.8,6.5,9.7,50.2
2460.6,22,7,7,2.2,6,7.5,4.7,19.8,0.3,3.2,8.2,11.3,1.8,12.9,80.3
3377.2,12,7,5,3.4,2,1.4,8.2,5.1,42.6,0.4,24.8,7.7,2,14.5,80.3
3805.7,12,4,1,1.7,3,0.3,5.2,12.3,6.4,1,15.6,12.5,0.2,11.9,71
3818.6,0,1,7,1.4,2,5.2,5.2,3.2,20.9,1.7,14,13.7,5.8,11.5,108.6
2973.9,1,5,7,3.7,1,5.8,2.8,10.3,11.5,0.9,-2.4,14.2,5.6,13.4,73.1
4540.9,0,1,10,4.1,7,0.3,7.9,6.6,4,0.4,39.7,10.4,1,10,92.4
4123.6,23,6,6,3,3,5.2,7.4,13.7,8.5,1,17.3,10.8,0.5,13.7,89.4
3833.8,4,7,4,2.5,2,5.3,2.3,19.5,20.6,0.3,46.1,9.8,4.9,5.1,86.6
466.9,23,5,12,2.7,5,0.5,3.2,23.5,9.6,2.5,22.4,7.7,7.8,6.9,36.7
233,2,7,8,2.6,4,7.1,7.9,7.1,23.4,0.4,36.6,13.5,9.5,15.1,69
1219.7,6,7,12,4.8,5,2.1,3.6,18.6,5.6,1.3,9.4,2.4,0.8,6.1,50.5
3384.9,23,7,11,4.1,2,7.9,4,22.1,13.5,1.6,-0.2,3.3,7.1,9.4,99
2173.7,21,1,2,1.8,3,3.1,3.6,3.1,18.6,5.8,15.8,7.8,1.9,9.8,56.6
2131.6,12,2,2,2.5,0,4.8,1.6,14.6,7.5,0.2,24.7,4.9,0.3,9,61
4446,22,1,2,3.2,7,8.9,3.4,15.3,12.9,5.3,26,14.3,3.3,14.4,128.9
4498.7,17,7,3,3.5,7,8.1,8,6.8,7.5,0.5,22.7,8.2,5.7,13,128.3
4564,23,5,6,2.9,2,7.8,4.9,0.6,16.4,3.7,45.5,13.5,6,13.7,121.2
1706.6,20,1,1,4.2,2,1.6,4.6,6.4,6.3,0.2,22.7,15.2,0.5,15.9,49.7
3517.1,6,7,11,4.1,3,0.5,1.6,14.6,10.6,9,14.3,10.2,9.3,15.7,60.9
1503.8,0,7,2,3,4,6.1,1.8,4.9,14,3.3,15.2,11.3,0.5,14.7,59.2
1114.9,4,1,10,4.4,2,4.1,0.4,7.2,13.3,0.1,8.3,14.9,2.2,10.8,33.7
1086.2,16,1,2,4,5,9.1,0.1,17.7,15.8,0.5,21.5,14,4.3,7.6,58.6
1842.1,7,5,12,4.1,1,3.5,4.9,10,3.3,1.6,31,1.7,9.5,12.7,80
2263.8,14,1,1,4.8,0,4.1,4.1,1.6,25.8,1.5,34.9,8.4,9.9,15.4,86.3
4188.6,19,4,3,2.1,4,5.3,2.8,10,14.1,2,14.4,12.1,0,15.9,95.1
775.5,3,6,10,2.1,1,8,9.9,25,12,1.2,17.4,10.9,2.2,11.4,81.4
3727.6,1,4,7,4.6,1,2.7,4,6.5,3.6,2.6,10.3,6,5,12.4,76.4
2751,4,5,1,4.1,2,9.4,7.9,6.6,21.5,0.9,29.6,3.2,6.9,7.3,111.5
1582.1,0,2,7,4.7,1,5.4,2.1,4.2,26,0.4,3.2,12.4,6.6,6.4,43.3
2565.5,4,4,5,1.3,1,8.4,2.5,6.8,63.7,0.1,9.3,6.6,2.5,11.7,102.5
1639.7,5,7,9,3.5,1,5.3,5.7,14.4,1.8,0.8,-31.9,9.5,2,6.7,45.9
3061.2,1,6,2,1.6,3,7.7,0,24.1,36.8,1.1,3.8,10.6,0.1,8.7,96.4
2282.5,0,3,1,3,4,0.5,0.2,15.2,16,2.2,10.9,9.3,8.4,9.9,48.3
989.1,3,6,9,1.6,3,8,1.4,10.2,32.4,3.3,11.9,6.3,3.8,15.2,62.6
759.6,6,4,8,1.5,2,5.2,2.2,9.7,18.6,0.5,2.5,9.7,8.6,15.7,50
2824.1,21,3,10,1,3,4.5,5.3,0.6,20.3,1.4,4.4,7.8,3.2,7,95.4
4531.6,0,5,6,3.5,2,1.1,6.9,0.1,35.4,0.5,33.1,16.6,7.6,5.6,102.6
1851,0,6,5,2.4,3,7.4,3.1,19.9,25.8,6,8.6,10.9,0.7,6.7,77.8
3718.4,7,2,8,1.4,2,1.3,2.4,12.3,28.6,2.1,-3.7,20,8.1,10.2,91
3361.6,19,3,8,2.3,4,1.9,8.2,0.8,12.1,2.3,5.5,4.7,8.9,13.4,100.8
4671.5,15,3,5,1.7,2,1.3,1.6,7.2,1,1.5,5.6,8.8,2.6,10.3,87.7
4140.7,20,6,12,4.8,4,0.1,6.8,8.9,14.4,0.7,17.2,8.8,1.4,15.2,85.9
2919.7,12,4,7,2.3,1,6.6,9.3,19.6,7.6,0.4,22.3,6.9,2,11.6,92.7
3353.7,22,3,1,2.3,2,2.7,2.3,10.9,23.8,2.1,1.8,8.6,8.7,9.8,98.8
4512.3,23,5,4,4.4,4,1.5,0.9,19.7,15.4,5.1,21.6,8.1,2.9,13.2,94.1
2117.7,22,6,2,3.6,4,3.2,9.8,15.8,13,0.5,34.8,6.1,2.3,15.4,84.2
1768.6,17,5,10,3.8,2,5,2.7,0.8,10.2,1.7,30.2,17.2,9.8,8,74.2
251.9,19,6,3,3.5,7,5,2.8,24.2,21.8,1.5,25,9.7,6.7,7.3,53.6
4167.4,9,5,12,4.8,2,3.7,4.8,4.5,12.5,2.1,22.9,13.7,8.3,6.6,102.2
4044.7,11,4,1,1.8,1,4.9,2.3,6.9,14.5,1.8,14.2,14,7.5,10.4,94.5
701.4,0,6,11,5,0,4.3,9.9,20.2,13.2,0.6,35,15.7,3.7,9.6,38.6
2968.9,9,7,11,4.3,3,8.2,0.4,4.7,12.1,2.4,23.2,6.1,8.6,7,89.6
2427.1,8,2,2,3.4,2,0.3,4.5,10,1.8,0.6,8.3,15.1,5.9,12.7,72.6
769.8,2,4,1,3.6,2,8.7,5.5,21.6,12.2,2.1,16.2,9.7,6.6,7.6,67.3
4906.7,18,5,8,3.6,4,2.4,4.7,15.9,6.1,0.7,9.9,18.1,3.3,13.1,101.1
1230.5,8,6,4,1.2,1,7.2,5.2,7.6,12.6,0.2,16.3,12.1,9.8,14.1,77
522.7,9,4,3,1.9,2,4.1,9.9,16.1,15.2,0.3,32.6,5.4,8.5,14.4,67.4
3055.3,18,5,1,4.8,2,2.9,8.8,20.3,9.2,3.6,15.9,15,1.5,5.8,89.9
3746.6,15,1,2,3.1,3,6.2,3.1,10.1,0.9,0.3,8.5,14.6,2,7.7,96.9
355.7,23,1,3,2.5,1,7.7,5.5,14.3,9.6,0.8,30.5,4.8,7.5,10.3,63
3361.8,17,3,3,4,3,4.5,0,24.7,9.1,0.7,33.3,13,0.3,14.1,74.7
2755,13,2,6,3.1,2,4.7,4.1,24.1,10.8,0.1,8.6,16.4,3.4,8.8,78.9
695.7,2,1,10,1.1,6,0.6,1.6,12.7,3.8,1.8,35.8,11.9,5.3,11.9,33
1028.1,1,7,8,3.9,4,9.2,7.1,2.4,15.3,3.2,29.6,6.1,2,9.5,69.6
2926.3,0,5,6,3.9,4,8.5,2.2,17.5,16.3,9.7,11.4,14,8.7,4.4,103.4
1622.5,17,4,2,1.7,2,4,7.5,6.7,11.1,5.5,32.6,12.7,8.9,7.8,84.7
4703.9,23,6,2,4.8,1,7.6,3.1,16.7,24.6,0.1,3.2,9.1,9.6,13.1,121.6
4130,8,4,7,1.9,9,3.1,9.3,8.8,13.1,0.6,12.2,8.2,1.5,12.8,116.6
4921.1,12,3,1,2.8,6,7.3,4.5,18,11.1,1.1,4.9,12.6,0.8,14.6,130.5
1446.4,1,4,1,1.5,3,5.2,8.4,9.2,12.4,4.2,6.3,6.4,5.6,11.1,84.2
4854.7,6,1,7,3.4,4,4.6,6.3,23.5,26.7,0.9,28.2,10.8,7.9,13.2,123.4
2269.9,15,4,9,2.5,3,0.6,9.8,3.4,19.4,1.7,17.8,14.8,2.9,9,54.8
1868.1,20,1,5,2.4,4,9.7,7.4,1.7,6.8,2.2,4.7,16.1,2.4,8.2,99.7
441.7,18,1,11,4.3,5,8.4,7.3,19.5,5.5,0.7,10.9,7.9,5.2,8.1,65.8
453.3,14,2,1,1,2,7.9,2.6,10,11.1,1.7,10,3.7,4.8,5.9,60.4
3521.7,21,3,5,4.2,2,3,5,11.6,25.2,0.1,21,7.2,4.8,9.3,80.2
2398.1,10,7,11,3.3,4,2.9,2.9,23.3,23.1,1.3,45.3,13.3,4.1,13.7,67.3
1287.3,0,7,1,4.9,1,5.7,0.2,14.7,15.6,1,20.5,7,7.3,4.1,54.1
3147.1,20,5,10,3.4,7,8.5,7.1,16.5,8,0.9,21.3,14.3,6.1,10.9,122.3
1413.7,6,7,12,1.2,2,9.3,2.4,0.5,20,0.5,36.5,7,4.9,6.1,82.7
2972.6,19,1,9,1.2,5,2.7,4,16.8,2.5,3.4,11.5,7.8,7.2,12.9,87.2
1924.2,7,6,4,4.5,5,6.1,2.8,9.7,8.9,4.3,34,9.3,2.6,5.7,62.7
4153.1,9,3,9,4.4,5,7.2,2,11.5,21.1,4.4,12.9,13.8,8.9,6,108.9
4139.3,4,5,2,2.4,1,2.3,0.7,20.2,2.9,1,13.7,3.7,3.8,4.5,87.5
2491.3,8,7,7,3.5,5,4.1,3.4,13.1,31.3,0.6,14,11.1,3.3,9.3,73.5
1883.9,0,7,12,3,5,1.9,0.8,24.7,30.3,0.2,16.7,11,5.4,11.8,61.7
1940.3,1,6,2,4.9,2,7,5.4,19.9,13.3,2.2,15.9,6,2.7,7.5,83.2
4067.4,18,4,12,4.8,4,8.6,0.2,18.2,22.4,0.8,22.3,11.4,2.7,4.5,116.3
1775.3,13,3,4,4.9,5,8.8,9.4,14.7,9.2,0.6,12.9,9.3,0.8,15.2,84.9
1203.5,19,6,6,4.5,6,6.7,9.7,10.3,5.7,0.9,19.2,5.5,6.5,14.3,83.4
606.5,9,7,2,4.6,3,3.5,3,1.3,34.5,1.6,-1.3,9.7,9.1,9.6,56.2
2440.1,8,3,2,1.9,3,6.6,2.6,0.5,28,0.4,27.4,5.8,6.9,13.9,110.3
2514.2,9,3,2,4.3,4,8.6,1,1.2,22.5,6.5,31.6,7.4,5.7,13.6,92.6
4236.4,5,7,3,3.8,1,6.3,9,24,2.1,2.6,20.7,13.5,7.1,10.7,115.9
1261.9,16,4,5,4.9,2,4.1,5.9,8.1,12.3,0.1,27,8.8,9.7,10.3,55.8
2028.8,5,4,9,3.3,10,9.2,6.1,17.5,40.1,0.7,8,13.4,3.4,11.8,98.7
4080.3,3,7,6,1.3,5,8.4,9,14.9,19.7,0.1,36.2,9.4,4.3,12.7,129.9
4153.4,19,3,12,3.4,3,8.8,9.1,14.3,12.8,0.5,20.3,6.1,2.9,13.8,141.1
2046.1,2,6,9,3.7,3,9,8.3,14.5,12.6,0.7,-1.3,11.9,0.2,10.9,76.9
2403.8,22,2,10,1.9,2,3.9,7.7,7.6,12.6,2.5,32.6,12.2,3.5,13,86.4
1655.8,18,1,5,2.6,3,8.6,8.8,22.2,0.7,2.5,26.6,5.1,0.7,6.2,100.8
4676.3,17,4,11,3.4,2,5.7,8.8,23,17.2,0.1,40.5,14.5,8.6,13,142.5
769.5,23,7,6,2.5,5,0.4,3.7,16.1,19.1,1.8,38,16.1,7.2,4.7,36.3
4682,3,2,10,2.5,2,6.4,9.7,21.6,2.6,6.5,34.1,12.5,3,11.9,127.1
3482.6,7,4,12,1.5,5,4.7,7.1,1.5,14.9,2,23.7,10.3,3.3,12.6,111
2751.5,16,3,8,4.8,3,2.8,3.7,2.5,10.1,6.5,26.6,18,5.7,15.6,57.5
356.8,4,7,3,4,2,9.7,4.4,14,4.3,1,5.1,12.2,8,9.1,63.9
2482.9,12,2,2,1,4,0.6,6.9,21.2,0.6,1.2,14.7,10.8,7.2,5.4,87.4
2157.2,0,7,3,4.1,3,9.5,3.6,7.9,8.1,1.4,53.8,16.8,0.3,8,70
973.9,12,6,9,4,4,1.6,8.3,13.7,12.6,5.2,-2.7,16.4,7.9,9,60.4
3350.8,3,6,6,1,3,3.8,1.5,0.2,19,1,21.7,4.2,8.8,13.2,99.3
4861.5,21,5,10,2.5,2,4.2,9.1,24.7,23.1,8.2,17.5,8,0.9,6.2,140.5
2898.5,23,1,12,3.4,5,7.3,3,19.2,14.1,1.6,28.2,12.3,7.7,6,97.4
3630.8,13,1,4,2.8,2,2.2,1.5,9,5,0.5,20.4,14.9,2.5,6.6,50.5
528.6,2,4,10,4.1,1,9.9,8.6,24.6,33.2,0.2,32.6,5.3,1.7,6.8,86
2204.8,4,1,3,2.7,4,7.5,2.4,2.3,14.3,0.4,18.2,13.6,5.4,15.1,73.8
758.5,6,7,2,1.6,2,7.9,8.4,11.6,8.9,0.1,27.3,8.4,5.5,5.9,80.4
3141.4,0,7,4,4.9,5,1.1,3,1.5,13.3,2.4,22.4,12.9,4.7,9,56.7
4704.7,22,5,9,2,3,4.8,9.3,8.4,28.7,1.5,14.5,7.7,9,8.8,145.1
3376.5,11,6,4,3.9,4,9.5,2.2,5.5,35.7,2.7,12.8,0.7,2.4,5.5,93.2
568.7,10,2,12,1.6,2,2.7,0.7,7.9,10.2,3,33.3,2.9,6,5.3,51.9
1902.4,23,2,5,2.3,1,1.5,9.4,23.7,47.4,5.4,25.5,5.5,4.1,14.9,92.5
2843.2,7,6,8,2.8,3,4.9,1.7,10.7,27.3,0.2,30,7.6,8.7,14,88.6
2135.4,5,3,2,1.8,3,9.3,9.4,8.1,7.4,0.4,33.1,10,1.3,15.2,104.1
4201.5,21,6,12,2.8,5,4.9,8.2,16,18,1.6,11.8,7.9,0.8,7.8,108
4110.4,1,2,11,1.6,5,4,0.8,17.1,7.2,0.3,14.8,9.8,9.9,10.3,104.6
3136.8,18,4,3,3.2,1,6.5,4.5,24.6,18.6,0.2,13.9,8,5.8,7.1,111.2
1992.6,19,5,6,3.7,2,9.4,0.7,13.7,16.9,2.2,30.4,10,9.1,8.7,91.1
1425.6,19,6,12,1.2,6,0.5,3.3,18.8,10.2,2.6,19.1,13.7,4.1,13.5,49.6
708.2,23,3,7,4.5,1,1.5,3.5,9.6,38.3,3.7,20.2,9.9,6,9.7,29.3
1903.5,13,4,4,1.7,3,1.3,6,4.3,14,4.9,5.3,12.2,6.9,5.3,63.5
2183.2,0,6,1,1.9,3,0.9,9.8,10.7,71.8,1.2,27.9,12.9,9.9,4,102.4
3444,9,4,7,3.6,4,3,1.7,10.5,8.2,7.8,28.3,9.4,1.1,6.8,87.5
3359.2,15,6,12,2.9,4,2.3,3.3,10.5,18.8,0.1,24.7,2.8,1.2,6.2,76.9
536.5,3,4,9,3,5,5.5,5.9,17.4,23.3,4.1,20,11,5.2,13.5,67.4
2097.2,10,7,1,1.5,2,3.3,1.7,10.1,6.1,0.8,30.5,7.3,0.6,12,59
1072.5,15,1,1,4.2,1,4.1,7.1,23.9,8.9,5.1,17.4,13.4,7.3,14.1,67.4
952.7,19,4,1,3.5,1,9.4,4,24.6,10.6,0.5,35,15.5,9.9,9,91.2
4171.1,0,7,10,1.5,3,1.6,9.5,13.1,15.7,2.7,26.6,9,8.1,11,105.8
401.2,15,1,7,2.5,4,3.9,6.3,14,11.1,1.1,2.9,10.7,2.7,9,36.7
2212.1,18,2,11,4.2,5,2.6,3.6,10.2,25.1,1,16.4,12.7,8,6.7,71.7
1007.4,20,1,9,3.3,6,5.5,7.2,8.9,6,0.1,21.9,6.7,6.3,11.6,67.5
4420.8,21,4,3,1.4,5,7.4,8.4,24.6,11.7,2.4,9.6,10,1.2,8.7,138.5
2873.8,8,5,8,2.5,2,8.2,8,1,13.8,0.4,31,3.8,5.7,7,120.3
1310.6,8,5,9,2,4,5.2,2.6,10.3,5,1.2,-5.7,14.2,9,15.3,52.9
2611.7,8,2,3,3.1,3,8.5,4.2,3.8,19.4,0.3,27.6,16.7,2.9,5.3,93.6
3711.1,16,4,12,4.4,3,7.9,4.5,18.2,17.9,1.9,26.3,10.4,6.6,13.3,101.9
4799,11,1,12,2.7,4,1.6,3.9,4.9,17.4,0.5,-5.8,7,0.4,10.6,90
1258.1,12,5,3,2.7,1,2.5,3.1,22.1,20.4,1.8,19.2,11,8.3,13.2,57.3
4453.7,7,6,1,4.6,1,6.7,7.5,9.4,13.3,5.9,12.8,4.9,2.1,5.1,117.6
4684.7,15,3,2,3.3,6,9.7,0.1,22.9,20.9,5.1,35,8.3,6.1,8.7,123.3
4598.8,17,4,7,3.3,1,3.8,2.9,24.7,16.8,0.4,8,8.3,5.2,13.6,100.9
3250,0,7,3,2,2,2.3,1.4,19.3,3.4,0.2,27.6,7.9,5.5,13.8,56.3
3223.1,0,7,7,3.4,2,8.7,1.3,15.6,4.6,0.1,30,10.9,2.5,13.5,68
2135.4,11,6,5,3.3,2,2,2.8,3.7,36.1,3.5,13.3,11.7,5.6,12.9,56.9
3811.5,5,6,10,2.6,4,7,7.6,23.3,13.8,0.6,33.6,10.1,6,8.5,106.7
2750.2,8,4,8,5,6,0.3,9.7,19.4,18.3,0.7,13,13.6,4.3,12.6,76.7
3451.7,22,3,5,4.5,5,0.2,5.1,7.2,17.5,0.5,34,11.6,6.3,5.3,73.5
2256.6,4,5,3,4,2,4.5,3.4,11.7,15.2,3.7,49.3,8,1.9,6,67.8
3711.2,15,3,9,3.1,3,6.6,8.3,1.7,49.3,7.7,29.2,9.6,5.1,10.5,133.4
4157.5,17,2,7,2.8,4,1.4,0.7,16.5,20.2,2.8,25.3,9.7,7.2,10.6,87.9
902.9,16,1,5,1.7,2,7.6,0.9,3.1,10.1,3.5,12.3,8.5,3.7,9.7,42.3
4198.1,17,1,7,2.2,4,1.3,3.5,16.3,35.8,1.9,40.3,12,4.1,12.8,94.4
2793.4,0,6,11,4.1,1,5.3,4.5,16.8,13.1,1.5,28.7,1.5,1.6,10.8,77.1
4254.4,18,5,10,2.8,0,3.1,8,8.1,19.2,2.6,12.5,10.1,6.2,4.8,117
2270.2,21,3,9,4.5,3,7.5,9.3,23.7,16.3,0.1,36,11.2,1.2,14.6,86.4
2019.4,7,6,5,1.6,4,8,5.3,19.5,35.9,0.1,19.3,12.4,5,11.5,93.3
4592.3,2,4,7,3,1,0.7,5,12.4,14.4,2.3,26.1,14.4,2.1,14.7,84.2
1405.6,4,6,11,3.6,5,1.9,2.1,23,12.7,0.8,13.1,9.4,1.9,9.2,45.2
4252.2,22,4,9,3.1,2,8.9,4.5,21.4,21.8,1.3,6.7,13.3,1,4,123.3
2523.3,7,4,1,4.6,1,4.2,9.2,17.3,26.7,3,7.4,12.4,3.6,13.2,88
2667.7,18,2,4,5,2,4.8,3.9,3.8,35.3,1.7,13.4,11.1,8.7,10.8,95.1
1680.6,17,2,1,1.5,4,1.7,2.1,12.4,19.5,3.3,24.2,4.4,6,4.2,65.4
2950.6,17,4,8,1.5,2,9.9,3.4,21.6,27.2,1.1,14.4,14.4,7.8,10.9,116.1
1761,20,5,3,1.5,0,9.2,5.1,15.2,28.7,0.7,8.5,10.4,1.1,15.2,86.8
388.5,0,2,2,3.7,1,0,6,13.6,13.3,0.5,6.6,9,3.1,6.5,29.7
1505.6,14,2,4,2.5,2,5.5,4.3,23.9,12.7,0.3,33.2,5.4,3.9,7.4,59.5
230.6,17,1,11,3.9,5,8.7,7.6,0.4,8.2,0.1,16.5,0.2,8.6,11.8,78.6
4896.1,6,6,3,2.6,3,4.3,5.8,0.3,6.6,0.1,-5.5,17.6,6.6,13.9,96.5
4835.6,15,1,11,3.5,4,4.4,6.7,22.3,6.2,0.6,17.9,11.2,4.9,11.7,113.9
2096.7,15,5,5,4.1,2,3.8,8.6,1,6.1,0.7,13,5.6,3,12.1,56.3
3696.2,14,2,8,3.2,3,0.3,8.7,8.3,17.9,1,20.5,5,7.6,7.9,89
1859.9,5,7,10,3.2,1,7.9,2,23.1,1.6,1.8,11.2,8.9,8.9,4.1,71.3
3421.2,8,2,8,1.4,0,4.6,6.2,17.3,29.1,2.8,33.4,13.2,5.4,14.1,107.1
4066.1,6,3,11,2.6,0,5.3,7.2,16.2,11,0.4,16.2,12.5,0.4,15.9,100.7
4744.4,13,5,7,3.2,3,2.6,1.5,16.4,11.8,2.8,15.5,12.7,2.7,14.4,74.7
2121,10,7,8,2.8,1,7.8,8.4,7.9,12.4,0.3,14.2,6.5,7.5,8.8,93.9
3959.8,20,6,5,4.6,4,7.9,1.8,13.3,20.8,9,23.7,9.3,3.9,8.2,105.9
1476.5,15,6,10,4.6,1,5.5,8,15.7,23.6,0.7,22.7,10.5,6.3,15.5,71
4953.6,5,7,10,4.3,4,9,1.6,7.6,3.1,3.6,13.3,9.8,5.2,15.9,109
323.7,21,6,11,2.5,2,1.2,7.4,19.9,22,0.4,18.3,12.2,9.1,11.3,48.6
3096.9,15,7,12,3.9,1,7.9,1.5,8,10.6,6,15,16.3,3.1,10.2,79.9
3365.6,19,5,11,2.6,1,5.6,3.8,1.8,7.9,3.5,28.2,10.8,4.5,10.2,100
3502.6,15,7,6,1.9,3,2.3,1.4,5,2.6,0.9,2.5,7.7,0.6,6.4,63.2
777.9,11,7,8,2.4,1,1.3,2.7,10.2,3.2,1.1,13.9,4.2,8,12.7,22.6
4704.9,16,3,1,1.3,4,3,9.8,22.7,6.8,0,15.7,10.7,3.3,6.1,119.3
1069.7,4,3,6,2.3,3,8.6,1.1,10.4,11.4,0.6,34.7,7.4,7.2,6.5,59.4
3189.2,12,1,6,2.8,5,7.9,4.1,2.2,5.3,0.7,32.1,11.7,0,12.1,84.7
1268.8,7,5,11,4.8,1,6.5,6.8,4.9,36.5,1.2,22.7,11.5,8.7,14.4,86.9
1674.6,23,5,5,2.3,5,0.9,0.9,13.6,3,0.3,6.1,16.3,9.7,12,47.9
2823,4,3,4,4.6,3,9.5,1.1,4.4,9.1,1.3,18.7,10.9,4.7,9.7,81.7
2202.5,11,4,1,1.9,5,3.1,1.4,1.6,25.9,2.2,40.6,11.8,4.8,12.3,64
969.1,8,4,11,1.8,2,6.1,6.4,17.9,20.5,0.9,16.2,7.4,6.2,9.5,85.4
1020.5,2,1,10,3.1,6,8,9.1,19.6,4.3,0.5,19.5,4.3,9.8,11.9,91.7
2207.1,2,4,11,3.7,2,1.3,8.3,21.3,28.8,1.6,20.2,14.3,5.6,13.4,74
3835,0,4,8,1.2,3,6.5,9.8,21.1,23.8,0.1,7.8,14.8,0.7,4.2,112.2
4510.2,21,4,6,1.9,2,0.3,5.8,9.5,10.8,0.8,8.3,8.7,5.7,6.6,96.2
603.8,17,2,3,2.8,5,1,9.6,18.4,4.2,1.5,8.3,2.3,4.2,12.4,50.4
2086.9,23,1,12,2.3,2,7.2,3,14.6,2.6,0.8,14.4,15.4,7.6,8.8,71.7
681.2,11,3,3,3.9,3,1.6,4.2,0.6,8.6,0.8,23.3,14.8,3,10.3,26.1
279.6,8,4,12,3,4,4.4,4,10,6.8,3.8,20,9.5,9.2,12.2,57.3
3376.2,8,6,6,1.6,5,2.5,0.5,1.3,33.4,5.4,24.1,14.3,8,10.3,94.9
3091.8,17,7,12,4.6,1,4.2,8.3,2.1,11.9,3.5,43.9,9.8,3.3,14,85.8
982.5,17,2,7,2.2,4,0.8,0.2,1.4,23.3,0.2,49.1,10.9,3.5,8.5,48.5
1322.3,6,4,8,3.9,3,7.5,7.3,24,13.1,0.7,19.1,3.5,5.2,12.3,78.5
313.8,3,7,5,4.1,7,0.8,4.1,21.1,7.1,2.5,29.1,14.9,1,9.1,14.7
4207.7,12,7,10,4.9,3,8.4,0.1,11,18.8,7.3,25.9,3,6.9,10.4,110.5
4878.5,16,2,6,3,4,6.6,2.9,6.2,5.7,0.6,30.9,16.9,6.1,5.4,109.2
850.2,23,1,12,3.5,3,4.2,3.5,1.8,37.5,4.6,30.5,17.3,3.2,14,71
1311.1,1,6,1,2.3,6,8.7,9.6,10.8,6.5,2.7,11.7,0.1,6.4,7.8,110.6
4368.4,13,6,6,3.7,3,1.9,6.6,15,41.3,8.2,41.8,16.2,1,7.6,97.9
4647,2,6,9,2.9,1,2.6,5.4,19.9,37,0.2,36.4,9,9.5,5.1,115.1
2214.2,4,4,10,2.8,2,1.4,1.3,1.3,24.6,1,29.6,11.7,0.7,10.1,43.7
443,13,2,4,4.4,3,3.8,3.9,10.4,19.9,1.3,26.2,4.4,3.3,9,30.4
389.1,2,6,10,1.2,1,9.9,0.4,24.4,23.5,2.2,22.8,8.7,9.7,5.2,73.2
2955,22,7,1,4.5,4,1.6,7.6,3,11.4,2.1,20.5,5.3,4,13,71.5
2085.9,6,7,11,4.4,2,8.3,1.6,10,17.4,4.7,27.5,6.8,8.9,4.8,76.5
337.5,17,5,9,3,2,6.5,5.9,6.9,20.5,3.6,21,14.9,1.5,5.7,59
2999.6,12,5,4,3,4,0.2,7,3.4,11.5,0.1,22.5,14,0.7,9.5,53.7
254.3,22,2,2,2.4,2,9.4,3.7,21,13.5,1.3,18.3,13.3,1.1,8.3,59.7
3979.4,21,4,1,5,2,9.7,6.3,17.4,20.5,1,16.4,7.8,9.7,7.3,131.9
1670.9,9,4,3,1.4,3,9.2,7.6,10.3,8.7,11.7,41,7.2,0.9,10.8,101.9
393.2,12,1,7,3.4,1,5,1.8,9.2,23.6,1.1,20.5,3.4,6.5,10.3,40.1
3024.1,15,1,11,3.7,0,2.2,6,20.7,11.6,2.3,14.6,12.7,4.4,9.2,67.7
2108.9,8,6,10,4.7,7,3.9,7.3,2.3,17.1,0.7,21.5,17.7,8.6,13.3,68.7
4874.2,1,3,2,4.1,4,6.1,3.6,3.7,10.1,1.9,5,15.8,2.9,10,109.9
2812.2,22,7,9,3.6,5,3.8,1.6,22.7,35,0.5,30.8,10.1,0.3,15.7,52.4
1521.1,4,1,12,1.5,3,7.1,2.9,20.4,4.2,1.9,19.7,12,7.5,13.6,62.7
3605.3,21,4,11,2.5,3,8,9.3,19.4,2.3,4.1,15.6,11,5.9,5.3,124.7
1503.2,16,7,2,1.6,0,2.1,3.6,15.6,27.2,0,14.4,13.6,4.3,7.3,53.1
4540.4,22,3,5,4.5,1,4,1.1,7.3,29.1,1.4,0.6,17,3.2,10.4,87.4
1998.7,21,1,8,4,1,9.6,0.8,23.4,21.9,8.1,41.4,7.7,9,9.6,91.7
2839.4,3,2,12,4,6,2.5,1.8,12.3,12.3,0.3,21.9,7.9,1.2,4.6,54.6
442.8,16,5,10,3.6,4,3.5,1.3,7,10.8,0.4,41.2,8.9,1.4,10.3,18.4
2245.4,8,1,8,3,2,0.4,5,9.1,11.6,1.3,16.5,9.9,0.1,11.3,50.2
4195.3,19,1,3,1.6,3,3.3,3.5,0.4,25.6,4.1,25.1,12.9,0.7,9.6,102.1
4067.1,1,2,2,2.3,4,3.7,8.4,6.4,22.6,1.7,28.4,9.7,8.6,14.4,122.1
1276.7,23,4,9,1.5,4,1,8.8,4.7,5.3,1.4,25.5,6.6,7.9,10.7,56
1285.2,17,6,3,3.9,1,0,4.7,3.4,19.2,0.2,14.2,6.6,1,13.4,32.3
4123.1,20,2,8,1.6,3,5.8,8.9,0.8,3.9,6.5,-1.6,5.3,7.8,11,131.5
4665.9,21,6,2,3.8,3,3,4.5,5.7,7.2,0.9,46.7,9.6,6.4,14.9,92.9
657.7,10,1,3,3.8,6,0.2,6.4,2.6,2.2,0.6,10.8,14.1,3.9,6.6,26
2360.3,12,4,1,2.8,1,8.6,1.6,1.1,29.7,1.1,50,11.7,0.8,14,63.8
1819.8,7,3,11,1.5,2,5.8,0.5,3.4,5.4,1.1,12.4,12.3,6,9.4,65.4
4379.3,0,1,6,2.3,3,1.7,1.6,5.1,3,1.2,36.1,5.7,8.4,12.4,96.1
600.9,16,2,7,2.3,2,8.7,2.5,10.4,6.7,2.3,26.6,5.3,4.2,10.8,52.4
1213.4,11,3,4,3.8,5,2.5,7.5,14.6,44.4,4,27.2,10.7,4.2,5.3,80.6
3811.8,3,5,1,1.5,3,2.3,1.7,8.1,9.1,0.1,12.1,15,8.3,9.2,92.2
446.2,20,3,3,4.3,1,8.9,1.3,3.5,8.3,1.3,14.7,13.4,2.1,12.1,49.8
2564.2,12,2,9,4,3,1.8,9.3,23.5,25.5,1.1,14.9,7.3,1.7,14.8,76.8
2322.1,8,7,5,1.7,2,8.8,6.9,12.9,13.6,0,21.3,19.2,7,6.6,106.9
1805.1,6,3,6,3.9,3,8,4.7,18.5,22.1,3.4,17,1.9,6.6,8.3,89.2
2093.9,22,2,4,3.7,2,3.1,0.9,17.4,6.5,0.2,13.1,10.1,9.1,8.3,45.9
2743.7,23,7,1,4,4,0.3,8.5,7.1,7.8,0.2,8.2,10.4,3.3,10.3,52.5
974.6,4,1,5,1.8,2,0.8,1.1,14,30.8,0.1,9.4,9.2,2,14.4,29.9
2945.6,4,7,5,1.6,2,1.1,6.1,15.1,32.9,0.4,24.4,12.1,4.3,8.7,72.7
4066.1,16,4,5,1.9,5,8.9,6.7,8.8,29.3,0.4,9.6,9.2,3.8,5.8,127.7
3848.8,8,5,6,2.5,3,4,4,16.8,15.5,0.9,4.8,4,9.4,10.1,103.9
938.7,5,7,11,4.2,1,0.3,9.1,19.8,14.3,2.2,19.7,9.6,9.2,4.5,54
916.4,18,4,2,4,4,5.6,0.5,9.1,10.3,0.1,-8.2,10.7,4.3,8.1,45.3
1487.2,15,4,1,4.7,3,2.1,8.2,0.4,15.1,3.9,17.9,13.6,4.1,10.2,50.4
1933.2,20,4,2,1.2,3,2.4,5.5,8.7,17.4,0.8,18.9,15.7,4.4,10.2,76.1
2160.6,1,7,10,1,1,1.6,6.1,2.9,23.7,1.9,24.8,6.6,7.3,13.8,74.2
3462.5,9,2,6,3.8,3,7.6,9.9,3.9,15.3,0,22.1,16.7,5.5,13.6,123.5
472.1,15,2,5,2.1,5,0,5.8,9.1,4.9,0.9,2.7,8.3,2.9,7.4,23.9
366.4,4,5,5,2.3,2,4.4,8,5.2,10.7,0,15.8,8,7.7,7.6,53
2081.2,14,2,12,3.2,0,0.9,1.5,23.4,1.6,0.4,25.8,8.4,9,15.8,62.4
3546.4,12,6,12,1.4,3,5.5,8.1,16.3,34.4,1.2,23,2.2,7.2,8.7,133.7
1128.5,12,2,6,3.6,4,3.5,7.6,13,1,1.5,8.6,8.3,1.9,5.7,55.6
3279.2,12,2,10,2.3,3,0.3,9.7,0.2,31,0.3,23,15.2,7.9,11.9,89.3
1447.2,14,2,7,3.5,3,4.6,9.4,2.6,15.7,2.7,29,11.9,9.9,6.9,79.3
4453.2,13,1,9,4.3,5,5.7,2.1,19.7,18.6,0.4,6.3,10.9,6.9,11.2,116.9
4499.3,7,5,7,1.7,2,2.5,4.6,9.7,18.6,0.2,-5.5,11.4,2.4,13.9,108.3
1627,10,6,2,4.7,2,7.7,9.1,1.1,9.9,0.8,39.3,15,0.1,6.1,73.2
1304,17,2,6,3.1,2,3.7,6.4,20.6,3.2,1.6,21.8,6.5,3.9,9.4,67.8
2174.3,23,5,9,4.7,3,7.5,4.6,7.6,18.7,9,12.5,13.6,4.7,8.6,81.1
1354.6,3,3,7,1.8,2,5.8,1.1,9.7,21.9,1.1,12.1,10.3,9.1,16,51.4
3427.4,9,1,2,3.4,4,8.7,3.5,24.4,11,1.1,19.8,6.9,6.2,12.5,113.3
4165.1,0,7,3,2.6,3,5.5,6.7,0.4,12.2,0.1,30.5,11.9,2.8,5,97.6
3430.8,4,2,8,4.1,1,1.9,7.8,18,8.6,2.9,-0.1,10.3,6.9,6.7,82.6
4156.9,12,6,11,3.4,3,8.2,4.5,23.7,1,0.4,13.2,6.8,0.9,5.9,98.6
2105.6,0,1,9,3,5,7.8,0.6,1.6,10,2.7,37.8,5.7,2.1,4.2,62.7
950.3,22,6,4,4.7,5,9.7,6.3,21.7,46.9,4.8,27.9,8.3,7.4,7.8,102.2
3742.2,7,7,9,2.5,3,0.9,9.2,10.4,38.9,2.9,26.9,8,3,7.9,114.9
1930.3,2,7,2,1.9,4,5.9,5,21.9,15.6,2.1,22.9,14.9,0.3,6.8,83
3422.1,2,1,11,3.4,5,4.9,9.3,7.7,37.2,1.9,21.7,9.1,5,10.6,99.2
1499.1,6,3,5,3.5,3,6.7,3.5,24.6,11.1,1.2,12.4,8.5,6.6,6.6,76.1
589.9,3,5,11,2.8,3,9.8,8.9,16.2,21.1,0.3,11.3,14.5,7.9,15.3,90.8
4964.4,2,1,2,2.9,0,5.3,7.9,15.7,3.5,3,27.7,15.4,3.1,12.8,119.8
949.8,14,4,11,4.8,4,6.9,9.6,20.1,19.3,1.3,11.5,6.7,4.2,5.5,74.7
4944.4,7,7,1,3.9,3,3.5,7.9,10.9,17.9,2,21.4,5,5.6,7.2,128.2
4890.9,2,3,5,1.4,3,3,3.2,6.5,2.8,0.9,19.8,12.1,0.7,15.8,96.4
4010.3,6,7,2,1.8,1,3.4,9,6.6,22.8,0.4,44.3,9.2,2,6.4,108.5
3365.2,17,4,7,4.9,1,0.4,6.7,8.3,11.2,3.3,16.1,7.8,3.7,5.4,84.1
2973.5,10,3,8,3.9,3,2.8,1.6,15.4,3.7,0.8,32,14.2,2.7,6.8,62.3
4357.3,10,7,2,4.7,3,1.7,0.5,21,6.3,4,26.5,9,4.7,12.6,90
1589.3,16,4,7,2.2,1,4.6,3.7,12.5,8.8,6.7,16.6,17.7,6.5,10.2,65.1
2444.9,5,4,4,4,5,4.6,7.9,10.1,6.2,3.5,3.1,10.2,5.4,4.8,76.9
3173.1,7,7,1,3.9,3,7.7,6.2,19.8,26.7,0.3,17.4,10.7,7.7,8.3,111.3
2173.7,0,7,11,2.2,2,5,5.3,7.2,11.8,3.9,28.8,19,6.3,5,76
2251.9,9,6,3,3.2,2,4.6,0,17.2,9.4,1.5,3.3,11.2,2.9,7.5,62.2
1785.4,18,1,11,3.5,6,2.3,4.4,2.6,9.3,0.6,28,7.2,1.2,6.1,52.7
2908.3,2,1,12,2.9,3,8.5,1.6,2.8,15.4,0.2,34.1,5.9,6.4,6.6,96.1
4282.8,3,3,1,4.3,1,0.9,4.5,16.1,16.4,0.7,19.2,8.2,2.1,13.3,81
1167.3,10,5,5,4.3,3,9.8,9.9,2.1,32.3,0.3,29,10.9,3.2,13.4,86.4
4685.3,14,7,8,4.4,0,4.8,8.8,3.9,31.1,0.1,19.7,13.6,8,12.8,107
3507.6,0,6,1,4.2,3,1.9,3.1,15.6,9.3,8.8,24.9,4,2.2,12.3,79.2
4151.7,8,1,9,3,3,3.5,5.9,11,11,3.6,35.9,10,5.4,6.9,106.2
2869.7,10,1,3,2.5,3,0.2,5,14,15.2,2.7,-0.6,15.1,0.9,9.3,61.8
3941.7,18,6,5,4.3,1,1.7,1.3,24.4,12.1,0.4,8.8,11,4.2,9.5,66.3
277.8,12,2,9,3,5,3.4,9.9,15.8,16.3,0.1,33,15.4,9.8,10.4,62.7
4128.2,15,6,5,2,10,5.5,4.3,14.8,6,1.3,35.2,4,9.5,14.3,112.7
392.7,3,1,9,3,0,1.3,5.1,9.5,12.9,2.7,1.1,9.1,9.5,14.7,28.4
4471.6,0,5,10,1.6,3,6.8,6.5,15.8,18.5,6.6,36.7,10.5,6,6.6,130.1
4961.4,19,2,8,3.8,5,8.4,1.9,0.3,10.7,3.7,-12.9,12.2,2.9,9.2,110.1
1611.5,12,4,7,2.3,4,5.7,2.2,13.9,17.9,4.5,25.5,6.6,3.5,5.8,65.1
1209.5,0,6,11,2,5,3,1.9,1.7,14.7,0.5,20.6,11.7,2.1,11.8,36.4
3873.7,4,4,1,4.8,5,1.2,3.8,5.5,11.8,0.3,9.2,12,1,10.9,73.4
1414.5,4,2,4,4.1,0,0.2,2,14.1,23.1,0.6,9.9,9.7,1.7,14.2,29.1
4354.7,13,2,9,4.1,3,7.3,9.3,16.7,13.4,0.3,10.4,11.9,4.7,10.2,120.6
693.6,22,2,10,3.5,2,6.3,7.1,9.6,20,3.2,15.6,11.3,0.3,13.4,58.5
804.6,13,3,8,4.4,4,4.8,9,10.5,5.1,4.7,41.8,7.4,9.4,7.8,69.9
4899.9,7,6,4,4,1,1,8.5,12.5,37,0.7,27.9,9.4,5.6,12.3,118.8
3434.4,3,7,12,3.4,1,2.1,7,19,7.1,4.2,35.2,5,1.7,4.5,95.1
4265.1,6,5,1,4.8,0,8.2,2.4,0.4,17.1,0.1,14.1,4,4.2,5.8,96
1756.8,19,5,10,1.8,4,4.8,6.2,11.2,4,2.3,20.8,11,3.8,9.4,74.4
3447.1,18,4,4,4.8,4,9.6,1.9,0.4,15,1.5,5.1,2.4,8.4,14.6,103.3
3052.4,14,4,3,2.6,2,10,1.3,8,5.8,0.6,14.7,9,1.2,14.6,93.7
3095.1,21,7,6,3.1,1,8,6.3,13,18.5,2.9,11.4,11.7,4.3,11.2,102
3476.2,3,4,11,1.5,1,2.6,6.2,2,17.6,0.5,23.9,10.1,7.1,5.6,92.3
2961.7,18,6,5,3.2,2,2.3,1.6,12.1,25.2,1.1,9.5,18.7,3.7,12.2,73.7
2259.5,8,1,5,3.4,3,2.5,3.5,23.1,15.7,2.5,8,11.7,3.6,6.1,70.2
1524.4,20,4,2,5,0,9.9,0.7,17.1,14.6,0.8,22.8,8.9,3.4,8.2,74.4
3889.2,12,2,12,4.9,5,3.4,7.2,19.6,5.2,3.9,17.4,12.4,7.6,7.8,103.1
1286.1,13,4,3,4.9,3,7.1,9.9,14.5,20.7,4,9.6,4.8,1.2,14.6,69.8
3523.3,22,2,11,2.4,3,9.6,7.4,22.4,26.2,0.5,7.8,14,8.6,12.3,136.4
1320,13,3,6,5,1,8.2,8.4,3.7,8.6,1.2,9.6,8,0.7,4.9,61.8
3201.6,21,1,2,2.8,1,6,4.8,11.2,8,1.1,27.8,14.4,3.2,14.1,92.1
3786,9,1,4,4.4,0,1.7,1,14.9,25.8,1.1,23,11.6,3.9,9.2,84.4
1249.8,15,7,2,1.9,4,1.7,7.3,21.8,7.7,1.4,8.9,12.5,3.9,13.1,41.7
487.7,4,6,9,3,3,4.9,2.6,7.7,23.5,0.2,9.4,7.8,1.9,13.3,39.8
828.7,22,6,3,4.9,2,9.5,3.9,0,15.5,4.1,4.2,5.4,6,16,60.3
3108.8,5,5,10,4.8,2,9,7,24.4,18,0.7,13.3,5.4,4.5,8.2,103.1
4277.3,1,3,10,3.7,4,1.7,9,0.6,11.6,0,19.5,3.1,5.7,14.4,87.2
416,12,7,6,4.2,4,2.9,4.9,3.8,38.2,2.3,7.5,8.5,6.1,7.4,42.7
3723.9,12,6,1,1.7,0,5.9,9.6,10.6,25.4,2.1,44.2,7.7,1.9,15.9,114.2
1838.3,18,2,11,3.9,0,4.8,5.2,12.4,5,8.2,25.5,14,9.2,8.9,84.9
2496.9,17,3,10,3.5,6,1.2,1.2,20.9,17.9,2.5,17.6,5.9,8.3,11.9,75.3
4658.5,18,1,3,1.4,6,3.7,5.2,11.2,6.4,0.8,19,18.8,8.3,15.9,111.4
1793.5,0,2,8,1.5,3,9.5,8.6,13.7,7.1,6.1,1.3,6,5.3,6.4,98
2433.6,7,7,5,1.4,0,9.5,5.4,5,7.3,0.9,3.6,6.4,8.2,11.5,104.6
265.7,21,7,8,3.9,5,5.6,7.5,14.2,17,3.4,33.9,4.1,6.3,16,56.8
591.7,15,3,2,1.6,5,6.4,5.5,8.7,43.3,0.8,37.6,10,4.5,15.3,82.8
1441.2,1,1,7,2.9,3,2.2,5.5,2.5,23,0.1,-8.6,8.7,7.5,6.6,54.6
333.7,7,6,9,2.4,6,7.4,2.8,23.7,7.3,2.6,23.6,9.6,6,5.2,65.1
3230.6,5,2,7,3.2,2,0.5,2,2,36.4,0.9,34.6,11.6,0,9.1,58.5
2246.7,15,2,3,3.8,4,2.2,2.8,16.9,26.3,0.8,13.9,13.9,10,13.2,50.7
2831.1,22,1,7,3.7,3,0.1,4.4,22.7,8.2,2.5,36.2,5.3,4.3,13.5,65.8
1038.3,10,2,8,3.1,0,3.9,8.1,4.5,12.6,0.8,27.2,10.1,5.7,11.3,51.5
1620.5,16,6,1,2.9,4,8.5,8.3,5.9,28.4,0.3,23.4,13.4,4.1,11.4,97.2
3386.4,22,6,3,2.6,4,9.8,1.6,10.7,33.5,1,15.1,5.6,1,5.4,101
4833.5,18,6,5,4.4,1,6.7,5.5,7.4,10,3.5,19.1,20,8.3,9.3,114.9
442,10,1,12,2.3,2,7.4,4.2,19,2.6,0.3,12.6,19.4,6.8,10.9,55.3
4473.8,7,4,6,2,5,2.6,5.7,8.5,24,1.6,21.6,9.7,8.3,12.2,120
2969,21,4,3,4,6,5.2,6.5,24.6,25.9,0.3,21,5.6,4.8,5.1,100.8
2906.8,3,7,4,2.4,3,7.4,2.8,21.5,1.6,0.1,12.8,6.1,7.9,12.3,90.5
2601.3,10,7,5,4.4,4,5,9.2,22.4,15,1,-5.4,10.9,8,15.3,91.1
533.1,7,2,3,2.3,3,0.9,9.4,1.6,47.6,2.1,15.7,12.6,3.4,13.4,67.6
631.4,8,6,4,3.8,2,7.4,1.1,4.4,21.2,0.6,5.8,2.6,0,11.5,47.9
3084.4,1,2,5,1.2,2,2.2,7,4.2,10,1.2,4.5,6.2,8.6,5.2,95.5
1836.6,15,1,2,2.5,3,1,0.3,16.8,15.9,1.4,9.7,10.6,1.8,13.5,49.3
4602.9,5,2,10,2.4,0,4.8,0.5,0.3,11.6,3.7,27.9,4.4,8.7,12,100.6
2151.6,20,5,9,4.3,2,0.7,9.6,20.2,2.2,3.4,4.7,8.8,6.2,10.6,75.3
887.8,20,4,10,4.9,4,6.3,6.9,13.7,7.7,0,7.4,11.7,6.3,13.6,73.1
3630.7,18,2,8,2.8,1,6.4,3.2,14.2,17.6,1.1,26.5,9.4,2.5,12.1,99.1
1608.1,7,2,12,4.3,4,2.6,6.7,13.4,8.4,2.1,8.8,7.1,4,9.6,75.6
2722.3,13,3,6,3.8,4,9.6,8.5,13.4,4.6,3.8,4.5,10.3,3.1,6.8,99.8
3549.6,23,2,10,4.9,3,8.2,8.7,4.9,18.6,0.1,27.7,12,1.9,10.1,112.7
4521.3,15,5,11,4.2,5,1.1,0.2,7.1,42.8,2,16.4,6.3,7.2,5.8,91.7
4002.5,11,4,3,1.3,5,7.5,8.2,12.2,9,3.7,18.8,11.4,1,4.7,114.7
3446.5,4,3,11,3.9,3,3.5,8.5,16.9,13,0.6,15.3,11.3,5.1,6.8,91.8
3462.2,23,1,2,3.1,2,7.5,6,6.8,6.3,0.5,23.1,12.1,5.4,8.4,106.7
4740.4,23,7,7,1.1,4,8,4.8,20.2,12.9,1.3,26.2,11.1,9.6,11.8,136
1620,18,1,8,2,1,1.5,1.1,20.3,8.1,6.6,16.5,10.5,8.7,10,68.5
205.3,17,4,10,4.7,4,6.6,2.4,6.8,14.7,2.4,0,9.4,4.9,12.8,41.8
1505.4,8,7,1,4.7,3,8.6,4.9,14,9.1,1.1,21.6,8.8,8.4,12.8,96.5
1245.9,1,1,6,4.2,3,3.2,8.7,8.7,38.4,0,13.9,12.9,7.9,12.5,77.1
3376.8,19,5,7,4.9,3,0.8,8,4.8,37.7,1.6,28.3,9.6,0.3,10.6,84.2
3241.8,11,2,9,4.2,4,0.3,5,20.1,8.8,0.9,7.3,12.1,9.2,12,68.2
3048.6,1,4,12,1,4,1.1,7.9,24.8,15.6,0.4,14.2,12.1,6.9,15.7,108.2
278,9,7,3,2.2,4,0,7.7,14.1,7.1,1.4,0.2,6.2,6.7,12.5,50.7
3698.1,0,3,2,1.1,0,3.3,5.8,22.8,24,0.8,27.4,8.7,7.1,12.9,109
1752.9,3,2,5,1.4,2,3,2.2,16.1,22.3,0.1,32.7,9.8,2.2,7.5,45.9
3392.3,11,1,10,1.9,4,1.1,3.5,14.1,10.2,2.6,12.1,10.4,0.3,9.7,73
2871.6,8,1,1,3,5,6.5,1.6,12,13.4,2.6,15.7,11.7,2.3,9.2,87.6
1845.1,3,3,6,4.4,8,9.9,0.1,5.9,13,1.9,8.3,10.7,7.9,8.2,80.1
846,8,5,9,4.4,4,9,0.8,2.1,7.5,3.7,9.4,10.2,6,9.5,59.9
653.2,5,3,10,3.5,2,2.5,7.6,11.1,7.7,0.5,26.3,8.3,3.6,11.2,29.4
4191.3,0,4,9,4.7,3,7.7,0.3,14,20,0.7,12,14.2,2.4,11.5,82.4
4608.3,9,3,7,3,4,9.4,4,12.7,20.4,1.2,23.7,11.4,8,14.1,133.1
3319,13,1,11,4.6,1,9.1,9.9,17.4,36.3,0.1,17.8,9.6,4.6,11.9,133.4
696.5,21,5,7,2.8,2,8.8,8,4.8,0.9,4.3,27,8.4,6.1,14.4,68.9
2129.7,17,5,8,2.1,5,7.9,7.5,8.9,5.8,1.3,13.3,11.1,0.1,11.9,78.4
3698.9,5,6,10,4.7,4,2.9,2.7,10.4,42.1,0.8,31,10.1,4.3,8.2,82.1
3943.1,17,3,2,2.6,5,0.8,6.4,4.7,20.3,1.3,40.5,3.9,0.2,11.6,96.3
767.4,19,4,6,3,3,4.9,5,22.7,4.4,0.8,-2.4,6,7.9,12.7,73.2
200.1,15,1,5,2.3,3,0.5,6.2,17,11,0.7,16.9,15.2,2.5,12.2,32
3618.3,14,2,5,3.7,3,10,4.4,2.3,15.7,1.2,16.9,11.5,1.7,14.2,93.2
1911.7,15,5,3,5,5,3.6,5.3,17.8,4.5,1.3,9.4,7.4,9.3,14.9,67.7
1421.5,7,3,3,1.1,5,9.6,9.9,13.7,23.8,1.1,22.9,8.5,0.2,8,114.5
261.9,12,6,6,4.6,6,7.7,3.3,13.1,9.6,1.6,31.4,6.6,2,4.9,41.5
2793.4,22,4,12,1,4,4.1,2.2,24.7,9.1,3.1,-5.7,7.9,2.4,11.9,83.9
4285.5,10,4,10,2.5,3,1.2,4.5,15.5,31.1,0.1,-6.6,14.1,8.2,5.3,107.1
4796.6,6,7,10,1.7,6,2.4,5.2,22.4,10.1,3.3,37.9,9.3,7.1,14.6,113.4
2915.6,16,1,7,4,1,6.7,0.9,22.8,25.3,0.5,15.1,13.3,9.7,13.9,87.9
2669.4,17,5,1,1.2,3,8.3,8.1,2.5,15.5,0.6,19.1,16.5,6.9,12.6,128.3
608.3,21,1,3,3.2,1,9.8,4.2,0.2,24.2,1.8,5.2,8.4,2.4,15.1,56
2834.6,22,6,12,2.2,2,1.3,4.1,10.9,12.1,7.4,18.5,4.8,1.7,14.6,74.9
2023.9,18,2,1,1.5,3,1.6,6.6,19.2,16,0,34.4,11.7,7.6,15.1,79.7
3114.2,12,2,10,4.1,1,0.4,7.7,20.6,32.3,2.2,24,6.7,9,12.8,92
2065.9,14,2,3,1.9,5,2.6,9.9,19.7,17.3,2.4,20.3,10,9.1,8.4,86.6
1353.4,22,4,5,1.9,2,8.2,1.7,11.2,7.1,1.7,-3.2,10.7,7.7,4.6,70.2
655.8,21,5,9,2.1,3,2,3.5,18.7,10,0,26.9,17.4,7.9,4.7,38.1
1711.6,21,1,3,3.3,1,5.5,1.7,18,23.3,1.9,18.1,11.3,6.6,13.5,65
663.9,0,1,10,3.6,3,4.5,8.8,7.8,9.9,0.2,10.7,8.2,7.4,6.3,54.2
1049.1,15,6,10,1.1,2,3.3,5.5,4.2,4,0.2,25.7,12.5,1.2,7.8,37.2
4939.2,4,2,9,2,2,6.2,8.5,15.5,15.6,2.4,7.8,13.3,3.3,11,129.1
2331.7,2,5,1,2.7,4,5,9.9,16.9,7.9,2.4,24.7,14.8,4.6,5.6,89.5
2753,22,5,6,2.3,2,3.3,5.5,14.2,14.6,4.4,32.6,6.3,6.6,15.8,79.2
4393.4,9,6,9,4.5,5,6.9,1.2,5.3,9.7,0,19.9,15.2,4.2,13.8,86
4978.7,18,3,12,4.2,2,2.8,3.6,6.9,17.8,1,12.9,19.1,3.7,11,108.3
2997,4,5,5,3.5,3,6.4,0.4,17.7,42,0,11.1,15.1,5.6,14.9,87.5
4099.9,6,5,11,2.4,2,9.6,8.5,24.1,47.7,0.9,22.6,15.8,3.9,9.9,134.9
1769.3,13,1,10,3.8,2,7.3,0.2,23.6,10.6,1.4,12.8,8.3,0.7,14.8,44.3
1667.6,2,6,2,4.4,2,4.2,5.9,13,14.6,1.5,46.4,16.8,9.7,13.9,61
2133,12,5,5,3.4,2,7.5,1.1,22.2,16.4,0.9,1,8.1,9.3,4.2,72.1
3428,12,5,1,4.1,6,8.1,0.1,0.7,7.5,2.6,16.4,9.8,0.4,13.6,84
3474.5,9,1,9,4,2,3.3,2.6,21.5,3.2,1.1,21.3,8.1,5.3,13.4,78
1713.1,1,5,10,3.3,4,7.1,5.5,11.9,32.9,1.5,19.8,7.7,7.1,7.8,89.3
839.4,5,1,10,2.2,2,4.3,0.8,19.5,27.6,3.2,11.3,10,6.1,9.9,45.3
3235.5,7,3,9,4,0,8.2,6.1,0.1,3.9,0.4,32.8,5.4,3.5,5.7,98.3
816,3,4,6,1.8,6,3,6.7,21.7,31.1,0.8,26,7.3,8,12,75
2976.8,11,7,11,4.1,2,9.4,9.7,14.9,15.5,1.5,26.9,6.1,6.1,12.1,108.8
3528.4,14,1,9,4.2,2,5.7,9,6,16.2,2.9,10,16.1,2.4,15.8,92.3
3562.9,7,1,3,4.3,1,3.5,5.7,8.7,31.1,1.1,13.2,16.5,6.1,12.7,97.6
3816.7,6,5,4,2.9,3,4.2,7.9,5,11.3,0.2,23.9,20,2.7,9.4,89.4
4389.7,13,1,6,1.8,5,3.5,3.6,10.6,10.8,9,4.8,9.7,6,6.2,111.5
2599.8,22,6,4,1.4,3,1.5,5.9,8.3,31.6,2.5,26,10.1,7.6,13.5,78.4
3705.2,18,2,1,4,1,0.7,4,13.4,2,2.6,16.8,13.1,3,8.2,70
3172,13,2,7,4.5,0,3.2,3.4,20.4,5,1.3,30.8,4.9,2.8,15.3,73.3
1095.9,21,3,5,3.6,1,4.6,7.3,24.6,26.8,1.6,12.9,6.1,7.3,7.3,71
323.3,12,1,8,1.6,3,3.6,3,6.3,29.2,10.2,39.8,3.6,5.1,6.4,63.5
1565.8,20,6,9,4.7,3,0.1,3.8,2.7,6.9,1.8,22.9,13.3,1.4,11.4,32.2
2326.6,0,5,5,5,3,5.8,3.7,9.9,26.6,0.5,24.2,6.6,5.5,15,80.5
3162.1,18,5,8,2.7,1,1.4,8.7,3.6,25.9,6.7,9.7,14,6.6,5.7,103.9
4279.8,0,7,1,3.4,4,2.1,1.7,20.9,16.9,1.5,21,8.2,4.9,4.5,101
1142,3,4,1,4.1,1,1.2,3.8,12.5,14.6,0,11.4,10,6.2,15.6,38.4
802.6,9,3,7,3.9,2,5.2,8.9,15.5,9.7,1.7,-0.5,9.3,3.6,5.6,78.5
4824.7,2,6,6,4.9,7,1,0.2,3.8,9,0.1,15.7,10.8,8.8,11.3,79.7
718.6,19,6,5,1.5,0,2.6,9.5,18.7,2.7,1.5,32,8,2.4,6.4,56.4
2496.8,8,7,5,3.3,1,4.5,9,24.3,8.8,3.5,17.2,14.2,2.8,6,93.2
3010.7,2,7,9,3.8,1,1.7,4.2,12.1,16.6,1.5,14.5,9.3,7.7,5.9,89
2798.6,5,5,1,4.6,3,4.5,6.5,24.1,3.7,0.9,14.3,11.5,0.6,12.5,83.1
613,5,4,8,4.5,3,3.4,9.9,0.9,21.6,4.3,44.9,10.4,9.9,13.1,57.9
473.7,22,5,2,4.9,2,8.6,5.5,0.9,11.3,5.3,25.3,5.9,6.3,5.4,69.4
706.3,11,4,7,3,4,7.9,1,24,14,0.9,-1.1,15.4,8.1,5.6,48.9
3010.8,22,2,6,4.3,3,9.9,8.5,17.5,21.5,1.4,11.5,7.4,5.8,15.2,127.3
2812.9,0,6,10,2.7,1,5.3,1.3,4.7,9.3,8.1,13.2,13.2,7.9,11.1,55.4
1322,15,7,2,2.7,2,5.8,2.6,9.1,16.5,0.4,9.3,12.9,4.3,13.4,53.8
3261.3,23,2,12,2,3,9.5,8.7,12.7,19,0.7,18.8,4,5.8,5,148.5
4136.3,4,5,3,4.3,3,4,2.6,17.6,19.7,1.1,11.1,9.3,6.6,4.6,100.4
399.6,8,3,4,4.9,4,5.6,7.5,21.1,19.6,0.2,11.8,12.3,9,8.8,71.7
2591,9,1,7,2,5,3.8,4.5,2.1,5.5,0.6,19.8,8.8,0.3,10.7,65.5
3508.7,12,3,8,1.2,3,5.5,7.6,16.4,7.3,1.6,-0.5,9.5,1.1,8.5,108.9
1411.1,14,3,11,4.3,4,0.8,2.3,11.9,21.4,0.5,-7.8,10.9,6.9,12.6,34.5
1677.3,11,1,2,3.5,2,7.8,4.2,14.9,7.4,2.3,32.9,8.5,3.4,12,68.6
3145.5,4,6,8,4.8,5,9.9,3.2,12.7,14.8,0.9,28,11.4,6.8,9.4,105
4510.1,4,2,11,2,1,0.7,2.5,11.3,17.5,0.2,22.4,10.2,2.3,5,77.4
4087.6,17,2,9,1.3,4,8,3.1,5.1,4.1,2.9,21.7,9.2,6.3,11.1,110.5
2999,11,6,7,3,2,2.4,3.2,11.8,6,1.7,15.7,6.1,4.8,6.9,60.3
3705.1,2,1,1,1.3,4,2,9.6,4.7,19.4,3.5,54.2,11.6,1.2,8.6,103.7
1951.1,6,4,6,2,2,6.9,5.3,1.1,22.8,0.9,20.3,0.4,9.3,4.2,89.1
3276.6,16,3,8,1.5,4,0.4,4.6,9.3,19.5,0,49.3,11,7.9,10.3,90.8
2437.7,18,5,5,1.9,2,4.6,5,0.6,2.7,0.1,42.8,10.1,7.8,12.4,81.2
1111.7,17,2,12,1.4,2,0,10,14.1,4,3.2,23.5,6.7,7,10.9,60.6
3568.3,0,6,2,4.8,5,5.5,6.5,1.8,11.3,1.1,15.5,4.4,0.2,13,79
2871,23,5,5,2.1,1,4.6,7,10.9,3.6,7.5,18.2,11.7,5,16,92.2
1921.4,4,7,8,2.8,3,9.2,3.1,24.5,7.4,3.5,13.2,9,7.5,11.6,85.1
4574.4,1,1,2,4.6,5,7.2,4.7,0.2,52,0,23.5,10.6,2.2,6.7,129.4
300.5,0,5,1,3.7,2,1.3,1.8,9.2,30.5,4.1,26.1,2.7,6.2,10.9,35.3
1715.7,6,5,4,3.5,4,3.5,6.9,16.8,6.6,0.5,3.3,11.9,9.3,6.9,70.6
473,10,3,4,3.8,2,9.3,3.4,4,3.1,1.3,49.4,13.8,7.5,8,59.8
3879.3,10,1,9,4.3,2,7.3,7.5,14,17.4,1.4,8.6,9.4,5.5,8.2,114.1
3570.1,17,5,3,4.5,1,5.9,2.1,6.5,8.8,0.1,-14.2,6.4,3.1,10.2,77.5
1790.5,16,2,4,3.6,6,5.6,4,5.6,21.3,0.3,17,11.7,6.4,10.3,74
3443.2,1,1,3,4.6,2,4,4.7,22.4,12.7,1.1,4.2,8.9,7.1,12,84.6
2100.5,6,2,2,3.1,3,5.9,1.7,5.1,56.2,2.1,17.4,13.5,6.4,9.3,91.8
3830,6,6,4,2.1,4,7.7,0.7,9.4,15.9,0.6,18.9,10.1,7.6,6.3,99.7
2380.1,9,6,8,4.5,3,1.3,3.2,4.2,18,1.5,23.3,1.4,2.8,9.9,62.7
2178.9,21,7,1,3.2,3,9.7,5.4,7.1,38.2,1,30.1,0.6,5.1,13.6,108.2
4686.7,20,4,8,4.6,3,2.4,6.5,7.3,2.8,2,5.9,7.2,5.5,12.4,112
1404.2,2,6,8,1.2,4,4.5,4.3,8.2,27.9,1.1,13.6,11.8,0.9,5.4,64.1
778.1,11,5,3,2.6,4,0.2,5,16,28.8,3.8,26.1,8,1.8,15.4,29.8
3005.8,2,1,10,4.8,3,5.5,5.4,18.6,15.3,8.2,10.1,12,3.1,7.7,77.3
4852.7,10,6,10,2,6,3.8,5.1,12.8,14.5,4.9,-4.5,7.4,0.5,11,108.3
2013.6,11,2,12,4.8,3,2.5,0.9,15.3,9.5,0.4,25.4,18.3,2.3,4.4,47.5
497.8,3,5,12,4.8,2,9.9,4.1,20.3,3.5,1.2,11.2,9.2,5.2,14.9,56.8
1828.7,15,6,6,4.5,2,4.3,2,25,10,1.2,10.4,11.1,5.4,12.2,52.3
2628.5,19,3,4,3.3,2,4.1,5.3,11.4,5.9,3.7,19.4,6.2,2.5,7.3,82.9
977.2,17,2,1,3.6,5,4.6,7.6,23.4,7.2,0.9,18,8.3,9.5,12.2,82
3358.9,3,7,1,4.5,5,1.2,5.8,12.3,15.9,1.6,30,12,4.7,7.5,75.1
4989.2,21,7,5,4.1,1,3.9,2.2,19.5,8.5,1.9,3,9.8,6.4,7.1,92.5
2368.3,5,7,12,3.5,1,3.4,2.1,14.3,19.8,0.2,45.1,0.1,0.3,9.4,74.4
1902.7,20,2,8,4.9,1,4.7,0.4,22.1,14.4,1.6,1,12,4,11.2,42.6
2123.4,14,7,1,3.7,5,8.6,4.3,11.2,12.4,0.6,13.3,12.4,5.4,6.5,79.1
752.7,0,4,2,4.9,3,1.9,4.3,17.4,5.9,0.5,7.6,12.9,3.1,12.9,46.6
4439.7,2,3,7,1.2,4,6.1,2.4,11.7,12.6,0.6,18.7,14.4,1.7,10.9,94.8
2191.2,4,4,8,1.6,1,0.4,7.6,21.4,24.7,0.2,18.2,10.7,2,4.1,60.7
2058.9,21,6,12,2.8,3,3.2,3.9,24.9,4.1,0.1,20,19.6,4.7,10.6,63
3366.5,16,3,3,2.5,4,4.7,6.7,6.1,5.9,2.1,21.1,10.9,0.7,9.1,89.1
2321.8,13,2,11,4.1,0,0.7,6.4,11.9,15.1,5.7,33.7,0.8,2.3,12,60.5
3311.5,8,4,12,1.6,4,5.4,6,2,2.5,2.3,19.9,10.9,7.2,14.8,118.5
494.9,2,5,8,4.9,3,3.1,9.1,3.5,13.7,0.7,34.7,14.5,2.1,7.2,31.2
4105.9,12,3,1,2.3,4,9.9,0.2,23.2,4.2,0.8,-3,4.5,1.2,12.1,108.5
4714.4,2,2,9,2.7,3,6.3,0.7,13.6,20,1.6,-8.2,8.9,0.8,5.8,101.2
3314.1,10,1,12,2.1,1,2.4,7.2,9.9,15.1,4,19.5,14.9,9.9,5,95.8
4781.9,1,3,2,3.3,2,1,3.5,16.8,48.7,0.5,21.9,7.7,0.9,15.2,102.9
926.9,23,3,2,1.2,3,0.4,9.9,14,11.3,1.3,11.6,9,4.3,14.3,58.5
2491.6,14,6,4,1.6,1,0.9,2.2,7.2,18.8,1.4,17.9,13.1,5.1,10,56.9
3088.7,12,5,12,4,2,6.8,1.8,5.7,8.3,5.4,30.9,4.9,9.6,5.7,103
2992.3,18,6,10,1.7,4,8.5,5.9,14.8,11,1.5,26,10,8.9,7.2,118.4
2127,21,7,3,1.9,5,1.6,2.8,4.7,2.6,3,14,6.1,2.4,10.8,42.7
1822.8,15,3,4,4.2,3,4,3.4,3.5,6.4,0.2,20.4,8.9,0.8,11.8,35
808.8,17,3,6,1.4,1,3.5,9.2,8,14.7,0.8,27.1,10.9,4.4,12.3,61.7
2080.4,6,7,7,2.7,5,6.4,0.3,21.5,14.8,1.9,3.2,14.2,1,13,48.7
980.8,12,5,5,1.1,4,1.8,5.3,0.9,18.3,2.3,8.3,11.2,8.7,6.5,51.3
3725,3,5,2,2.4,5,9.5,3.3,20.8,19.1,4.3,29.1,7.7,7,7.6,122.2
1202.4,8,4,3,3.8,3,7.3,3.5,15.5,4.5,1.8,-2.8,14.8,9.4,4.2,69.2
481.1,9,2,10,1.4,4,9.6,2.5,1,34.9,0.7,4.9,12.5,5.7,4.9,86.7
2851.4,8,2,11,4.6,3,2.8,1.3,15.1,4.1,1.5,3.4,2.2,3.6,7.7,66.8
3057.1,6,4,3,4.6,2,5.9,0.3,10.7,19,2.5,29,13.4,5,6.2,81.7
4385.2,14,2,5,1.4,1,7.3,9.9,21,28.6,3.1,5,10.3,1.6,9.9,139
2969.5,7,3,12,5,2,7.1,6.6,22.7,5.9,5.8,27.5,9.9,4.6,14.2,103.7
1858.3,18,4,11,2.2,2,0.2,7.8,7.2,6.1,0.4,13.8,14.8,10,12.7,64
4054.5,10,4,12,1.3,2,10,0.7,19.6,8.8,2.2,39.3,9.2,6.9,13.1,108.4
2793.3,4,2,5,1,5,9.3,0.1,7.7,25.9,0.4,19.5,13.6,0.6,11.2,81.2
580.5,1,1,4,2.6,4,1.2,6,7.4,7,0.8,30.8,15.1,7.3,12.4,27.4
2916.1,9,2,8,3.5,3,5.4,7.2,4.8,19.5,0.3,23.5,10.2,1,6.2,96
4558.5,15,6,6,2.3,3,3.1,3.9,17,9.3,3,12.6,11.8,3.9,10.6,93.1
2102.3,22,1,6,4.3,2,8.8,3.9,6.5,13.1,4.9,17.8,12.8,7.9,10.8,81.3
1622.4,12,4,1,3.9,2,7,3.8,11.6,23.5,0.1,18.1,11.8,1.3,11.5,63.6
888.7,7,1,6,2.4,3,2.2,1.5,20.3,12.3,3.4,12.5,13.6,2.9,13.4,46.6
926.9,8,3,3,3.9,0,0.3,7.5,19.8,12.6,0.6,28.7,5.8,2,15.3,33.9
2277.3,10,5,6,4.8,2,2.9,2.2,21.4,2.7,1.3,48.1,7.4,8.7,12.5,51.7
3059.3,10,1,10,1.4,3,0.4,3.2,4,10.9,2.8,19.4,5,1.5,15.1,63.7
587,22,6,11,2.2,4,1.4,6.7,14.7,18.8,1.4,26.6,16.7,5.4,10.6,45.8
4709.9,15,5,6,2.9,4,6.4,0,22.9,14.7,0.5,24.3,3.3,2.8,7.5,106.6
3824.6,9,3,2,3,1,7.5,7.7,1.1,33.5,4.7,-13.3,15.3,5.1,11.9,145.7
3015.8,23,6,1,3.2,1,4.7,9,19.9,21.5,1.8,23.9,11.9,1.7,15.8,87.4
4176.5,11,7,11,2.2,3,6,0.5,6.2,16.8,5.4,23.3,6.5,7.6,12.5,87.6
584.9,5,5,3,3.7,2,1.6,5.9,16.7,21.3,3.7,3,4.9,6.4,15.6,46
2488.8,11,7,5,3.6,3,3.2,4.1,17.9,19.5,4.2,-3.5,9.8,0.4,4.3,63
3224.4,9,3,4,3.3,7,7.1,0.8,23.1,4,0.9,23.1,9.1,9.5,7.1,105.3
4177.5,17,5,7,1.5,3,3.6,6.8,12.7,27.7,8.7,37.7,11.6,8.9,7.3,137.5
3960.7,17,5,4,2.9,0,3.5,6.1,21.2,9.4,3.8,13.6,1.2,3,9.1,96
1529.9,3,2,8,2.4,2,1.9,6.4,1.1,20.8,0.8,14,9.2,2.9,4.4,51
4716.2,8,6,7,3,6,5.9,8.1,10.5,4,4.5,45.7,6.5,5,15,134.5
796.9,6,6,10,4.7,4,8.1,2.9,11,46.5,2.8,28.8,15.1,6.2,12.5,63.9
4400.6,17,1,9,2.9,1,4.7,6.8,13.5,14,2.6,3.4,11.6,2.9,5,114.2
4860.5,7,7,1,1.1,1,1.2,7.4,12,4.5,0,9.4,8,8,6.1,124.4
1050.3,10,7,5,2.8,1,8.4,1.7,24.2,15.9,0,44.2,15.7,0.8,11.2,52.8
3665.9,6,6,4,4.3,2,0.7,9.6,2,23.9,2.4,10,8.3,4,14.9,67.9
393.4,8,6,6,4.1,5,4.7,3.4,6.6,33.1,0.7,11.6,9.6,5.6,5.1,61.4
2146,7,5,1,3.1,2,2.6,7.1,24.2,17.4,0.1,26,11.1,8,9.2,81.2
2678.2,2,7,6,2,2,9.4,7.5,11.1,17.5,0.7,14.8,13.6,8.7,6.4,114.8
2987.1,16,4,1,2.9,4,7.4,5,14.3,19.7,3.6,23.3,10,2.4,6.2,101.5
4692.5,1,2,1,3.3,3,5.7,1.3,2,8.6,1.3,21.5,15.7,2.4,12.8,103.5
3426.8,14,1,8,5,1,6.7,2.8,7.1,11.3,1.9,16.3,8.4,3.7,13.9,83.8
2510.1,13,2,2,3.6,2,5.3,2.3,1,26.9,3.2,32.5,6.1,4.3,15.1,80.4
4086.4,17,1,10,3.8,5,1.5,5.2,3.4,14.3,0.8,2.7,16.4,8.5,12.2,97.3
4762.6,15,3,6,3,5,7.1,2.6,15.8,22,0,19.4,8.7,0.1,4.8,108.2
305.9,19,5,6,2.4,5,4.9,5.5,19.1,5.6,0.8,11,12.4,6.8,8.3,52.6
4916.1,21,6,6,4.3,2,6.3,2.9,21.8,7.2,6.3,37.7,13.1,2.2,9.3,95.7
613.4,3,6,8,3,2,0.5,0,6.3,12.5,1.3,15.9,18.3,8.8,7.3,14.5
4109.1,19,4,4,5,5,1.4,3.6,8.3,37.5,1.7,41.1,8.8,3.2,10.5,99.6
1545.6,5,7,3,2.8,4,5.9,6.1,14.2,24.5,2.9,12.9,12.1,5.4,6.8,69.3
834.5,5,7,6,1.3,5,4.6,7.7,2.1,10,0.2,19.3,6.9,3.3,14.8,62.1
2311.3,10,2,4,3.7,3,2.3,0.3,20.2,20.1,2.6,31.1,8.1,4.3,5.7,50.9
3291,16,2,2,1.2,2,2.4,2.6,12.1,8.3,0.7,6.5,7,5.2,9.1,81.6
2028.6,23,2,6,2,1,6.3,9.9,24.1,17,1,36.1,13.4,7.5,5.5,101.8
461.9,2,7,10,2.4,2,0.6,2.6,2.9,30.7,0.6,18.3,13.7,1.2,8.3,24.1
3077.4,12,6,5,4,5,4.3,7.8,3.3,19.6,0.3,22.9,11.5,3.5,9.8,81.4
4531.5,21,7,11,3,2,5.2,5.1,8.7,5.5,0.9,24.6,6.9,6.4,10.6,107.2
2039.4,2,2,9,1.1,1,3.1,1.2,5.2,14.9,0.2,17.1,7.4,5.9,8,58.7
1238.4,15,5,11,3.5,4,8.2,6.4,17.4,6.4,3.7,8.3,7.2,7.8,13.7,79.6
2324.4,14,1,6,2.6,6,0.6,9.7,23.7,17.1,0.7,19.1,11.4,8.9,10.2,75.3
432.1,10,6,3,4.7,6,8.7,8.9,2.2,2.9,2.1,-6.1,3.7,0.9,15.9,61.4
4138.3,17,5,11,3,4,7.2,6.9,6.1,22.6,0.7,2.3,8.4,7.1,5.5,132.6
4166.4,14,3,5,3.8,4,4.5,5.1,5.9,9.7,0.5,16.3,4.6,2.8,6.2,94
3022.4,4,5,10,1.9,3,9.2,3.2,12.7,24.6,2.5,36.6,12,4.8,13.6,102.4
1894.9,15,5,8,4,2,7,3.6,11.3,8,2,36.2,6,6.3,10.7,73.5
4039,15,3,9,3.9,1,9.3,3.5,18.2,3.5,0.5,29.8,17.8,1.5,8.3,86.7
2862.5,16,5,8,4.6,2,4.7,9.2,18.3,26.5,1.9,-0.5,14.2,3.5,8.9,87.6
4164.5,8,1,3,1.1,2,4.5,2.1,14.3,17.7,0,21.6,9.6,9.8,10.8,107.3
3231,22,6,9,2.8,2,5.3,3.8,14.8,14.7,0.4,7.7,11.7,1.4,5,72.7
3965.1,2,4,3,3.7,5,0.7,4.3,21.1,24,2.6,17.2,11.9,0.8,13.2,75.2
3073.1,19,7,8,1.4,2,9.1,4.1,9.9,20.2,1.1,29.5,6.2,8.4,9.4,123
2187.9,12,3,10,2.6,4,6.7,0,0.3,18.6,0.5,25.9,15,4.3,9,63.6
4798.1,21,6,9,4.8,5,6.2,2.7,5.3,15.5,1.4,33.4,9.6,6.7,13.3,98.4
2797.3,2,2,7,2.7,1,9.3,5,0.9,30,1.3,1.1,6.9,3.1,10.8,99.7
3104.4,6,1,4,4.9,2,9.9,7.6,9.8,13.1,2,5.7,12.2,2,13,104.8
1258.3,5,4,10,1.2,5,1.6,5.7,8.9,2.1,0.2,36.1,5.5,2.1,15.1,42.1
3203.1,8,1,9,3.9,1,7.5,3.8,2.5,17.9,3.4,36.3,12.6,2,15.4,83.2
2943.7,11,1,3,3.3,6,5.8,6.7,18.9,0.8,0.1,17.8,11.4,2.5,9.2,80.2
1087.2,14,2,3,3,1,4.6,6.7,13.8,14.4,1.2,17.7,7.4,2.2,4.8,46.6
486,20,4,2,4.9,2,9.8,2.5,5.6,32.4,2.5,32.1,13.8,8.1,4.1,89.1
3100.9,19,7,10,1.5,8,8.5,1,19,18,0.8,24.4,12.8,5.3,12.5,92.7
3865.7,2,1,3,4.6,6,7,8,16.7,14.8,4.8,25.3,8.7,3,5,110.3
2712.3,9,2,1,3.8,1,3.8,5.3,4.8,15.9,2.8,6.9,12.2,3.5,8.7,83.7
1288.5,0,3,4,2,1,6.7,1.8,24.6,3.5,1.1,31.8,4.7,9.6,11.9,54.2
3399.3,18,2,8,4.6,5,5.3,2.6,4.4,16.9,0.4,15.6,12,1.8,16,74.8
584.5,18,5,5,2.7,4,2.5,7.7,19.3,6.4,0.1,1.3,4.2,8.9,6.7,64.1
2320.8,22,6,2,4.3,4,4.5,6.5,24.2,7.9,3.2,8.6,10.5,7.4,4.1,86.9
984.2,22,2,3,2.6,1,2.1,9.5,18.1,13.5,0.4,10.8,12.8,6.1,4.5,58.6
1085.4,12,2,1,4.4,1,5,4.6,16.6,28.6,0.6,35.7,11.4,6.2,6.7,67.5
1171,11,2,2,3.5,4,7.2,0.5,22.6,11.8,0,9.6,16.2,4.2,15.9,52.8
2056.2,0,7,1,1.6,4,0.4,7,6.7,4.8,0,22.6,6.8,4.4,4.9,57.2
445.5,18,1,2,3.6,0,7.7,2.5,6.9,15.1,0.5,-7.3,11.6,8,13,62.8
2109.4,23,7,3,1.8,2,0.2,3.2,16,13.7,4.1,29.2,1.5,8.1,5.8,69.7
2656.2,15,4,1,2.6,0,5.2,2,22.1,20.6,3,8.5,8,5.7,6.4,89.1
2519.8,22,2,11,1.7,3,5.7,3.1,15.4,33.6,2.9,22.7,8.8,7.7,5,89.1
2037.4,22,2,9,1.1,2,7.6,8.3,24.4,10.5,3.5,22.7,16.3,8.1,6.7,106.9
4227.9,14,5,10,1.8,2,7.6,5.8,5.6,6.9,0.4,25.6,9.9,3.3,5.4,115.9
897.6,15,5,5,3.1,2,4.2,1.1,20.6,21.8,7.7,22,13.7,6.2,4.2,43.9
2627.3,10,3,8,2.9,5,0.7,5.9,23.2,7.9,0.5,41,6.4,4.4,13.6,65.1
497.8,23,3,5,3,6,6.9,6.3,10.7,16.5,0.3,20.5,8.7,1,6.3,60.8
541.5,5,5,8,2,2,5.1,8.8,24,16.3,0.7,45,6.7,6.5,5.4,76.7
2954.6,10,4,7,3.7,5,3.3,8.6,5.1,8.6,1.5,25.7,6,5.9,7.3,83.9
2916.9,2,3,12,3.8,5,2.3,0.6,23.8,28.3,0.3,21.3,6.3,1,13,61
4414.6,14,6,4,2.4,6,1.2,8.7,22.6,20.3,2.7,28.7,7.5,0.7,6.7,106.1
2877.8,0,6,7,4.5,3,3,0.5,1.7,15.4,0.9,20.4,18.2,2.5,10.5,45.4
4807,6,4,6,3.6,1,4.6,1.5,13,6.5,1.7,23.4,9.8,8.3,6.6,102.9
433.7,0,5,3,3.9,3,4.8,1.1,13.2,2,2.7,22.2,4.6,0.6,8.6,26.5
670.4,16,3,9,2.1,0,5.8,1.8,1.4,40.4,4.6,21,7.9,4.6,10.3,53.7
411.5,8,2,12,1,4,3.6,8,1,6.4,3.4,43.4,14.1,1.8,13.1,55.8
1089.3,22,5,10,4.5,3,9.2,6.9,0.1,6.3,1.5,45.3,7.2,2.5,7.4,73.4
2798.1,12,3,9,4.3,5,5,6.9,13.1,9.6,9.5,21.9,16,7.7,9.4,89.3
3298.7,10,4,5,1.5,1,4.2,9.2,11.6,9.3,1.5,33.1,14.1,8.5,11.7,103.5
418.8,19,6,8,2.5,1,0.5,3.9,23.5,14.3,1.5,32.4,9.2,5.8,7.3,38.4
4740.7,5,4,7,3.6,3,6,0,8.6,6,0.3,31.1,7.4,8.6,6.6,100.7
4242.4,0,3,9,3.6,2,6,6.4,16.5,1.6,0.3,24.5,6.2,8.6,10.8,116.9
1623.7,6,4,7,4.4,2,5.8,8.7,0.2,43.1,0.4,26,10.8,2.2,15.4,70.9
570.5,11,3,4,1.6,1,8.9,9.8,16.6,8.2,1.8,24.9,11.7,6.5,14.9,96
1015.5,21,3,4,2.7,4,7.6,3.6,22.8,15.1,1.1,9.4,15.4,7.8,11.2,69.4
809.3,19,4,11,1.4,2,8.7,8.2,8.9,51.2,1,17.2,11.4,5.6,9.1,109.3
791.8,22,1,8,2.6,5,0.6,8.5,7.9,3,0.3,3.6,8.6,8.1,10.8,50.5
2689.1,18,2,6,1.1,5,3.2,1.4,15.7,32.6,1,24.9,15.5,6.3,13.6,94.2
1380.1,16,5,9,4.6,2,3.2,6.3,8.2,12.5,0.9,23.2,13.3,2.8,5.1,46.9
1919.1,3,6,10,3.1,3,6.6,1.7,10.1,9.7,1.9,26.4,7.2,6.9,13.4,70.3
4949.6,2,2,7,4.4,4,4.5,4.5,6.8,26.3,1,8.7,9.7,5.9,11.9,120.7
3484.7,0,5,7,1.2,4,7.8,8.8,8.6,25.8,1.1,29.6,12.6,6.2,7.2,128.7
4755.1,17,5,4,1.9,3,3.8,7.9,17,30.6,0.6,23.7,11.2,1,14.5,119.6
884.3,20,6,3,2,4,2.2,5.7,23.1,10.5,0.3,44.8,6,1.3,5,61.8
2034.3,14,2,8,2.5,4,2.9,8.1,14.6,28.2,0.7,27.7,10.7,8.1,15,81.2
2862.7,7,6,7,4.2,9,1.8,1.5,0.3,31.9,0.1,10.8,7.3,4.3,8.7,73.5
568.4,0,3,4,2.5,5,2,1.9,6.6,6.8,0.5,1.8,10.3,2.2,13.7,24.4
220.1,19,6,4,1.8,2,2.2,2.1,23.8,16.8,0.8,20.6,4.8,0.9,5.9,28.2
3418.1,13,4,1,1.3,2,0.2,7.8,22.8,26.1,0.3,5.6,6.4,2.6,10.8,93.6
3280.7,3,1,11,1.3,1,7.2,8.9,2.9,6.6,2.2,9.2,18.4,3,4.4,106.2
2171.8,4,1,7,4,3,4,5.6,22.7,23,0.7,6.4,8.3,9.8,7.3,82.1
2550.3,22,1,1,2.8,2,0.2,9.6,24.1,11.9,1.9,11,14.5,8.3,14,79.5
2194.1,12,2,10,3.9,5,3.7,7.3,8.1,16.7,2.1,35.5,9.5,0.8,9.5,66.8
315.2,23,2,10,3.7,5,9.1,5.6,17.5,17.9,1.2,6.4,5.2,7.5,11.9,69.2
1809.8,14,3,4,1.5,1,5.1,6.1,14,9.7,1.2,12.9,5.7,5.6,13.7,77.7
1050,5,7,11,1.6,4,9.9,8.5,8.4,15.2,1.7,0.8,6.8,2.3,10.4,88.4
672.4,0,1,3,4,2,5.4,0.9,3.8,5.7,0.6,-2.5,18.6,7.5,11,36.3
4792.3,22,3,11,3.9,4,9.6,1.7,9.2,16.7,0,14.6,9.1,0.3,13.2,105
3076.9,18,7,3,2.5,2,2,2.7,23.2,28.6,2.1,20.5,10.7,7.3,5.4,94.5
3697.6,12,1,12,1.3,6,2.9,8.9,20.3,16.7,1.9,4.2,12.7,9,4.9,127.1
1713.7,5,2,1,1,2,7,9.4,8.3,6.5,1.3,-0.2,12,8.8,11.5,98
2087.1,14,7,4,2.2,4,9.9,3.6,13.7,10.3,4.2,-4.5,13.5,7.7,15.7,85.2
1337.2,15,4,1,1,5,8.3,9.2,10.1,18.1,1.4,19.7,7.9,9.3,11.7,113
665.4,23,4,8,1.9,5,5.5,5.5,11.7,40.1,0.7,29.2,5.3,7.1,12.5,62.4
1059.4,22,4,1,2.7,1,0.9,4.7,19,5.1,2.5,0.9,6.2,6.9,11.9,45.1
4028.1,15,6,12,1.5,2,3.6,8.3,13.6,20.2,6.6,10.2,3.9,0.3,11.3,113.4
3452.2,9,4,6,1.4,0,0.9,5.5,4.5,14.7,2.7,31,7.9,1.7,6.4,81.5
2825.3,21,5,7,4.6,8,3.1,4.5,6.7,12.1,4.8,15.4,0.1,7.8,14.1,76.8
2480.4,8,1,10,3.3,6,2.6,0.2,14.2,12.6,0.2,16.8,12.9,10,10.9,72.6
4627.7,8,4,12,4.7,1,3.9,0.1,17.3,3.6,0.3,22.6,12.3,7.2,15.7,90.9
549.1,16,7,2,2.4,4,8.4,6.3,12.7,13.8,0.3,12.7,6.1,5.8,4.8,77.2
1546.9,16,5,4,3.7,1,1.5,0.7,15.5,30.2,2.4,8.7,4.5,1.8,7.6,38.4
1879.7,16,5,11,1.8,2,3.1,7.4,19.7,9.9,1,21.7,16.1,9.5,5.2,74.9
3955.6,23,5,3,3.5,5,2.6,6.2,13.6,45.8,1.3,1.4,13.9,6.5,14.3,100
4964.1,11,3,9,1.5,3,3,4.6,24.4,1.9,0.6,-1.3,9,4.9,13.8,111.9
1355.2,12,7,7,1,1,3.6,7.1,5.9,6.5,2.7,9.7,7.3,8.6,13.3,63
4396.7,11,3,2,4.7,4,2.4,9.9,23,40.5,3.7,26.5,10.2,9.5,12.1,126.5
4187,13,5,11,3.2,3,9.4,2.5,6.2,11.4,0.3,31.9,4.2,3.7,5.3,108.7
1278.4,9,6,12,4.7,2,4.2,5.6,13.3,38.7,0.4,12.3,11.2,5.2,8.9,81.8
2116.8,22,4,6,2.3,3,1.1,8.4,11.4,16.2,0.8,28,5.2,1.2,12.5,63.5
2166.4,18,1,9,2.3,3,4.7,0.2,9.3,21.8,0.7,34.6,0.4,9.6,8.3,87.7
4895.5,1,7,12,2.6,1,1.8,2,24.1,12.7,1.5,18.5,6.7,1.2,12.6,83.4
1068.3,3,6,3,3.8,1,2.2,5.2,6.8,19.3,2.8,25.6,5.9,9.3,7.4,48.3
4036,18,2,11,3.3,4,2.9,5.5,16.9,23.2,3.2,40.4,17.2,1.9,10.5,94.2
1804.1,6,3,6,4.7,5,1.2,0.9,20.1,31.5,0.5,9.5,16.7,9.1,8.3,49.1
3708.2,14,4,3,1.1,6,7.2,4.1,4.9,22,0.4,15.1,5.5,4.5,15.1,105.4
2216.1,14,4,3,3.8,1,7.9,5.2,24.3,18.7,0.9,37.2,9.6,5.9,9.3,95
2976.1,23,2,4,2.3,3,3.9,4.2,13.7,38.7,0.3,6.7,7.4,0.4,7.4,87.3
4196.5,5,2,9,1.7,3,6.9,7,22.9,5.3,0.2,19.9,17.4,3.9,4.7,111.6
4060,2,7,11,3,1,3.9,7.7,16.6,2.1,0.6,10.5,2.7,4.9,5.7,96.4
4358.8,5,4,8,3,4,1.6,4.6,16.2,6.4,1,34.4,11.9,0.1,10.8,83.8
486.2,15,2,1,1.5,1,4,4.3,8.6,34.5,1.8,3.8,15.1,6.6,12.4,61.6
3521.8,1,4,12,1.8,3,5.6,7.1,19.3,8.1,2.6,17.2,7.8,8.4,15.5,122.8
871.9,6,6,11,2.6,3,0.4,5.6,0.7,8.4,0.5,5.4,10.1,0.2,11.2,24.8
2195.9,10,7,1,2.6,7,6.5,8.7,13.9,20.1,3.4,0.4,14.2,4.9,12.2,111.9
2833.2,6,2,7,2.3,5,7.4,4.8,0.8,17.1,0.1,-4.8,5.6,0.3,11.4,89.3
2133.1,3,6,3,1.6,2,8.6,5.7,7.7,3.1,1.2,16,12.5,8.7,14.8,84.5
2694.1,23,6,11,1,7,1,1.3,2.4,14,2,23.8,3.8,1.6,7.6,54.6
4983.3,19,2,7,4.9,5,0,8.4,22.8,21.9,0.7,18.2,3.6,0.6,11.2,100.8
849,6,7,9,4.8,5,0.7,4.2,15.7,10.2,2.3,20.8,13.4,8.6,15.5,24.4
3442.2,3,4,3,2.9,1,9.2,7.2,16.7,4.8,4,12.8,6.1,4.4,4.1,121
2100.8,11,5,3,5,5,7.7,4.3,21.3,6.7,0.2,29.8,10.7,1,7.3,79.2
838.4,4,4,2,3.7,3,8.4,0,18.3,8.1,1.4,26.7,5.3,6.5,13.1,57
961.9,22,1,10,1.3,4,5.2,4,3.1,4.9,0,19.5,11.1,7.1,9.6,65.8
4756.5,18,2,1,1.5,2,5.3,1.5,15.4,19.9,0.7,20.5,3.4,5.7,6,127.2
4422.1,4,3,9,4.7,1,3,4,24.5,21.8,0.3,12.4,15.2,3.3,10.9,92.7
4553.8,18,7,6,3.5,6,8.4,3.2,5.4,23.9,2,41.3,13.3,4.2,10.2,113.1
4959.4,20,2,6,4.4,2,8.3,2,15.5,21.5,0.6,27.7,7.6,9.5,9.4,136.7
1199.9,2,1,8,4.6,3,3.9,1.2,14.1,27,0.7,16.8,2.5,5.3,8.1,44
1906.1,10,6,11,2.8,3,3.3,7.3,9.8,12.9,0.5,15.9,9.2,4,4.6,69.3
3412.3,6,3,5,1.2,1,7.4,7.5,23.9,5.5,0.6,13.3,8.6,7.1,11.2,122.4
2522.3,16,3,9,1.8,1,0.3,2.6,8.9,15.9,0.5,14.4,7.8,0.8,10.2,50.6
2208.3,8,4,11,1.3,3,8.6,5,2.3,8.2,2.4,21,14.2,2.9,11,94.1
1917.5,20,5,5,1.8,2,4.5,4.6,24.1,21.3,6.2,-2.5,14.9,2.3,4,82.4
3050.1,8,4,2,2.6,3,4.4,3.6,18.2,9.7,1.3,15,11.7,6.8,5,102.4
2962.8,9,7,6,1.5,2,6.7,2.8,8.6,26.6,1.8,16.4,16,6,6,108.3
975,12,3,9,1.7,5,6.5,1.9,7,4.2,3.4,17.9,0.1,7.6,9.4,62.7
2464.4,14,3,3,2.8,3,2.7,8.7,23.2,15.3,1.3,20.1,8.8,4.3,13.7,80.4
2856.7,21,5,10,2.4,2,9.4,8.3,6.8,18.8,0.7,18.4,8.6,1.7,7,98
2937.4,4,7,4,2.9,2,9.9,4.2,13.4,6.5,6,22.9,13.4,1.8,13.7,93.8
1208.5,2,2,10,2.7,6,5.3,7.2,5.4,21.2,4.7,16.4,8.7,8.9,6.8,77
3762.9,7,5,11,3.6,5,5.6,5,24.9,11.8,0.5,29.9,12.2,0.7,13,99.4
321,19,6,8,4.7,4,5.5,0.9,19.2,3.1,2.4,25.9,8.1,5.9,14.5,39
1903.2,9,4,6,1.4,5,4.9,8.2,14.2,14.2,2.1,45,7.3,2.3,13.8,79.4
3945,12,2,7,1.4,4,9.5,2.2,18.6,5.1,2.1,26.4,13.2,2.1,12.9,108.1
2906.7,2,4,7,4.4,5,2.4,7.1,22.9,26.5,3.6,9.1,10,1,4.5,82.9
1453.6,21,5,4,3,3,1.1,5.3,24.1,8.4,2.2,16.1,11.2,9.8,8,61.2
3535.8,7,2,12,4.1,2,9.3,6.9,19.7,11,1.5,11.9,5,0.6,6.4,120
2923.5,8,5,6,1.9,1,2.1,4.7,21.2,7.9,3.7,18.1,12.7,1.5,9.7,83.2
4022,21,6,12,4.3,3,7.5,7,9.9,8,0.6,31.2,5.7,3.7,8.3,115
3728.1,20,1,9,4.7,4,2,0.3,9.8,9.6,2.3,14.1,16.9,4.6,11.4,68.1
3128.5,11,3,3,3.5,3,9.6,0.4,20.2,7.3,2.4,11.2,9,9.5,10.8,87.5
2543.3,10,7,8,1.4,4,7.9,9,19,1.6,4.1,24.2,8.3,2.4,9.2,99
839.3,1,2,7,4.6,3,9.2,7.5,22.5,12.3,12.8,8.2,13.6,7.2,13.2,92.3
1454.4,17,3,4,4.2,2,9.5,8.3,3.3,45.6,1.6,7.5,9.8,6.6,4.2,111.2
2211.7,8,1,10,4,3,0.8,4.6,17.3,5.4,1.3,22.6,12.9,5.2,14.4,44.4
3076.6,1,2,3,1.1,3,4.3,4.6,16.2,17.8,1.8,-3.5,8.8,2.7,4,87.3
2665.8,1,3,7,4.2,2,6.5,5.3,20,13,2.1,12.2,12.9,1.6,9.4,79.3
1583.3,2,3,10,1.6,4,8,2.4,0.6,12,2.5,28.3,9.7,1.8,14.6,74.9
231,15,2,9,1.9,3,2.4,7.3,20.7,19.9,0.7,-4,13.5,3.5,9,50.1
2581.9,18,3,12,3.3,1,9.1,8.3,8.2,2.3,1.3,-3.1,14.6,1.4,13.1,102.9
1571,3,3,10,2.1,0,2.2,9.1,17.2,20.1,0.9,0.8,3.7,10,8.8,77
3726.1,22,2,3,3.6,3,8.7,5.2,15.4,8.3,0.1,-14.8,11.4,4.5,14.2,96.7
314.9,17,7,10,3.4,4,5.1,4.1,11,17.4,1.9,40.8,17.3,5.4,16,29.4
3007.2,19,3,9,1.4,4,5.2,8.3,18.7,5.1,4.2,19.4,12.5,6.2,14.8,107.5
4719.1,17,3,8,3.6,1,3.7,7.5,24,4.2,5.1,10,19.8,2,4.7,118.5
1037.2,9,7,12,4.7,4,1,8.7,8.1,16.6,1.5,2.5,6.3,4.8,5.8,59.3
2463.9,10,4,3,1.6,1,3.5,6.6,18.7,35.2,2.9,44.4,11,0.6,10.5,75.6
638.8,16,6,8,3.4,7,4.3,8.8,7.9,31.4,2.5,25.9,12,9.7,15.5,74.4
3203.3,23,4,12,2.4,0,4.8,0.9,21.1,18.6,0.5,16.5,7.9,4.7,8.9,94.9
2842.6,22,1,4,2.8,3,7.4,6.8,10.9,29.6,0.1,32.6,5.1,0.3,7.3,89.1
2155.4,23,4,6,2.1,6,3.5,0.9,11.2,17.5,2.8,22.7,18.7,6,15.6,60.2
2702.6,19,4,12,2.4,4,4.1,7.5,19.3,29.1,0.7,12,14.5,1,12.5,95.2
4503.6,15,1,10,1.1,7,9.1,6.3,12.4,11.5,1.6,10.7,12.2,7.9,13.2,140.8
1142.2,19,3,2,4.9,4,7.5,0.2,6.7,30.9,1.5,10.9,10.2,9.5,5.3,72.1
308.3,12,3,8,3.5,3,0.2,6,24.9,9.4,3.4,5.8,10.6,9.2,7.2,54.2
4336,1,4,9,3,0,8.1,1.5,15.5,1.9,2.1,31.3,12.5,4.3,10,97.1
2970.2,23,1,7,2.5,3,9.9,1.4,16.1,35.2,3.8,11.8,15.8,7.1,12.8,105.3
4475.2,1,3,8,3.2,1,9.4,1.5,16.2,9.3,2.8,34.2,7.2,1.6,8.2,107.7
3065.3,13,5,7,2.5,5,8.4,4.8,22.1,26.3,17.4,8.1,10.4,0.8,6.5,110.5
4088.8,3,2,11,2.4,2,6.3,1.2,4.6,9.4,4,10.8,8.5,8.2,9.2,101.8
2262.4,16,2,10,2.9,3,2.8,1.3,1.5,4.3,0.5,12.6,5.8,7,9.1,46
3799.3,12,6,4,2.1,5,6.5,2.6,9.7,21.1,6.5,7.2,7.5,9.1,14.5,121.1
4582.6,3,2,1,1.7,4,7,0,14.1,11.9,0.8,11,10.9,9.1,15.2,121.2
2946.2,2,4,3,3.2,2,2.8,2.8,7.1,7.3,1.9,24.6,8.8,3.5,6,61.3
1067.8,11,2,7,4.4,2,2.6,6.2,17.2,10.8,5.7,32.4,10.1,3.2,7.4,45.7
1490.2,21,2,11,1.6,2,4,6,1.8,1.3,0.5,21.6,12.9,4.4,13.4,59.4
1153.5,22,5,11,1.1,2,6.4,9.7,19.8,0.5,3.9,3.7,14.6,6.7,6.9,84.7
1384.9,7,3,7,2,2,2.9,1.2,18,17.4,6.1,10.8,20,0,7.2,38.7
1670.8,1,5,11,4.9,3,5.6,8.7,5.3,3.3,3.8,11.1,13.1,5.3,12.1,69.7
2864.6,5,4,3,4.3,2,9,3.9,7.5,32.4,3.4,38.4,7.5,0.2,10.1,97.5
3022.4,21,2,1,3.4,2,3,3.9,20.2,1.6,0.6,29.8,14.4,4.5,12.4,58.4
2247.2,9,7,10,4.7,4,9.7,3.5,19.3,25.5,1,32.6,8.7,0.8,4.9,90.2
3154,11,3,9,2.8,2,4.7,1.2,20.3,5.9,2.9,9.5,7.2,5.6,10.1,72.9
591.6,20,6,12,4.9,2,1,4.8,8.1,21.4,0.3,2.7,12.5,3.1,12.1,41.1
621.4,9,6,6,2.2,0,0.6,7.9,24.2,7.3,4.4,24.9,15.7,4.8,9.7,40.7
1024.8,9,2,12,2,2,3.4,8.8,17.9,8.4,0.5,12.5,7.6,9.6,5.5,80
2686.8,22,2,7,3.6,7,2.6,9.6,1.6,10.5,1.7,21.5,11.3,3.4,5.6,85
1227.2,2,6,1,2.5,2,8.4,7.9,11.9,61.1,0.2,22.9,11.8,7.2,11.1,97.7
1559.8,19,6,1,3.5,1,7.4,6.2,16.6,9.7,0.4,13.3,6.2,6.8,5.7,89.4
2121.5,9,7,4,2.2,3,8.8,5,4.2,17.9,1.8,30,4.3,8.7,7.6,104.8
4097,8,4,7,3.5,2,5.9,8.7,22.5,7.4,2,0.5,4.4,3.3,9.3,121.3
266.5,19,2,11,2.1,6,4.4,7.4,18.9,9.7,0.6,19.3,15.1,0.6,11.1,44.6
3317,18,6,11,1.2,1,2.7,1.6,2,7.7,0.3,26.1,8.1,9.7,7.2,78.5
3410.6,13,7,8,4.6,2,5.8,6.8,22.8,3.4,1.6,38.4,7.5,3.6,8.9,88.9
4033.5,1,1,10,4.5,3,6.2,4.3,10.1,15.8,3.7,19.6,11.3,1.9,8.4,85.1
4677.2,4,6,9,4.9,3,3.9,6,11.3,13.2,0.4,33.1,15.2,9.1,5.2,105.6
296.7,19,3,1,3.9,2,9.4,9,19.6,8.3,2.4,32.3,5.3,1.9,13.6,81.6
938.2,7,3,4,3.7,3,6.4,6.5,16.1,12.8,1,46,2.4,5.3,12.9,76.9
4453.6,6,1,4,3.2,4,8.4,9.4,10.9,7.8,5.7,21.9,15.9,7.6,13.4,142
2400.9,5,4,3,1.5,3,6.2,8.7,6.5,10.6,0.2,42.6,12.1,7.3,5.8,90.2
2910,10,2,7,1.8,1,3.2,1.3,12.9,36.4,0.1,27.7,5.7,0.3,10.2,66.4
3382.5,11,2,1,2.2,4,7.4,0.1,14.5,7.1,0.3,-0.4,8.2,2,8,82.3
3459.5,17,6,9,4.6,4,2.3,3.8,15.8,12.9,3.1,18.3,6,8.9,8.2,87.5
4672.4,18,3,8,1.7,4,6,8.7,15.1,28.8,5.1,7,12.6,5.5,4.8,147.3
4985.4,9,4,2,4.7,2,4,2.3,15.4,12.9,3.5,36.4,14.1,6.9,15.4,120.8
3656.8,20,4,2,3.1,6,1.5,6.9,11.9,4.5,2.5,20,12.7,4,15.3,92.6
1578.7,13,4,8,3.9,3,4.1,4.8,14,22.8,0.1,2.2,10.7,7.5,8.9,69.2
4422.8,2,6,11,1.4,0,3.1,7.5,7.2,2.3,0.5,28.6,11.5,2.9,14.3,93.9
436.3,17,2,1,2.1,4,1.1,1.6,4,42.6,5.5,33.9,7,2.3,8,58.9
1309.2,23,4,7,4.8,2,8.2,2.4,15.2,26.3,1.9,13.2,8.2,10,10.7,69.7
4507.5,14,6,9,2.1,1,5,2.4,1.2,9.8,1.3,12.6,10,1.6,12.9,82.4
1429.7,5,6,12,2.2,0,3.5,5.5,1.6,12.3,2.1,20.4,8.9,9.8,10.3,65.4
1259.1,9,1,3,1.8,2,5,2.9,6.2,12.8,0.4,-3.7,10,9.3,6,59.1
863,11,5,7,1.5,3,7.5,8.1,4.9,14.5,4.5,26.5,3.5,7.1,8.5,85.9
4323.7,6,4,6,1.9,1,0.2,3.5,9.4,18.5,2.1,38.3,13.5,5.8,13.1,87.8
2600.3,16,5,7,3.6,1,5.5,6.6,9.3,17.1,1.3,10.2,5.7,0,13.4,81.7
3439.5,0,2,7,2.8,4,4.8,9.5,2.9,3.2,1.2,40.1,1.6,6.4,8.1,107.8
1347.5,17,6,10,3.2,2,8.9,6.1,6.2,15.3,3.5,29.9,7.1,7.7,10.5,88.4
3838.6,14,7,1,1.5,0,5.6,2.4,0.1,17.9,0.7,17.1,9.1,7.3,6.5,111
3848,18,4,3,4.2,3,1.4,8.3,8.8,33.8,0.3,25.6,18.1,1.7,7,93.5
1700.5,0,7,10,4.1,4,3.9,0.1,19.9,12.4,0.4,37.2,8,5.4,5.7,40.2
2171.3,4,3,1,1.1,1,6.2,2.6,6.7,10.9,0.2,19.7,10.8,5.5,9.3,76.5
1206.5,14,2,5,2.5,2,0.5,3.9,16.1,11.3,1.4,22.7,11.3,6.5,12.6,31.7
4887.5,2,1,3,1.3,4,8.8,2,2.5,11.2,2.3,11.6,3.9,8.3,14.6,120.6
3298.9,0,1,1,4.2,0,0.7,6,0.3,11.8,5.4,16.6,9.6,7,10.5,78.9
4685.8,7,5,2,3.9,5,0.3,5.6,12.5,6.2,2.8,26.4,8.9,1.4,11.8,91.8
1656.3,11,6,10,4.6,4,0,4.1,11.5,12.7,1.7,15.8,10.3,0.2,7.2,26.2
3953.1,21,5,5,1.9,1,6.8,2.9,4.8,10.5,4,12,11.7,1.4,6.4,88
3876.1,18,3,11,2.8,3,4.6,4.3,7.2,7.9,4.5,31.8,13.4,0.4,8.7,95.4
3519.9,11,3,3,1.7,3,1,2.9,0.8,12.8,2.5,23.8,6.6,4.4,10.7,69.9
4835.1,12,1,6,2.5,2,8.6,2.2,19.9,20.1,0.1,12.2,11.9,2.8,4.4,121.4
2089.1,0,7,9,3.1,1,2,3.5,7.5,9.5,0.7,39,7.1,0.1,5.1,44.9
827.4,18,4,6,1.2,2,3.3,6,5.5,17.9,0.8,43.4,6.4,0.8,11.6,46.2
3424.2,5,1,2,3.9,1,1.8,6.5,20.1,12.9,11.9,30.2,17,4,6.4,97.2
3700.7,7,1,2,3.2,3,9.3,3,1,5.4,1.2,3.7,2.7,9.4,9.4,122.4
2960.3,3,7,8,4.3,5,7.6,9.5,7.1,6.7,2.9,22.9,7.9,9.9,15.2,102.5
1192.7,4,7,11,2.1,4,7.2,2.6,6.6,29.4,3.4,25.1,10.9,0.5,14.4,59.1
2621.4,21,3,8,4.6,6,0.4,7.1,6.6,8.2,2.1,-1,7.6,8.3,4.8,80.4
1698.5,6,7,6,5,2,5.2,0.8,0.3,34.2,0,32.3,10.6,4.8,4.7,47.5
2251.8,22,5,10,4.7,2,5.8,6.6,23.4,20.7,0,20.5,4.6,6.2,5.7,75.6
3297,3,3,7,4.1,1,3.8,4.6,21.6,17.1,3.4,31.5,2.6,5.1,5.4,94
3777,19,7,1,4.2,2,3.2,5.7,10.4,23,2.7,14.3,6.5,9.2,7,120.6
1314.7,3,6,12,3.3,3,8.5,1.8,11.1,6.6,1.5,23.8,10.6,4.8,8.5,55.9
2145.6,14,3,9,1.8,4,0.2,4.3,13.1,19.2,0.6,24.4,9.3,1.7,5,49.6
1492,20,3,5,3.7,3,6.3,7.7,12,43,0.2,20.3,12.5,7.8,9.5,95
1153.4,4,1,9,3.9,5,3.9,7.7,19.5,7.9,0.4,23.9,4.3,5.1,10.4,49.8
3960.3,23,4,2,4.9,2,6.7,2.4,12.2,26.2,1.7,16.4,7.7,1.2,11.9,109.3
4564.4,8,1,8,3.2,3,2,3.5,4.7,10.8,1.6,3.8,9.7,4.6,8.9,97.5
1977.1,1,2,7,2.1,0,2.4,0,2.9,12.3,5.7,-6.5,6.1,6.9,7.6,53.2
3806.1,6,3,11,3.7,3,5.9,0.9,23,12.8,6.3,10.6,10.6,3,11.7,91.7
4505.6,16,7,4,4.9,2,9.8,1.3,1.2,2.9,1.7,27.5,8.9,9.1,14.9,101.9
4261.4,15,7,3,1.7,2,9.7,2.9,22.4,2.7,3.7,5.5,11.9,8.5,8.8,117.7
1077.5,16,7,4,2.3,4,2.5,7.6,17.3,20.6,3.3,30.7,11.2,5.7,7.5,54.2
4790.2,19,3,4,3.2,4,1,5.1,10.1,7.4,2.8,34.7,2.6,0.5,12.6,91.5
2008,22,7,10,1.7,2,5.9,7.9,4.7,11.5,1.2,23.7,15.9,5.8,14.5,79.3
1828.4,1,2,10,1.1,3,4.2,7.5,7.8,28.3,1,16,1.3,4.2,15.5,89
499.7,10,3,8,2.3,6,7.6,5.9,13.2,7.9,0.6,30.3,3.8,7.2,6.6,76.4
2533.6,1,7,4,4.5,0,5.3,5,16.4,5,5.5,31.9,9.7,2.7,7.6,66.1
723.3,0,3,5,1.2,2,5.1,9.3,17.3,24.7,3.6,15.3,11.2,6.1,14.9,73.5
1393,1,6,2,2.7,0,6.5,5.7,11.2,28.5,0.4,19,8.9,5.5,7.2,85.6
1721.3,22,3,4,4,4,1.3,4.8,9.3,12.9,0.6,8.2,7.8,5.3,8.1,44.7
4082.4,8,2,7,4.8,1,6.8,8.7,19.2,8.1,1.7,21.4,9.7,1.2,11.7,104.5
4402.3,21,1,3,4.9,1,4.9,0.7,23.1,22.8,1.1,-6.8,12.1,4.9,10.8,92.1
1651.8,1,3,1,2.7,4,8.2,6.6,22.9,14,0.5,14.5,5.4,5.5,14.5,99.3
4321.8,14,4,8,4.8,1,1.4,1.1,13.8,5.5,3.1,7.8,5.5,9.3,11.3,67
4314.7,9,2,8,1.1,2,3,8.2,2,10.9,0,16.9,6.5,4.6,9.9,115.8
3870.3,14,5,6,4,1,9.5,7.9,1.8,4.4,0.8,8.5,15.3,6.4,4.9,109.8
904.1,9,6,7,3.6,6,5.5,5,10.1,11.8,5.3,-5,11.5,5.7,15.7,55
3513.5,22,2,10,2,8,9.3,6.6,18.3,22.5,2.9,10.2,12.3,2,9.1,122.6
4736.1,16,1,11,3,4,6.9,7.7,12.4,24.2,1,12.3,16.4,1.8,10.9,116.9
3476.2,8,7,2,1.5,2,9.3,4.8,15.7,6.9,5.3,30.8,13.1,7.4,10,116.8
1791.8,17,7,5,4.5,1,3.2,9.1,21.1,3.7,4.6,10.3,10.6,5.2,12.9,70.7
2602.8,3,2,12,2.4,3,0.9,4.4,1,18.2,0.1,7.8,16.2,9,11.8,70.2
3299.5,8,5,7,3.5,2,8,8.9,23.1,7.7,0.3,3.7,6.1,9.1,8.1,118
2650.7,15,7,9,1.6,3,8,5.8,8.3,16.8,1,31.7,8.9,3,10.2,83.9
775.8,3,6,1,1.8,5,6.2,4.3,1.2,4.6,5.3,15.3,14.6,1,13.9,54
1697.9,15,4,3,5,2,5.8,0,20.9,13.2,3.7,21.3,1.2,3.4,11.6,55.1
4051.5,18,5,6,4,2,9.1,3,23.4,11.5,0.1,-0.5,6.8,0.7,15.5,92.1
4334.8,0,2,7,4.8,7,1.8,8.7,19.2,16.3,1.4,-3.1,13.2,7.8,13,98.1
859,22,5,6,2.2,5,6.2,4.3,20.1,7.2,2.5,7.2,10.4,1.5,9.8,54.7
4771.5,5,7,1,1.7,5,0.5,4.2,21.8,5.4,0.6,37.5,12.1,8.7,13.7,106.4
1778.3,9,7,4,3,3,1.4,4.9,13.1,3,2.6,4.9,2.3,4.2,9.3,59.5
3379.1,15,2,6,3,2,4.4,2.9,17,4.7,0.9,10.5,6.6,2.8,6.6,81.8
3808.8,3,7,8,1.7,3,8.2,4.9,7.2,16.8,0.6,18.2,12.6,5,11.6,103.6
4097.3,21,7,10,3.9,4,7.3,3.8,6.2,8,1,10.5,6.4,6.1,8.2,103.5
4739.6,21,4,4,2.4,4,9.7,9.1,15.2,7.5,6,23.7,13.3,7,4.3,151.2
1702,12,4,7,1.7,1,0.4,5.6,18.4,23.8,4.7,8,11.1,3.4,6.6,53.1
4320.8,15,1,11,2.3,2,3.8,8.3,9.9,13,4.9,4.8,5.3,9.8,6,114
832.1,19,4,3,3.3,5,1.6,6.9,10,2.2,5,50.6,11.4,4.2,13.5,50.7
3584.2,5,3,8,3.9,1,0.4,2.1,23.9,31.9,0.4,6.8,13,8.3,12.7,66.6
3761.5,10,5,1,2.9,4,2.6,8.7,13,3.8,4.5,27.5,11.4,0.3,11.4,87.8
3453.1,23,5,4,3.1,4,2.4,0.9,24.7,45.4,0.5,6.7,12.1,7.8,15.2,92.1
1411.1,2,2,8,1.6,3,4.2,4.5,21.6,20.6,3.6,-0.5,3.1,5.5,6.1,71.3
4390.6,19,4,10,4.7,5,1.4,2.4,16,5.4,1.6,16.9,19,6.4,6,95.7
1010.5,9,1,4,4.7,3,4.9,5.4,0.2,14.9,0.5,1.9,20,3.7,14.9,46.4
457.4,0,7,2,3.7,6,9.2,3,7.4,45.3,1,13.3,15.7,5.4,11.8,65.1
3643.8,19,1,2,1.1,2,7.5,7.2,10.4,12.5,1.1,8.4,10.5,9.3,10.7,142.3
2482.3,10,1,4,3.1,4,8.4,9.4,16.3,3.9,2.6,33,8.4,3.9,12.9,100.8
4275.7,11,6,4,3.5,4,8,7.1,9.9,16.2,1.9,-0.5,8.5,1.1,7.4,117.4
2040.3,13,7,2,5,4,3.9,3.6,20.7,8.1,3.4,26.1,13.1,7.2,11.1,64.2
1007.7,7,3,7,5,3,7.1,6,16.6,13.9,1,21.4,14.3,5.1,9.1,69.5
4214.9,10,4,6,4.4,0,7.5,8.9,8.7,4.3,2.7,15.3,7.4,4.2,7.7,114.8
2834.8,3,7,11,1.3,0,2.1,2.7,19.6,5.9,3.1,8.9,9.9,7.8,14.5,73.3
1108.1,6,1,3,4.8,3,8.6,1.2,7.6,11.9,0.1,20.1,15,5.6,5.9,50.8
3657.8,9,7,8,3.5,1,4.6,1.3,1.6,11.8,0.9,20.7,9.6,6.3,4.2,82.8
2653.3,18,3,8,4.2,6,0.2,4.9,4.3,25.9,4.3,22.7,10.4,9.3,8.3,82.5
3100.7,3,5,1,2.6,4,6.4,7.3,0.1,42.6,2.4,14.8,15.5,0.6,6.4,98.1
2412.3,1,2,3,2.3,6,6.8,6.6,20.8,3.9,1.1,4.3,14.9,2.6,13.7,91.4
4177.8,20,4,5,2.9,1,5.5,4.5,15.7,8.6,0.4,28.5,13.2,9,5.5,105.1
4181.9,17,4,2,1.6,5,2.1,7.3,14.3,8.4,0.2,18,5.7,7.9,15.2,115.6
3605.1,13,6,12,2.4,4,4.8,6.3,16.6,11.4,0.5,10.6,5.8,1.9,6,97.7
705.9,15,5,12,4.4,4,4,6.3,16.3,6.6,0.6,6,7.1,1.7,14.7,47.4
4226.5,21,4,5,1.2,2,9.7,2,14.1,2.3,0.9,29.1,7.9,8.3,6,128.6
3420.9,10,6,11,1.6,2,8.2,3.1,21.1,15.8,0.4,34.6,10.9,5.5,4.6,108
3545.7,9,6,10,1.5,4,7.6,3.4,11,15.9,0.3,24.9,9.6,8.6,9.9,105.4
1942.3,16,6,3,2.6,3,1.8,8.1,20.1,20.9,3.7,25.7,9.4,9.2,8.3,70.9
4420.5,13,4,9,5,6,3.3,7.8,19.7,36.4,0.6,32.1,9,0.7,11.2,98.7
3681.8,21,4,11,1.7,2,3.8,2.5,5,15.9,1.6,13.7,6.5,9.7,11.7,86.4
740.4,3,4,1,1.6,5,4.9,0.6,11.3,22.2,0.4,43.6,8.2,7.2,15.2,51.6
2157.3,18,3,4,4.7,2,0.3,7.7,20.9,40.2,1.4,5.3,19.7,8.3,15.4,81.1
4454.6,1,6,10,4.5,1,5.9,4.1,20.8,8.4,0.6,15.1,12.8,6.3,9.9,97.6
426.5,6,3,6,1.1,2,3.6,2.2,0.6,8.4,0.2,8.7,10.1,3.1,6.5,29.4
4814.8,8,2,9,4,5,5.6,1.2,5.6,9.1,8.1,18.8,4,6,7,120.1
3460,18,4,3,3.6,3,0.1,0.1,10.6,25.1,1.2,38.8,6,5.2,5.2,69.9
3230.6,15,7,3,4.1,9,3.2,4.3,1.2,51.1,1,15.1,9.8,9.3,7.4,97.6
1498.7,21,5,12,3,1,7.7,3.4,6.5,9.9,0.4,23.1,15.4,5.6,14.9,67.1
1394.2,15,1,5,5,3,5,7,6.5,12.7,1.4,-16.9,10.9,0.3,8.4,66.8
4721.9,17,2,7,1.2,4,7.9,9.8,5.4,11.9,2,23.1,10.9,6.9,11.6,158.4
1631.7,22,7,5,1.9,1,7,2.1,9.9,18.7,0.7,30,14.4,0.5,15.8,61.1
3922.4,20,1,11,2.6,3,8.5,2.4,20.3,31,1.3,19.5,6.1,9.4,5.3,131.4
2087,20,1,8,2.8,2,0.1,3.4,6.1,39.8,0.5,5.2,15.6,4.9,13.3,62.9
868.4,10,4,5,4.7,1,2.6,4.7,14.6,11,1.5,3.6,8.5,9.7,12.4,44.8
251.4,6,5,7,3.2,3,5.5,7,13.9,6.6,3.1,11.3,14.6,0.3,13.8,29.5
2812.4,8,1,6,1.2,4,9.4,3.5,20.4,14.8,0.1,3.5,16.7,5.3,5.6,94.3
4883.7,3,6,10,2.6,2,6.8,1,9.8,11.6,1.5,36.9,6.4,2.3,10,94.3
1971.9,12,7,2,2.7,1,4.6,7.3,5.6,21.8,1,23.6,10,6.4,11.6,86.4
1914.5,3,1,3,4.9,2,1.3,7.9,22.3,7.6,0.2,35.3,13.2,5,13.1,49.3
1851.6,18,2,11,3.4,5,4.9,2.5,20.8,6.4,5.6,14.5,8.9,5.7,12.6,78.5
2698.6,1,5,11,3.5,2,4.4,1.4,15.5,15,0.6,8.8,9,3.6,10.9,72.2
2315.2,8,5,4,3.9,2,7.8,5.3,2.3,7.7,1.7,9.6,8.4,0.5,9.6,73
4423.6,11,1,5,4.1,0,4.1,2.1,0.4,40.5,0.9,12.5,2.6,1.1,15.3,98.8
2626.5,1,5,9,3.5,1,3.2,3.7,4.6,17.9,0.6,12.1,14.2,8.6,6.2,62.7
2637.2,5,2,6,1.9,1,0.9,7.8,4.9,8.7,1.5,32.7,6,7,6.5,71.9
864.2,4,7,1,4.5,0,0.5,2.2,3.4,17.1,2.3,29,0.8,7.7,5.3,27.6
4917.1,4,2,3,3.9,4,4.4,8.1,6.6,42.6,3.1,21.3,14.2,1.2,5.4,124.1
1399.9,19,2,7,4,1,3.5,6.7,8.4,4.6,2,-1.9,11.9,0.5,14.5,48.9
552.1,21,6,8,5,6,5.6,2.2,18.9,6.3,1.5,21.5,4.7,0.2,11.3,35.4
3383.1,4,4,7,4.2,1,7.1,5.3,17.7,2.3,3,14.3,14.3,5.2,15.2,96.5
3057.8,3,1,5,4.3,2,0.4,6.1,2.6,15.2,1.5,34.9,12.7,5,14.6,70.8
2192.7,8,7,10,4.8,3,5,2,24.4,17.6,7.3,28.7,10,1.1,7.6,73.3
2226.5,21,5,8,1.6,4,8.6,1.4,18.8,31.5,1.5,19.7,8.6,3.5,11.7,91.2
3968.3,9,2,9,3,0,4.6,5.3,4.1,12.2,0.8,-7.2,9.5,5.3,8.6,99.1
1139.4,15,1,7,3.3,5,5.2,6.9,3.1,12,1.2,16.4,10.8,6.8,14.5,62.1
4137.2,9,7,11,2.3,6,4.9,4.7,2.2,36.9,1.3,10.2,6.8,8.1,12.8,124.1
3314,9,7,9,4.4,1,3.9,0.7,18.3,10.8,0.7,22.9,14.5,6.4,5.5,67.2
2211.1,18,1,1,4,2,1.1,9.3,5.9,5,0.3,4.3,12.2,0.3,7,71.5
2398.5,9,4,9,3.9,1,1.3,6.9,1.8,6.5,1.1,21.1,9.5,5.9,11.9,64.1
1431.9,5,6,3,5,4,1.8,6.2,10.5,45.3,4.5,-8.6,17,0.9,7,50.6
3810.1,16,5,6,2,4,7.9,6.4,17.7,35.2,0.6,1.4,8.8,5.6,10.4,117.8
2661.8,4,6,8,3.9,4,2.8,4,7.6,7.3,0.9,7.4,16.2,3.8,6.9,55.1
1740.1,5,7,3,3.2,4,9.5,9.8,12.1,21.4,2.8,11.4,11.2,2.9,12.2,103.2
3061,23,5,4,2.3,7,8.1,1.3,4.8,7.2,0.2,22.7,13,4.8,4.9,89.8
4979.5,14,7,7,1.6,4,6.8,7.4,10.7,50.5,3.5,-1.9,8.5,3.8,12.7,148.8
2289.3,18,2,12,4.6,3,7.2,4.2,9,8.3,2.5,10.3,2.5,8.3,8,95.4
4619.3,17,2,7,3.4,8,0.5,8.8,10.8,5.2,1.6,10.6,11.9,2.3,9.4,105.1
1856.1,3,1,4,4.3,5,5.7,7.2,11.6,9.2,0.5,26.3,5.2,1.4,9.8,69
462.7,7,5,9,3.2,4,9.4,5.6,2.3,16.2,0.2,15.7,7.5,8.4,6.3,84.1
1180.4,15,5,3,1.9,6,0.4,9.4,2.3,5.3,0.5,6.4,10.3,2.4,15.3,45.1
2209.7,23,7,12,2.4,3,2.9,9.1,6.5,19.7,2.9,5.1,7.4,0.3,4,75.2
1254.2,18,6,8,2.5,3,0.5,0.5,2.9,4.1,5.4,11.4,9.9,3.9,8.5,19.2
201.1,19,2,8,4.9,1,5.7,1.9,6.3,28.3,2.7,-1.8,10.8,8.2,5.5,49.3
4592,2,3,4,1,3,1.2,6.8,0.6,23.3,1.5,37.5,4.1,4.3,8.3,96.1
4250.6,9,1,7,4.9,3,4.8,9.2,8.8,25.4,6,17.9,11.1,4.7,5.2,129.8
3763,1,5,4,4.9,4,7.2,4.3,5.3,15,3.5,7,7.5,0.5,8.5,98.8
1005.5,3,4,12,5,1,1.6,0.4,22.3,18,2.1,5.3,5.7,7.1,6.3,26.5
777.7,5,4,1,2.9,4,7.6,6.4,21.5,19.1,0.1,3.5,2,3.4,10.6,79.4
524.5,10,3,1,4.9,2,0.6,1.9,7.5,14.2,0.7,22.5,3.8,7.3,4.1,31.5
3675.3,13,2,1,2.6,2,1.5,5.5,11.9,17,0.7,-1.8,10.1,4.1,10.1,89.9
4658.3,15,2,2,1.1,5,2.8,3.8,23.9,4,0.9,15.9,10.2,5.3,7.4,104.8
2266.6,20,2,6,1.9,1,8,5.6,13.1,5.4,1,24.9,12.1,5.9,7.9,98
771.9,18,6,12,4.8,1,8.5,9.3,21.2,15.6,5.6,11,16.9,2,8.3,76
2659.5,1,7,10,1.1,0,2.2,4.9,20.7,4.8,2.7,5.9,15.4,2.9,11.8,66.1
1874.4,16,4,11,3.2,2,1,0.3,23.5,11.1,2.4,28.1,14,5.9,13.1,44.7
1999.2,8,2,5,1.3,5,8.5,5.8,7.6,4.5,1.1,4.4,14.7,8.2,8,98.9
3182.4,16,4,11,2.1,2,6.5,3.3,1.1,30.1,0.8,14.7,10.7,9.6,15.1,100.6
3649.8,14,3,2,1.4,2,1.6,7.8,2.6,3.2,0.3,19.4,10.7,5.2,13,83.9
730.9,6,1,8,4.4,1,5.6,4.7,14.3,13,1.2,10.8,16.1,0.7,8.8,34.4
370.8,21,7,9,3.4,2,8.7,7.4,13.3,2.7,0.5,3.6,10.9,9.6,5.2,74.4
4972.8,22,6,7,4.6,2,0.7,9.1,7.5,2.1,1,11.3,11,4.2,10.7,97.6
1317.1,18,5,12,3.8,4,0.8,3.6,6.2,9.1,0.3,22.1,14.7,1,11.4,33.8
458.4,2,3,12,4.9,3,2.7,9.9,17.7,27.9,0.8,9.3,8.9,9.7,5.6,62.4
1111.4,0,7,9,3,1,6.5,1.5,8.5,13.6,0.1,23.5,9.5,2.8,14.2,36.8
387,3,4,4,3.6,1,1.8,6.4,15.1,11.5,0,14.9,4.6,6.6,8.6,37.1
2080.7,17,3,7,3.3,2,8.2,0.3,17.8,2.5,4.1,10.7,8.1,1.4,5.8,69.9
4051.5,7,5,5,2.9,6,7.5,2.1,10.8,2.7,2.1,9.3,8.7,7.2,10.3,121.3
1838,18,7,5,4.4,5,5.6,6.3,4.8,17.7,1.8,20.8,8.9,9.8,9.1,94.8
2332.1,22,6,3,3.6,1,1.2,0.5,21.5,16,1.4,31.5,13.2,9.9,11.7,63.1
3442.8,22,1,9,4.2,1,9.9,1,2.3,30.2,2.6,19.5,6,1.3,6.1,105.5
2642.7,5,5,10,4.1,4,4.9,2.9,20.7,32.3,2.7,6.4,16,7.7,4.2,75.6
4334.9,0,7,5,1.8,2,4.5,5.8,20.9,60,5.5,31.1,1.8,6.6,9.7,131.7
4357,7,6,6,3.6,1,10,0.2,14.3,16.4,0.6,7.4,12.4,8,5.9,110.9
247.6,0,4,3,1.8,2,8.6,4.8,15.7,36.6,3.1,38.7,13.3,3.3,5.9,62
3934.6,18,5,10,3.3,4,4.6,6.3,9,51.3,9.5,16.1,12.8,4,12.1,134.3
2411.5,10,3,7,3.7,0,4.2,4,21,12.2,0.1,7.5,14.4,3.4,7.1,64.9
4946.4,20,2,9,5,4,1,0.7,6.6,16.6,0.9,24.7,9.2,7.7,14.1,85.5
2519.5,23,3,9,1.1,1,9.3,6.1,14,6.4,1.1,14.3,15,8.1,10.2,118.1
4937.1,14,4,10,1.4,3,8.4,6.1,0,20,3.5,23.3,7.2,2.5,11.3,122.8
3821.9,22,7,10,1.3,6,3.1,5.1,23.5,5.8,0,19.1,7.6,5.7,7.9,94.8
1393.3,10,1,5,2.6,6,7.5,6.9,23.7,8.2,1.8,1.4,18.3,1.3,6.7,75.2
2784.3,18,5,7,4.3,3,7.6,2.1,17.8,33.8,4.5,17.2,10.7,0.1,5.9,84.8
4962.3,20,7,12,4.4,4,2.3,6.8,10.6,8.9,0.3,24,13.8,6.1,12.5,116.3
4316.1,9,1,12,3.9,4,6.1,1.6,4.5,22.3,0.2,19.4,12,8.4,12.3,111.9
667.4,23,4,3,4.6,4,2.6,3.9,12.3,22.5,16.9,33.1,12.9,9.1,9.9,62.1
3590.6,11,5,6,2.3,2,7.9,0.7,19.8,1.9,3.5,21.7,2,6.2,13.4,98.5
1858.8,0,6,12,1.4,7,1.5,8.2,15.1,24.2,2.4,15.1,11.5,8.1,13.6,67.2
233.5,23,6,8,1.2,2,6.7,5.4,13.2,9.8,1,20.5,10.1,4,9.3,40.4
2136.7,6,7,8,4.4,4,3.3,9.7,21.2,7.5,3.8,12.1,13.9,8.8,11.8,83.3
1326.8,16,3,2,3.9,2,0.4,9.4,7.8,15.2,5.1,22.3,6.8,7.7,14.9,63.2
4130.6,9,7,6,3.8,5,1.2,10,21.5,10.1,2.6,22.3,14.8,3.1,5,96.1
1819.2,5,3,7,2.4,2,6.5,1,11,24.6,1,3.1,5.2,6,4.1,66.2
4172.1,16,4,12,2.5,4,2.4,6.1,0.1,20.6,1.8,27.3,8.2,0.5,9.7,96.6
202.9,17,6,7,4.8,3,6.3,4.1,18.3,42.6,0.2,44.8,3.7,1.5,8,41.6
1677.5,4,5,3,1.3,2,4.1,5.3,21.9,14,0.3,24.6,5.7,9.5,5,91.9
1357.6,17,6,9,4.1,4,6.9,3.1,12.1,12.1,3.1,-6.4,10,0.1,5.8,53.7
1321.1,16,3,2,2.2,3,4.9,0.5,11.4,62.5,0.1,12.9,15.5,2,7.1,64.9
527.3,21,7,11,1.2,0,3.1,7.1,20.1,26.7,0.1,2.6,10.1,1.4,5.2,55.8
1098.2,15,4,3,4,3,1.5,9.7,22.1,11.9,1.4,14.5,4.9,7,7.8,57.7
2866.6,7,6,11,2.3,4,3.4,5.3,24.4,43.1,0.4,26.2,1.6,1.1,5.6,98.6
1598.5,23,4,2,3.9,4,6.3,3.3,8.6,17.8,0.7,9.4,12.7,0.2,11.5,53.7
2203.5,12,6,11,3.8,2,7.4,9.4,14.9,8.9,1,40.6,7.4,9.3,12.4,93.1
2009,23,7,9,3.1,4,1.6,3.6,20.6,7.3,1.5,-16.6,7.9,8.7,13.3,51.7
4404.3,15,1,4,4.1,6,6.6,9.1,13.3,13.6,0.7,15,14.3,3.6,14.4,127.5
4545.4,10,7,2,3.3,4,1.8,8.6,11.5,16.3,1.3,22.6,9.5,1,4,99.8
2566.2,5,6,3,2.1,2,2.2,5.3,14.3,14.1,0.9,3.4,8.8,6.8,6.1,67.1
1784.7,2,3,4,3.9,5,5.3,6.8,8.9,16.2,0.2,4.9,10.6,8.8,13.8,71.6
712.6,0,7,10,3.4,3,2.9,7,4.8,24.6,4,27.1,15.9,9.7,4.4,57
4776.3,17,5,6,1.1,4,6.6,6.4,1.7,8.4,0.7,41.1,11,1.3,12,128.4
489.1,4,3,5,4.6,3,9.6,1.6,15.2,3.4,1.9,42.6,1.4,6,6.2,41
1628.7,12,3,3,3.2,4,1.5,6.9,9.5,5.7,1.7,13.8,6.7,4.3,10.1,53.2
1630.7,9,3,10,4.5,1,5.7,0,22.1,20.3,0.4,34.2,8.9,1.6,15.5,53.3
1737.9,4,4,8,4.5,5,9.2,7.1,5.6,8.2,0.1,17.2,13.5,8.1,11.8,94.9
988.6,13,2,8,2.8,8,1.8,5.5,7.8,15.3,3.9,29,5,7.8,8.4,51
3959.2,16,2,7,3,2,3.7,2.6,24.3,7.8,1.4,15.5,10.6,9.6,12.3,87.7
788,0,1,3,2.7,4,1.2,8,13.9,8.8,1.1,4.4,9.7,0.9,4.1,43.5
3247.6,1,3,1,2.8,4,6.4,4.1,8.7,16.7,2.9,37.2,14.1,2.4,15.4,93.1
794.5,6,2,5,4.6,4,6.7,4.9,21.5,21.1,0.1,40.4,6,8.3,8.1,74.7
538.6,9,1,1,4.2,4,6.6,0.3,18.6,14.8,2.9,13,10.7,4,15.8,58.2
4565.3,19,4,6,1.5,3,5.4,4,14.3,19.4,1.1,29.2,16.1,4.8,12.1,120.1
1112.6,6,3,11,3.4,4,7.5,1.7,22.2,4.1,1.6,16.3,13.6,6.1,7.4,56.2
4142,23,5,7,5,3,0.4,2.8,2.3,11.9,2.8,44.2,12.4,4.1,11.4,68.3
2814.2,15,4,12,3.4,2,9.6,2.5,9.9,10,1.6,0.1,8.8,0.4,8.6,87.2
573.7,4,1,5,4.1,1,2.2,0.5,20.3,21.6,0.1,15.9,10.6,6,11.7,26.4
4786.2,11,4,4,4.1,0,1.2,4.6,9.6,7.7,2.6,0.6,9.5,2.3,13.5,91.4
1385.4,16,5,2,2.4,2,9.4,5.2,23.2,3.3,3.1,-1,13.4,9.7,9.6,80.4
4326.3,15,4,5,2.5,4,8.3,5.7,3.8,3.2,1.2,16.6,12.1,6.9,6.7,117.7
1010.3,19,1,9,3.9,1,7.6,4.6,8.4,13.8,1.2,12.6,7.5,8.4,15.8,72.5
4298.9,15,5,4,3,1,1,8.7,10.6,17.9,0.6,5.9,17,9.5,9,96.5
263.5,18,5,2,3.3,1,8.1,0.4,17.2,16.4,2.1,28,14.8,0.6,6.1,45.5
2656.5,14,4,6,3.9,3,6.1,6.1,4.9,10.4,4.3,33.6,6.5,1.5,12.9,77.2
3893.3,11,5,8,4.1,1,7.3,8.7,0.2,9.5,2.1,24.2,8.6,8.1,11.9,123.2
4687,20,7,2,2.1,5,9.8,0.4,24.4,17.2,3,-4.5,9.4,8.8,13.8,137.2
4564.2,9,4,9,1.6,1,1.9,5,22.5,6.4,3.6,22.1,13.3,0,4,96.3
4134.2,21,3,7,2.2,2,5,5.9,7.5,11,0.5,22,6.8,9.5,8.2,116.7
4463.3,1,5,2,3,4,7.5,1.9,12.1,14,1,7.9,7.3,4.5,7.8,111.6
1156.3,6,4,11,2.4,0,4.3,2.5,12.2,39.3,1.1,22.2,13.5,4.6,15.1,50.5
1564.1,12,3,5,3.3,5,0.5,7.9,21.7,2.1,1.6,11.9,12.2,8.8,8.2,51.2
1587,2,5,5,1.2,2,1.1,5.7,14.9,8.6,0.1,8.2,2.2,2.9,10.3,49.1
2009.9,14,3,7,3,2,6,3.2,20.7,11.3,1.8,3.8,12.6,5.8,4,71.3
2087.9,0,6,5,2.5,6,2.9,7.6,22.8,33.9,0.2,28,4.1,3.3,13.7,71.2
2813.9,2,5,11,3.1,4,1.4,7.5,14.1,16.3,3.3,33.5,7.5,1.1,5.4,73.5
967.4,9,6,6,2.7,3,3.4,3.5,7.1,26.8,6.6,16.3,8.5,3.6,14.6,58.4
3518,14,1,9,2.1,1,2,4.9,12.5,2.2,0.7,29.8,8.1,1.7,12.8,59.4
1004.3,21,1,3,4.6,3,0.2,6.6,21.3,29.9,1.4,36.3,7.4,5.2,10.7,40.5
1689.5,5,4,3,1.7,2,1.5,3.4,14.6,5.5,3.5,19.6,5.8,5.3,13,66.8
2616.1,19,2,8,3.7,5,8.8,6.3,22.4,18.5,0.8,17.1,12,4.4,13.5,106.8
4022.9,14,6,10,4.7,1,0.1,2.5,22.4,14.1,0.3,23.6,3.5,1.7,13,70.9
3749.5,23,6,12,3.2,3,7.7,2.9,9.3,6.8,2.7,7.9,7.9,1.2,11.9,94.8
3298.6,20,1,6,4.5,4,7.5,3.1,11.2,2.2,2.4,24.6,13.2,1,14.6,84
947.7,6,6,12,1.5,3,5.6,9.4,16.9,26.1,1.7,19.8,11.6,1.1,9.1,81.8
2825.8,20,2,10,3,3,2.1,8.3,2.8,18.6,5.8,2.3,4.5,2.9,10.8,96.3
619.7,4,3,3,2.8,2,8.8,5.7,11.6,22.5,6.2,2.5,2.3,0,15.6,61.7
2011.3,3,3,2,1,3,4.8,5.6,3.7,20.1,4,6.2,5.6,0.6,8.5,74
2184.9,21,2,2,2.8,6,1.7,0.6,21.2,2.7,0.7,24.2,1.3,4.7,13,51.2
391.1,17,6,2,2.5,3,4.3,6.5,23.6,9,0.5,14,10.4,1.8,8.7,50.1
1515.1,2,6,5,3.7,3,1.9,3.3,3.5,18.8,3.6,17.7,8.2,2.6,9.6,47.1
4787.1,16,6,12,4.8,6,3.8,6.1,16.7,4.1,2.1,34.4,8.5,3.5,8,108.9
4777.4,17,7,5,1.3,6,5,8.4,15.9,12.7,1,23.3,12,0.4,5.8,135.1
1891.2,17,4,1,2.3,3,3.6,0.5,19,8,1.1,10.3,13.5,2.2,15.7,52.8
406.9,23,5,2,2.8,3,6.6,6.1,17.4,27.1,3.8,6.2,11,7.8,9.4,69
1059.7,23,2,2,2.8,4,9.4,5.6,5.4,19.9,0.4,21.7,9.1,3.4,7.4,79.1
2082.6,1,2,4,4.1,4,3.5,2.1,7.3,10.8,5.8,6.3,7.2,1.9,11.8,55.1
4749.3,12,7,7,2.8,2,3.6,6.5,4.1,11.2,2,33,8.6,2,5.3,100.4
877.8,21,2,3,1.1,0,7.4,5.5,23,14.8,3.1,20.9,10.8,9.8,10.5,82.5
3864.9,14,2,5,3.8,1,5.3,7.7,13,32.4,0.9,19.6,13.7,1.5,10.9,104.2
721.7,4,7,11,4.5,5,4.3,1.1,24.4,7.6,1.8,6.5,4.4,9.1,6.4,46.7
4910,2,2,9,3.1,1,8.1,4.4,11.2,6.7,2.8,25.4,5.5,0.8,15.5,117.8
2031.8,4,6,5,3.3,5,8.9,10,13.8,11.1,1.1,31.5,10,8.7,11.1,113.1
3921.1,4,7,9,1.7,3,5.9,6.9,19.7,15.9,1.3,16.4,1.6,5.1,6.7,101.2
1844.4,4,4,1,1.9,4,1.9,6.8,19.9,1.7,1.7,29.1,11.1,6.1,14,68.2
3212.8,2,1,9,1.9,2,4.7,3.2,5.8,1,0.1,13.1,14.2,2.5,7.7,77
1121.7,2,6,5,2.7,4,5,0.9,7.2,30.7,4,17.3,19.4,9,12.8,68.3
900.9,19,6,8,4.7,8,4.3,9.5,2.4,21,4,43,10.3,5.9,11.5,71.8
4702.7,22,5,5,3.1,0,2.6,1.1,20.1,2.7,0.7,13.5,13.4,6.8,5.9,75.1
4604.7,17,7,12,1.8,5,4.7,9.9,19.8,14.9,4.2,24.5,10.1,5.6,5.1,154.2
4459.9,19,1,6,2.1,0,4.5,1.3,2,5.3,2.7,13.3,16.5,1.3,11.3,81.6
3202.1,3,2,8,2.5,4,2.1,1.7,6.4,12.6,1.3,21.4,8.3,8.4,12,77.7
4079.7,0,1,2,3.5,2,9,3.1,11.2,10,0.9,26.4,11.3,1.8,5.6,111.1
531.4,15,4,3,2.8,5,8.9,5.1,13.5,3.9,1,7.2,12.4,2.9,6.1,60.9
1807,7,3,11,2.6,1,7.6,7.9,13.1,20,1.5,9.5,11.6,6.7,4.6,87.4
1705.8,16,6,9,3.3,1,4,9.7,24.6,15.5,1.1,24.8,6.9,0.9,5.6,65.8
3251.1,7,7,5,2,2,3.7,3.6,19.1,65.4,1.1,19.9,4.5,9.3,11.1,105.8
1908.6,6,7,5,1.3,4,7.2,0.2,2.8,6.9,0.5,32.1,14.1,1.2,6.4,55.7
912.8,7,1,9,1.1,1,6.1,6.2,7.3,36.7,2.5,21.2,11,6.7,7.5,78.6
3063,20,5,10,2,2,6,7.1,8.6,35.2,1.9,40.3,10.3,6.4,10.7,102.4
4109,23,4,3,1.4,5,1.2,4,7.9,7.8,9.6,26.4,13.6,7,9,101.9
2034.2,11,3,4,2.3,5,6.2,1.8,19.6,13.3,0.3,40.5,13.4,4.3,14.1,59.4
834.9,15,4,7,4.1,4,9,3.1,9,38.2,0.2,38.3,11.4,3.8,10.9,64.8
1144.1,11,7,2,3.9,1,0.9,6.6,12.3,8,1.5,10.3,12.5,9.8,5.6,44.8
1339.9,18,2,8,3.4,3,3.4,4.9,13.3,10.2,0.3,35.8,7.9,8.2,8.6,70.3
1639.5,9,3,5,4.4,4,5.1,7.4,6.8,38.5,1.9,29.3,12.1,4.9,7.1,89.9
3285.4,6,7,1,2.1,2,6.9,2.2,8.1,15,0.4,28.4,3.7,1.8,7.1,90.9
3084.5,11,5,3,4.5,2,0.9,8.4,19.5,13.4,1.3,32.2,10.1,8.9,7.1,80.7
3541.2,19,3,9,2.6,2,8.7,1.6,21.7,13.7,1.9,14.3,13,6.5,9,106.1
1940,4,7,5,2.6,2,0.4,3.3,0.9,13.1,1.2,21.9,7.1,1.4,5.6,30.8
4155.2,15,5,8,2.6,2,8.6,5.9,15.1,5.1,0.8,13,10.6,1.8,7,109.1
1179.6,8,2,1,1.4,4,0.3,7.4,15.8,12.6,3,45.7,11.2,5.4,12.4,68.4
2451.4,6,5,7,4.9,1,1.5,2.7,18.4,28.3,3.9,9,6.4,5,13.9,71.2
4044.5,19,4,7,1.6,2,8,9.5,17.3,8.4,0.7,2.7,14.5,4.1,4.2,139.2
1064.8,21,1,8,2.4,5,8.6,7.1,21.9,29.1,3.4,8.2,11.3,4.3,5,95.2
727.3,13,4,3,2.3,5,9.8,2.2,2,16.8,1,17.3,3.3,1.7,14.3,57.9
4441.7,10,7,1,1.3,3,1.2,7.3,9.7,7.2,1.3,17.3,10.4,2.6,6.6,102.1
1846.1,6,7,11,1.6,1,5.3,7,19.6,8.6,0.5,28.7,15.8,4.9,7.7,58.2
3482.6,9,6,9,1.2,3,0.8,7.5,21.2,36.8,2,18.4,10,0.6,8,91.6
321.7,8,4,1,2.2,2,1.6,9.2,6.6,14,0.2,12.1,7.4,3.5,14.4,55.8
3512.2,3,3,11,4.5,1,1.7,7.1,14.6,11.1,1.8,23.8,7.8,2.1,6,80.3
1717.3,15,2,6,2.4,3,0.6,3.5,4.5,24.9,9.2,32,9.4,1.7,13.8,46.6
467.6,9,6,9,1.5,7,8.9,7.9,21.3,0.5,2.8,20.5,5.2,1.5,9.6,73.7
3127.1,18,6,2,3.6,3,1.3,7,18.3,26.3,4.5,28.4,15.6,1.4,13.4,85.7
1355.9,23,6,4,5,3,6.3,5.7,5.6,26.6,1.2,19,13.7,1.6,12.3,51.7
2056.7,16,7,2,1.9,5,6.3,3.5,15.6,13.8,0.3,14.9,14.3,3.7,12.8,80.9
586.8,8,1,4,2.1,3,2,9.2,12.7,15.6,0.7,26.4,4,1,5.4,59.6
906.4,12,5,2,4.9,1,10,5.1,6.5,8,0.1,20.7,10.5,9,7.7,84
1630.3,0,3,12,1.7,5,3.5,6.3,22.3,9.2,1.4,30.1,14.3,5,6.7,80.9
630.8,1,7,1,3,2,9.1,4.2,3.7,20.7,2.1,36.5,6.2,5,5.5,67.2
4572,12,2,11,2,1,9.5,7.8,11.7,10.3,1.1,16.6,9.7,2.1,11.7,132.6
229,23,7,3,4.7,4,9.5,3.4,14.6,16.6,1.7,25.8,5.6,8.7,12.3,70.2
2522.5,8,1,8,4.9,3,7.5,8.1,20.6,11.2,0.8,30.8,13.3,8.3,5.7,104.2
791.6,6,7,5,4.3,2,2.5,1.1,3.8,22.1,0.2,22.9,9.1,0.3,13.2,17.6
1676.9,15,7,4,2.3,4,1.2,7.1,15.2,3.9,1.1,24.1,9.6,7.3,7.4,56.9
4645.1,18,4,5,2.6,0,5.7,4.8,0.2,26.4,1.6,19.7,5.5,1.8,8.5,116.8
976.1,6,2,6,2,2,3.6,7,20.6,14,8.1,21.1,16.2,5.6,15.9,56
4836,5,6,6,4.6,3,8.3,5.3,5.9,25.8,0.9,24.3,10.2,8.7,6.3,136.4
1187.8,17,2,5,4.7,3,7.4,1.3,18,4.8,2.3,10.7,13.2,9.3,5.4,59.5
3759.5,18,2,12,2.7,2,2.8,4.8,15,28,3.5,-2.4,11.5,1.8,7.2,115.1
2824.1,10,4,11,3.6,3,0.2,9.6,1.3,5.1,0.8,16.9,6.4,9.4,15.2,82.3
4445.5,11,5,12,1.7,3,2.4,7.5,4.6,22.7,5.3,16,3.4,0.7,5.4,115.9
2859.2,9,7,6,2.7,3,5.7,3,6.7,18.4,0.8,37.4,9.2,9.1,11.4,92.1
2765.9,12,3,9,3.5,2,0.8,9.4,22.2,7.3,7,21.6,14.4,7.7,13.5,74.6
1138.2,11,6,5,2.5,1,6.6,7.8,12,25.4,0,24.7,2.1,9.1,15.1,79.9
997.9,20,5,6,2.4,6,6.7,3.6,22.8,7.5,2,13.1,17.8,3.7,9.7,73
4599.1,9,1,4,1,3,1.7,6,1.2,11.1,3.1,10.8,13.3,9.4,9.5,111.8
1773.6,19,7,3,4.2,1,6,4.3,0.2,6.4,0.7,8,10.8,8.2,13.9,74.4
1986,17,6,12,4.6,3,6.1,1,23.7,9.9,0.2,2.9,9.5,3.3,6.4,74
3847.2,3,3,6,4.9,5,4.8,8.1,18.1,14.5,0,26.7,13.4,3.4,9.5,98.9
1826.4,23,7,11,3.9,0,9.5,1.9,19.6,7.2,0.2,21.7,5.1,3.6,11.7,68.2
4769.9,4,1,11,3.2,3,1.1,4.6,22.9,13.2,1.6,35.7,11.8,5.9,12.4,92.1
3742.1,4,4,5,2.1,5,4.1,7,24.6,23.8,3.7,24.6,11.2,1.8,5.3,106.9
3067.7,11,5,4,5,2,8.8,9.3,2.4,4.3,0.1,20.9,17.2,4.3,14.4,110.4
4428.3,2,7,5,3.4,5,3.9,0.6,4,6.9,0.2,-5.8,8.5,0.7,13.8,82.8
438.1,7,6,7,3.7,5,4.2,3.9,4.7,16.7,0,40.9,10.2,3.6,7.8,45.1
1433.9,21,2,1,3.7,1,6.7,6.1,20.5,3.4,0.7,18.5,9.7,6.7,9.7,74.9
2432.2,1,3,1,4.4,3,6.7,7.8,8.9,24.8,5.1,-7,7.9,5.9,8.6,102.9
1289.5,17,7,11,1,3,0.2,9.2,14.8,37.3,0.6,20.7,15.9,3.2,15.8,61.2
3770.7,8,6,1,1.9,2,4.6,0,21.4,12.6,1.2,8.3,6.1,2.6,11,88.8
4612.2,12,2,2,3.7,7,3.3,6.3,17.1,9.5,0.4,7.8,3.9,3.3,7.2,117.9
2234.1,6,6,9,4.6,7,6.3,0.1,1.6,13.1,0.2,21.2,11,0.7,13,55
1842.2,9,7,5,3.7,2,5.6,7.9,11.1,11,0.4,11,7.1,2.6,13.9,73.2
4815.4,8,1,9,2.7,1,6.5,1.5,1.7,28.9,0.5,30.3,11,7.1,12.7,121.1
2335.3,21,2,5,2.4,3,6.5,8.9,12,11.6,0.3,16.6,12.5,1.8,5,84.1
2547.4,14,2,7,4,2,2.5,1.6,5.5,22.9,3.1,22.8,10.6,1.4,7.5,53.7
1887.9,4,6,6,4,7,2.5,7.6,0,13.3,1.3,24.8,10.1,8.5,8.3,61.4
4565.8,11,4,2,3.4,3,3.7,2.9,20.3,6,1.6,21,1.8,2.4,6.6,101.2
2931,0,7,3,2.2,3,2.4,5.6,24.2,27.5,0.9,20.6,12.2,2.5,9.8,77.9
3858.4,11,4,5,4.7,7,6.8,6.1,24.1,26,0.5,19.7,10.8,4.6,7.8,118.1
4096.7,21,5,4,3.2,3,6,2.1,7.5,6.7,0.2,35.9,17.5,4.7,4.4,86.2
1840.9,5,1,11,4.2,3,2.2,3,20.7,11,0.2,28.1,14.5,1.9,11.8,44.2
2281.7,18,4,6,1.9,6,8.8,1.1,17,21.9,0.4,9.7,4.1,5.6,9.2,91.5
4272.7,18,6,8,2.4,4,4.6,0.1,20,12,3.8,4.7,14.2,7,4.3,105.5
1943.6,15,7,8,4.5,3,1.3,2.4,21.2,25.5,0.5,8.5,4.8,4.8,15.2,60.7
4010.9,18,4,3,1.2,4,2.1,5.2,24.5,10.3,0.9,23.1,13.3,9,11.8,107.3
4716.8,2,5,4,3,4,5.4,7.1,3.8,6.8,1.7,4.7,15.8,9.9,4.9,114.6
3191.4,22,3,1,2.9,1,3.4,7.9,19.2,29.4,1.4,10.2,17.5,5.3,14.7,102.2
3759.8,9,5,2,4,2,8.5,0.7,18.4,3.1,2.2,1.9,8.4,9.7,9.1,114.8
4064.5,17,2,9,2.1,3,4.9,2.7,7.2,24.3,0.4,29.2,12.8,6.5,6.9,111.3
4256.2,12,7,12,1.9,2,9.2,7.7,9.8,6.2,1.5,26,14,5.3,4.6,140.1
2096.3,17,2,10,4.7,0,1,4.8,4.4,18.4,2.9,28.5,11.9,8.7,12.9,56.5
446.1,2,4,10,3.3,1,6.7,1.8,22.8,42.4,1,12.3,3.3,9.7,15.6,57.5
2129,22,4,2,1.4,0,8.9,3.9,22,1.6,7.1,-3.1,10.6,10,6.2,106.5
3434,2,5,12,1.8,3,2.9,2.7,15.4,7.1,1.7,8,12.3,7.6,9,95.5
2361.7,22,5,6,5,0,1.4,0.5,12.8,20.4,2.2,1.8,10,4.9,6.9,47.6
3795,11,6,7,1.8,2,4.6,7.6,5.8,7.1,1.2,1.7,6.6,3,10.9,95.5
1913.5,19,1,6,3.4,1,9.6,2.9,19.7,23.5,3.9,31.6,9.2,5.6,14.5,93.8
3246.8,6,6,8,2.7,2,6.3,9.5,0.2,27.3,1.2,15,13.6,7.8,5.6,114.9
1094.8,23,2,9,4.5,0,6.4,8.9,11.6,6.6,5.7,21.5,11.6,0.3,7.6,51.7
3797,7,6,8,4,7,6.7,7.2,21.5,35.5,0.7,31.2,11.9,2.7,6,117.5
2819.3,8,5,5,3.4,3,0.4,3.3,15.5,33.3,4,5.8,9,3.5,6.7,76.1
1179.5,13,7,8,1,2,4.5,2.8,15.9,5.5,2,25.4,11.7,7.8,5.6,59.2
1601.2,4,6,10,4.5,4,0.8,4.8,1.8,10.9,3.2,0.6,1.6,6.1,11.6,56.8
3793.3,20,3,10,2.8,1,3.2,3.5,7.2,13.7,0.1,21,9.8,4.3,4.5,90
2516.5,18,1,9,4.7,4,8.2,9,16.8,12.4,0.6,30.8,8.5,9.2,12.7,116.3
1237,20,5,8,3,5,6.6,1.2,1.2,7.3,3.8,4.3,10.1,5.4,5.7,58.7
4842.9,15,7,2,3.8,3,10,7.2,8.3,6.2,0.8,27.9,5.3,7.2,7.2,147.4
3632.6,23,4,2,1.3,2,1.7,6.1,8.8,13.6,2.5,20.7,11.5,6.6,8.1,90
4794.2,11,6,12,4,0,4,8.1,12.5,26.4,9.7,12.5,17.7,8.6,8.6,128.5
2250.1,20,5,3,2.4,0,8.1,5.4,9.1,10.5,0.4,3.6,10.3,8.1,6.1,91.5
2480.5,3,4,7,2.4,4,2.2,6.3,11.4,22.4,1.1,20.9,10.2,9.9,9.9,70
4510.2,7,4,9,1.5,0,1.5,9.6,13.7,23.4,0.4,23.9,20,3.8,14.7,125.4
2720.2,6,2,8,1.6,4,4.3,0.9,3.2,8.3,0.3,14.2,6.2,1.6,9.5,68
3594.9,14,2,9,1.7,5,3.8,1,4.5,6.5,2,6.2,12,7.6,4.3,90.6
1410.4,5,7,6,2.3,2,9.8,3.9,20.8,3.5,0.4,27.1,16.3,8.7,8.4,81.3
2344.3,4,5,1,4.6,0,4.6,4.7,11.5,16,1.3,32.2,8.4,0.5,8.8,74.1
792.6,13,7,12,2.5,1,8.6,2,8.9,26.9,7.6,29.4,13.4,3.3,7.4,65.4
1188.7,20,5,4,3.9,6,8.9,0.8,10.8,19.6,0.8,37.1,10.7,8.1,7.6,79.6
204.5,12,3,6,1.3,1,1.6,0.2,4.4,28,4.1,10.2,5.7,6.8,6.4,29.4
388.5,9,1,12,3.4,0,7.2,7.6,6,11.8,1,1,9.3,7.6,15.5,71.8
4891,17,1,6,2.9,2,2.8,4.9,12.9,2.5,0.6,22.9,9.9,5.4,10.4,98.7
1363.3,3,5,8,4.9,3,0.9,8.4,9,5.1,0.8,13.2,7.5,3.8,10.4,42.6
3383.9,7,2,1,4.4,7,8.7,3.6,11.9,4.5,0.3,29.9,3.6,8.1,9.1,115.7
4227.7,23,6,11,2.8,3,2.9,7,3.7,21.5,2.3,5.6,8.4,5.5,11.4,99.6
2843.2,10,7,2,4.1,4,3.5,4.9,3.9,16.1,1.4,6.4,4,5.2,9.1,84.5
935.1,16,3,2,1.8,4,3.2,6.1,9.6,8.4,1.9,18.8,12.2,7.3,12.3,62.3
3695,17,1,6,3.2,1,2,3.7,9.5,3.6,0.7,20.1,12.2,1.9,5.1,82.9
3081.2,20,5,11,1.3,3,4.3,0.8,22.1,9,2.1,26.1,4.9,5.9,4.4,88
3710,10,2,7,2.4,1,4.3,9.5,0.8,17.8,0.4,16.8,10.3,3,10.7,101.4
3894.8,15,2,2,1.9,4,4.1,8.4,24.8,9.7,2.1,-5,4.6,0.2,12.8,106.7
4882,11,2,5,3.9,4,9.2,3.1,23.9,9.8,0.2,59.4,8.6,7.5,12,125.4
2953.1,12,7,6,3,5,3.4,9.6,13.6,16.7,1,18.4,7.3,4.7,8.8,89.6
1839.9,15,6,4,4,3,0.3,3,18,10,1.9,52.7,11.9,9,4,41.2
3312.6,22,4,1,3.1,6,1.8,4.4,23.4,39.9,3.9,16.5,3.5,5,5.4,100.6
528.5,20,7,3,1.3,3,7.2,7.6,6.3,26.6,3.3,5.4,13.9,0.1,8.7,74.1
4507.5,0,6,10,3.9,2,5.9,3.1,7.9,4.6,1.5,14.2,14.9,4.1,12,85.5
773,15,2,9,4.3,1,9.5,3.2,2.8,32.3,4.3,31.2,9.4,1.7,7.7,55.9
1773.6,14,5,6,4.6,7,6.9,4.1,14.1,11.6,1.4,25.4,4.6,9.2,10.4,87.4
4115.6,5,3,2,3.3,8,1.9,4.7,4,19.8,1.5,21.7,1.6,4.5,6.1,112.1
3067.1,11,6,9,4,2,1.2,1.2,23.3,37.4,2.5,17.3,14.4,5.1,6,72.3
